center_id,meal_id,checkout_price,base_price,lag_1,lag_2,lag_4,rolling_mean_4,rolling_std_4,num_orders
10,1062,191.09,191.09,6.852242569051878,7.02197642307216,6.792344427470809,6.872734272409484,0.1024604061274714,958.0
10,1109,292.03,292.03,7.552762084214147,7.501634457883413,7.277247726631484,7.441032019161541,0.1197979262630061,1525.0
10,1198,171.75,171.75,6.293419278846481,5.602118820879701,6.38856140554563,6.0177492216596296,0.3827692335105734,406.0
10,1207,388.0,390.0,5.652489180268651,4.919980925828125,5.170483995038151,5.163902246717745,0.3470750918905237,54.0
10,1216,417.13,418.13,5.442417710521793,5.905361848054571,4.68213122712422,5.319233714465268,0.5065682901272327,215.0
10,1230,382.24,382.24,5.017279836814924,4.912654885736052,4.812184355372417,4.911848464090456,0.0838502088648234,68.0
10,1247,447.23,445.23,3.367295829986474,2.70805020110221,2.6390573296152584,3.020424797672604,0.4015212988920956,14.0
10,1248,164.96,163.96,5.648974238161206,4.812184355372417,5.25227342804663,5.364908803030102,0.4259380330983362,244.0
10,1311,192.09,193.09,6.2166061010848646,6.368187186350492,6.343880434126331,6.272470260814191,0.0996015204875142,1027.0
10,1438,194.0,194.0,3.9889840465642745,5.003946305945459,4.912654885736052,4.478229605869564,0.5556401799709747,107.0
10,1445,728.53,728.53,5.739792912179234,6.07073772800249,3.737669618283368,4.81544308129235,1.265688564942074,108.0
10,1525,321.13,320.13,6.0063531596017325,6.39024066706535,6.159095388491933,6.1645619524431465,0.1631310353360676,500.0
10,1543,485.03,485.03,5.497168225293202,5.786897381366708,5.318119993844216,5.478847894886479,0.2224865711940993,351.0
10,1558,564.6,564.6,4.90527477843843,5.099866427824199,6.610696044717759,5.797379354485258,0.921321848853348,149.0
10,1571,639.23,640.23,5.318119993844216,6.008813185442595,5.598421958998375,5.541775538336207,0.3470695886754476,270.0
10,1727,464.63,466.63,6.80903930604298,6.8658910748834385,6.851184927493743,6.822500054245649,0.0459076234441797,864.0
10,1754,320.16,318.16,7.057897937411856,6.880384082186005,6.763884908562435,6.888866505336594,0.1231922844867993,1027.0
10,1770,484.03,486.03,3.7612001156935624,4.23410650459726,2.772588722239781,3.75409764614499,0.6923986567982146,122.0
10,1778,191.12,192.12,7.069874128458572,6.853299093186078,6.97354301952014,6.918875284712492,0.1287306820125016,904.0
10,1803,169.75,171.75,6.495265555937008,6.340359303727752,6.364750756851911,6.332900526499953,0.1506706015584607,406.0
10,1847,196.0,196.0,2.70805020110221,4.418840607796598,0.0,2.710115718900779,1.938332347154472,69.0
10,1878,321.13,319.13,3.367295829986474,4.812184355372417,4.23410650459726,4.2470744171148835,0.632685674407293,67.0
10,1885,158.14,158.14,7.552237287560802,7.594381242551817,7.558516743045645,7.588111026378625,0.0436136163225905,1592.0
10,1902,446.23,445.23,5.017279836814924,4.394449154672439,4.574710978503383,4.558733803010027,0.3335451721737738,54.0
10,1962,563.6,562.6,6.317164686747284,6.340359303727752,7.229113877793302,6.763611763146195,0.5028337732128609,647.0
10,1971,344.35,346.35,6.131226489483141,5.25227342804663,5.170483995038151,5.5381014678915745,0.4367593264007521,258.0
10,1993,157.14,158.14,6.851184927493743,6.748759547491679,6.665683717782408,6.760818696600737,0.0766927225500299,190.0
10,2104,640.23,639.23,5.247024072160486,5.318119993844216,5.017279836814924,5.268871336540044,0.1970297946405375,175.0
10,2126,484.03,486.03,4.23410650459726,2.70805020110221,3.9889840465642745,3.409797738341489,0.8164641110303376,136.0
10,2139,285.18,285.18,5.017279836814924,5.003946305945459,5.087596335232384,5.151497675821492,0.2333504840085417,162.0
10,2290,289.09,290.09,7.62657020629066,7.63433723562832,7.703459047867175,7.688869000099046,0.076421734538699,1702.0
10,2304,486.03,486.03,5.313205979041787,5.241747015059643,4.406719247264253,4.839030349009531,0.5071385636692148,188.0
10,2306,238.65,335.62,5.003946305945459,4.007333185232471,4.219507705176107,4.6017342322319665,0.5747861752956973,271.0
10,2322,386.06,386.06,5.093750200806762,5.313205979041787,4.812184355372417,5.0078312226483455,0.2430303177245438,297.0
10,2444,727.53,728.53,6.008813185442595,6.318968113746434,3.367295829986474,4.756820409837676,1.629734168361627,26.0
10,2490,275.54,274.54,6.410174881966167,5.8289456176102075,5.552959584921617,5.871453055825174,0.3764088661813405,244.0
10,2492,389.03,388.03,5.017279836814924,5.556828061699537,5.497168225293202,5.474319057797028,0.3365977967507198,203.0
10,2494,195.0,194.0,4.564348191467836,4.007333185232471,5.087596335232384,4.587656398540458,0.4464714132357331,189.0
10,2539,159.11,158.11,5.6937321388027,6.340359303727752,6.131226489483141,6.11514598336331,0.2949646711307696,378.0
10,2569,242.56,327.89,6.731018100482083,6.100318952020064,6.295266001439646,6.384605330412922,0.2642868466044838,1027.0
10,2577,321.13,319.13,4.90527477843843,5.170483995038151,5.598421958998375,5.306785079349144,0.3293642684967294,243.0
10,2581,562.6,564.6,6.100318952020064,6.186208623900494,6.699500340161678,6.370700726567025,0.2775773440565631,284.0
10,2631,164.93,164.93,5.497168225293202,5.605802066295998,5.746203190540153,5.636566742158689,0.109638875982545,339.0
10,2640,321.13,319.13,5.940171252720432,5.501258210544727,5.552959584921617,5.732320810951591,0.2379062539664841,108.0
10,2664,244.5,328.83,6.763884908562435,6.293419278846481,6.38856140554563,6.51006976317608,0.2107428927338716,919.0
10,2704,319.13,321.13,5.605802066295998,6.003887067106539,6.131226489483141,5.911569367735062,0.2238332598772428,366.0
10,2707,239.65,239.65,7.167809184316444,7.034387929915503,6.9975959829819265,7.078640636395084,0.0769910359944525,1297.0
10,2760,162.99,242.53,6.9985096422506015,5.602118820879701,6.042632833682381,6.1445388731080675,0.5993945053913344,1107.0
10,2826,377.33,377.33,6.535241271013659,6.748759547491679,6.7464121285733745,6.681861798686299,0.1006145056255382,662.0
10,2867,648.02,727.53,5.786897381366708,5.780743515792329,3.737669618283368,4.650286845361683,1.3212646396565175,42.0
10,2956,642.14,643.14,5.497168225293202,5.0106352940962555,5.940171252720432,5.4558132949485145,0.3833980446960626,161.0
11,1062,179.51,177.51,6.682108597449809,6.455198563340122,6.555356891810665,6.571769378087593,0.0940666825900176,728.0
11,1109,271.6,272.6,6.894670039433482,6.985641817639208,6.839476438228843,6.854822158865803,0.1198081733644393,998.0
11,1198,169.75,219.22,5.093750200806762,5.442417710521793,6.133398042996649,5.579635048121603,0.4345012697935032,298.0
11,1207,377.39,375.39,4.574710978503383,4.700480365792417,4.700480365792417,4.786538926281592,0.2627400787529826,188.0
11,1216,435.56,435.56,5.181783550292085,5.087596335232384,4.248495242049359,4.563886186464299,0.6923810938839116,109.0
11,1230,365.75,364.75,5.170483995038151,4.700480365792417,4.804021044733257,4.942183901592648,0.2255385037036015,136.0
11,1247,447.23,447.23,2.6390573296152584,2.772588722239781,0.0,1.35291151296376,1.563158508069231,13.0
11,1248,164.93,164.93,4.007333185232471,3.713572066704308,4.418840607796598,4.0934630910826595,0.3040760043327732,82.0
11,1311,188.21,188.21,5.82600010738045,5.697093486505405,6.214608098422191,6.01951524900895,0.306814835753867,392.0
11,1438,195.0,194.0,4.700480365792417,5.940171252720432,5.017279836814924,5.089602955280048,0.5863815144239065,162.0
11,1445,727.53,727.53,5.099866427824199,5.442417710521793,3.713572066704308,3.563964051262575,2.490770066819252,53.0
11,1525,319.13,319.13,5.37989735354046,5.552959584921617,5.905361848054571,5.52262305364082,0.2833542161367954,229.0
11,1543,486.03,484.03,4.248495242049359,4.90527477843843,5.003946305945459,4.597955707757627,0.4138366170179134,108.0
11,1558,563.6,564.6,5.003946305945459,4.68213122712422,6.53813982376767,5.700171731471393,0.9985363848300978,148.0
11,1571,590.73,591.73,3.7612001156935624,4.02535169073515,4.23410650459726,4.006997874064611,0.1935043867742401,0.0
11,1727,464.63,465.63,6.318968113746434,6.343880434126331,6.343880434126331,6.386217201441692,0.1019603300368838,567.0
11,1754,314.31,315.31,6.664409020350408,6.682108597449809,6.761572768804055,6.65083898563532,0.1119925551516316,809.0
11,1770,486.03,486.03,4.219507705176107,0.0,3.332204510175204,2.5810752343977734,1.8209231113071611,0.0
11,1778,179.45,181.45,6.779921907472252,6.699500340161678,6.79346613258001,6.8176210907989665,0.1269490238605636,769.0
11,1803,186.3,208.61,6.042632833682381,6.161207321695077,6.364750756851911,6.152211405876695,0.152529414828897,620.0
11,1847,195.0,195.0,4.564348191467836,5.241747015059643,3.332204510175204,4.38928508112482,0.7907024944201811,94.0
11,1878,321.13,321.13,4.820281565605037,3.332204510175204,4.248495242049359,4.328409050891413,0.7261981983938043,68.0
11,1885,157.14,158.14,7.3914152346753585,7.275864600546533,7.266827347520591,7.27567177000163,0.0911838432577448,1621.0
11,1902,446.23,445.23,3.7612001156935624,0.0,0.0,0.940300028923391,1.8806000578467832,27.0
11,1962,562.6,562.6,5.648974238161206,5.902633333401366,7.4073177104694174,6.549535063952948,0.9020238534585984,270.0
11,1971,344.35,344.35,5.780743515792329,5.697093486505405,5.556828061699537,5.752753993323801,0.1753701389473467,177.0
11,1993,157.14,157.14,6.879355804460439,6.594413459749778,6.934397209928558,6.845661346290955,0.1719775522970609,203.0
11,2126,486.03,486.03,2.772588722239781,2.772588722239781,2.6390573296152584,3.150768845472854,0.8477214717663857,15.0
11,2139,288.12,289.12,4.553876891600541,4.68213122712422,3.713572066704308,4.06135426285835,0.6670611966014686,122.0
11,2290,285.24,284.24,7.022868086082641,6.729824070489475,6.763884908562435,6.762954584037052,0.2004219531432864,566.0
11,2304,486.03,484.03,3.9889840465642745,5.003946305945459,4.394449154672439,4.281262281366386,0.5525706644304534,80.0
11,2306,242.5,337.62,4.02535169073515,2.772588722239781,2.772588722239781,3.06964483407923,0.6378638678221914,107.0
11,2322,368.6,369.6,4.912654885736052,5.170483995038151,5.375278407684165,5.195356816899194,0.2075300362284776,229.0
11,2444,728.53,728.53,6.068425588244111,5.6937321388027,3.7612001156935624,4.882672756993212,1.1672970699747098,28.0
11,2490,290.03,292.03,5.905361848054571,6.068425588244111,5.940171252720432,5.840174015171355,0.2715020405915579,270.0
11,2492,388.03,388.03,3.713572066704308,3.7612001156935624,4.007333185232471,3.5302906743114,0.6079412446503638,67.0
11,2494,194.0,195.0,4.919980925828125,5.087596335232384,4.804021044733257,4.631292593124519,0.6227894617790101,134.0
11,2539,160.11,158.11,5.8664680569332965,6.244166900663736,6.29156913955832,6.102139314189271,0.2006418226312508,447.0
11,2569,241.53,308.52,6.851184927493743,5.25227342804663,5.0106352940962555,5.665792433632962,0.8203671771491912,513.0
11,2577,319.13,321.13,4.68213122712422,3.737669618283368,0.0,2.104950211351897,2.4609798478362666,27.0
11,2581,564.6,563.6,5.181783550292085,4.804021044733257,6.699500340161678,5.763373030384378,0.913005487222413,216.0
11,2631,163.93,163.93,3.9889840465642745,4.68213122712422,4.564348191467836,4.582303416490773,0.4560313109859298,69.0
11,2640,320.13,320.13,4.820281565605037,4.574710978503383,4.804021044733257,4.693431141836265,0.1372468712414228,67.0
11,2664,235.74,307.52,6.839476438228843,6.159095388491933,5.648974238161206,6.171950194039849,0.4955145754041846,528.0
11,2704,321.13,319.13,5.176149732573829,5.099866427824199,5.3230099791384085,5.261440877800687,0.1543874209229708,161.0
11,2707,237.71,236.71,7.033506484287697,7.035268599281097,6.630683385642372,6.884733726860002,0.1926861690370412,1202.0
11,2760,170.78,242.53,6.040254711277414,4.6913478822291435,5.501258210544727,5.116741827162136,0.8084417145021253,339.0
11,2826,365.69,365.69,6.159095388491933,6.553933404025811,6.413458957167357,6.405438326405528,0.1740391649605395,432.0
11,2867,727.53,727.53,5.241747015059643,5.176149732573829,3.332204510175204,4.130672495012114,1.266155848758432,28.0
11,2956,639.23,640.23,4.219507705176107,4.219507705176107,3.713572066704308,4.139826681080193,0.2975582684466979,81.0
13,1062,189.21,189.21,7.126087273299125,6.9975959829819265,6.894670039433482,6.978255833787004,0.1098504224154158,810.0
13,1109,287.18,285.18,7.6787889981991535,7.565793282428515,7.431299675155903,7.505956444733065,0.1460515439912227,1957.0
13,1198,174.6,176.6,6.040254711277414,5.700443573390687,5.940171252720432,6.059411973386643,0.3609325796060748,446.0
13,1207,388.0,388.0,4.406719247264253,4.68213122712422,4.812184355372417,4.6480956779975084,0.1714806569572184,41.0
13,1216,408.37,409.37,5.652489180268651,5.783825182329737,4.820281565605037,5.336048065858952,0.4576689743177796,176.0
13,1230,378.36,376.36,5.099866427824199,5.099866427824199,5.181783550292085,5.189198703406162,0.1299245316343594,108.0
13,1247,447.23,446.23,4.248495242049359,5.241747015059643,3.737669618283368,4.2353709855241695,0.7148299848140686,53.0
13,1248,164.93,163.93,4.700480365792417,4.700480365792417,5.003946305945459,4.434277886926374,0.74851304929179,94.0
13,1311,150.38,200.79,6.186208623900494,6.100318952020064,6.068425588244111,6.263613376081587,0.2948176173872291,460.0
13,1438,195.0,196.0,5.170483995038151,5.313205979041787,5.3230099791384085,5.2812049867656405,0.073922429277047,229.0
13,1445,727.53,726.53,5.8998973535824915,6.042632833682381,4.700480365792417,5.262432450080386,0.8292786769795966,42.0
13,1525,321.13,319.13,6.131226489483141,6.2422232654551655,6.244166900663736,6.209054193823443,0.0531706866550784,635.0
13,1543,484.03,485.03,5.700443573390687,5.739792912179234,5.652489180268651,5.548148023415692,0.3009790490442927,270.0
13,1558,564.6,563.6,5.442417710521793,5.605802066295998,6.646390514847729,6.003394601352989,0.5732379617793861,204.0
13,1571,641.23,639.23,5.863631175598097,5.652489180268651,5.8998973535824915,5.683534425823364,0.2669202566049167,283.0
13,1727,455.9,456.9,6.716594773520978,6.894670039433482,6.682108597449809,6.692586443323488,0.1712828038372738,1122.0
13,1754,317.25,315.25,7.168579897264035,7.033506484287697,7.103322062526113,7.060194722523239,0.0998343221296108,1337.0
13,1770,485.03,486.03,4.02535169073515,3.295836866004329,3.737669618283368,3.903183766655847,0.5274440683038046,96.0
13,1778,190.18,189.18,6.648984550024776,6.984716320118266,6.80903930604298,6.827418365161976,0.139619114831771,906.0
13,1803,192.09,192.09,6.366470447731438,6.161207321695077,6.628041376179533,6.3744601410818,0.192258364303367,555.0
13,1847,194.0,194.0,5.37989735354046,5.25227342804663,5.44673737166631,5.312348037072887,0.1243084449796568,148.0
13,1878,302.7,300.7,5.241747015059643,4.919980925828125,5.37989735354046,4.947530134119397,0.5042862033504771,229.0
13,1885,159.14,151.38,7.784889295655098,8.062432791583195,8.0106915391303,7.9531842402166255,0.1205098786824892,2822.0
13,1902,446.23,446.23,4.700480365792417,4.68213122712422,4.919980925828125,4.630525055980217,0.2945487540416616,94.0
13,1962,564.6,562.6,6.495265555937008,6.38856140554563,7.52294091807237,6.953673050528652,0.5943900867143118,796.0
13,1971,346.35,344.35,5.934894195619588,5.940171252720432,5.823045895483019,5.880289309826515,0.0661341001516766,526.0
13,1993,159.14,149.41,7.594381242551817,7.537430036586509,7.594381242551817,7.54938890246931,0.0585367790362268,703.0
13,2104,641.23,641.23,4.700480365792417,5.181783550292085,5.176149732573829,4.967649501007687,0.2482434933320809,161.0
13,2126,484.03,507.31,4.418840607796598,2.772588722239781,3.295836866004329,3.281580881413992,0.8094179907121409,108.0
13,2139,292.03,290.03,5.003946305945459,4.553876891600541,5.003946305945459,4.9535107328845225,0.2910062136678349,69.0
13,2290,290.09,289.09,7.762596048540069,7.7336835707759,7.697575346802343,7.7241027698467235,0.0302296037798617,1619.0
13,2304,486.03,485.03,5.170483995038151,5.003946305945459,4.804021044733257,4.970931531038824,0.1560780583032676,149.0
13,2306,247.38,335.62,4.418840607796598,4.007333185232471,4.394449154672439,4.410226128326636,0.3320598878670897,324.0
13,2322,377.36,378.36,5.3230099791384085,5.093750200806762,5.605802066295998,5.3173965796004135,0.2146153361725601,257.0
13,2444,726.53,726.53,6.1903154058531475,6.386879319362645,4.700480365792417,5.492255743309338,0.9230385123210016,216.0
13,2490,291.03,292.03,5.780743515792329,5.863631175598097,6.008813185442595,5.938376707213271,0.1433198121363495,418.0
13,2492,387.03,387.03,3.7612001156935624,4.574710978503383,4.820281565605037,4.393758316899645,0.4529256549211947,122.0
13,2494,195.0,194.0,5.181783550292085,5.37989735354046,5.497168225293202,5.36083604797871,0.1311098036642937,230.0
13,2539,157.2,150.38,6.594413459749778,6.517671272912275,6.453624998892692,6.488567784275094,0.0880768492178171,485.0
13,2569,241.53,337.56,6.9726062513017535,6.161207321695077,5.8998973535824915,6.284626039748576,0.4721952110470441,798.0
13,2577,321.13,320.13,5.497168225293202,5.700443573390687,5.170483995038151,5.492553653650435,0.2301976714837633,339.0
13,2581,564.6,563.6,5.501258210544727,5.655991810819852,7.080867896690782,6.173721893406881,0.7355908623061322,230.0
13,2631,163.96,162.96,5.552959584921617,4.90527477843843,5.241747015059643,5.28559977223537,0.2843960269451618,215.0
13,2640,321.13,319.13,6.340359303727752,6.161207321695077,6.073044534100405,6.210452927016149,0.1174764591258271,204.0
13,2664,241.59,335.62,7.009408932708637,6.037870919922137,5.905361848054571,6.240363721531985,0.5158409889149379,770.0
13,2704,319.13,320.13,5.786897381366708,5.934894195619588,5.8998973535824915,5.8506081115902795,0.0784722715970056,514.0
13,2707,230.86,231.86,7.607381425639791,7.48605261786314,7.544332108053688,7.5254256890063855,0.0643048512861967,2308.0
13,2760,162.99,241.53,7.447751280047908,5.973809611869261,5.934894195619588,6.21340582820749,0.8507996385122802,2282.0
13,2826,379.33,378.33,6.779921907472252,6.906754778648554,6.960347729101308,6.885423613663899,0.0759050900193309,1174.0
13,2867,727.53,727.53,6.133398042996649,6.100318952020064,4.804021044733257,5.403112254563338,0.8295728747653959,26.0
13,2956,637.29,638.29,5.7430031878094825,5.739792912179234,5.442417710521793,5.67648933157571,0.1571516200974758,339.0
14,1062,193.03,193.03,6.104793232414985,5.786897381366708,5.934894195619588,6.010298226955868,0.1882069210443656,231.0
14,1109,290.06,291.06,5.6937321388027,6.159095388491933,5.940171252720432,5.823564247639948,0.2868890018505606,419.0
14,1198,143.62,179.51,0.0,0.0,0.0,0.0,0.0,0.0
14,1207,383.15,384.15,4.68213122712422,5.241747015059643,5.087596335232384,5.005527467878125,0.2360410923842867,108.0
14,1216,418.13,418.13,3.7612001156935624,5.0106352940962555,3.737669618283368,4.055769273694374,0.6368742484477966,53.0
14,1230,380.3,380.3,5.652489180268651,5.438079308923196,5.37989735354046,5.389515544491172,0.2329243731675178,202.0
14,1247,447.23,445.23,3.367295829986474,2.772588722239781,0.0,2.211983688332116,1.5042138557217437,0.0
14,1248,163.93,165.93,0.0,4.406719247264253,4.394449154672439,3.3387613233843085,2.2270192292955304,53.0
14,1311,339.53,338.53,4.90527477843843,4.919980925828125,5.181783550292085,4.979923535073673,0.1347072012403647,14.0
14,1438,196.0,195.0,3.737669618283368,4.007333185232471,4.6913478822291435,3.9421387989800465,0.5713702946824191,94.0
14,1445,726.53,727.53,5.0106352940962555,5.318119993844216,0.0,2.5821888219851177,2.984296112979246,13.0
14,1525,320.13,319.13,3.332204510175204,4.406719247264253,4.820281565605037,4.278270553661259,0.6535224597278687,96.0
14,1543,486.03,486.03,4.02535169073515,4.219507705176107,3.7612001156935624,3.941814906824596,0.2231106527211798,81.0
14,1558,562.6,563.6,5.0106352940962555,3.295836866004329,5.780743515792329,4.9469148123209,1.1537178431925847,40.0
14,1571,640.23,640.23,3.713572066704308,0.0,3.367295829986474,1.7702169741726954,2.048953078904302,27.0
14,1727,466.63,466.63,5.697093486505405,5.501258210544727,5.697093486505405,5.6378592485938475,0.0931057164211383,258.0
14,1754,318.16,319.16,5.783825182329737,6.042632833682381,5.652489180268651,5.7570058202939975,0.2132764808586549,311.0
14,1770,484.03,485.03,2.70805020110221,0.0,0.0,0.6770125502755525,1.3540251005511057,0.0
14,1778,192.09,193.09,5.934894195619588,6.102558594613569,5.8998973535824915,5.941573940356464,0.1160211975830329,285.0
14,1803,169.75,195.03,4.574710978503383,5.017279836814924,5.598421958998375,5.110671550590828,0.4297003993617838,136.0
14,1847,194.0,196.0,4.812184355372417,4.564348191467836,3.367295829986474,4.329634838832528,0.6516908970774871,53.0
14,1878,321.13,319.13,3.295836866004329,3.713572066704308,2.772588722239781,3.287323371233722,0.3886334103914559,42.0
14,1885,159.11,158.11,6.555356891810665,6.682108597449809,6.555356891810665,6.613988769265485,0.0681440401737262,676.0
14,1902,447.23,447.23,3.367295829986474,2.70805020110221,0.0,2.1786008401759855,1.4890303560894913,26.0
14,1962,564.6,563.6,5.003946305945459,4.820281565605037,6.456769655572163,5.760642573981678,0.9905086633923575,42.0
14,1971,346.35,345.35,4.553876891600541,4.700480365792417,4.394449154672439,4.474325413528688,0.1956646648189053,82.0
14,1993,160.11,150.38,6.714170529909472,6.003887067106539,6.573680166960646,6.395826725883745,0.3148867333361146,163.0
14,2126,486.03,485.03,0.0,2.70805020110221,2.772588722239781,1.3701597308354976,1.582343553337698,42.0
14,2139,290.03,292.03,3.737669618283368,3.713572066704308,3.332204510175204,3.5376855062873385,0.2177037809649635,53.0
14,2290,250.32,298.79,6.343880434126331,5.860786223465865,5.902633333401366,5.926430487497984,0.3091545064914483,161.0
14,2304,486.03,486.03,3.367295829986474,3.332204510175204,3.713572066704308,3.537685506287339,0.2177037809649515,15.0
14,2306,243.5,337.62,2.70805020110221,0.0,0.0,0.6770125502755525,1.354025100551105,27.0
14,2322,385.12,386.12,5.3230099791384085,4.812184355372417,5.3230099791384085,5.11887103761604,0.2501485612174804,216.0
14,2444,486.03,726.53,5.8664680569332965,5.170483995038151,0.0,3.4362505632684144,2.661554455789834,0.0
14,2490,290.03,291.03,5.44673737166631,5.552959584921617,5.087596335232384,5.3335793409951995,0.2073096597023796,176.0
14,2492,387.03,389.03,2.772588722239781,3.737669618283368,3.9889840465642745,3.626643893079974,0.582509419232121,26.0
14,2494,194.0,196.0,4.394449154672439,3.7612001156935624,0.0,2.0389123175915005,2.3684844611403033,55.0
14,2539,158.14,158.14,5.598421958998375,5.37989735354046,5.017279836814924,5.374214339974621,0.2541939795161537,242.0
14,2569,246.41,339.56,5.902633333401366,5.170483995038151,5.017279836814924,5.223604552496925,0.4769773185417445,365.0
14,2577,320.13,320.13,0.0,0.0,0.0,0.928393016676077,1.8567860333521549,0.0
14,2581,562.66,561.66,5.176149732573829,4.394449154672439,6.293419278846481,5.513070572293835,0.8999370279902998,107.0
14,2631,165.93,163.93,4.6913478822291435,4.418840607796598,4.406719247264253,4.4809067461385625,0.1404104071003223,27.0
14,2640,320.13,319.13,0.0,3.713572066704308,4.23410650459726,2.646683975229206,1.8853076421754145,0.0
14,2664,255.17,337.56,5.54907608489522,5.099866427824199,5.0106352940962555,5.016574263519982,0.4699128240473594,217.0
14,2704,321.13,319.13,3.737669618283368,2.70805020110221,2.70805020110221,3.1214936326657474,0.5052863417108855,40.0
14,2707,237.71,236.71,6.214608098422191,6.214608098422191,6.040254711277414,6.177436688323142,0.0922516159153865,553.0
14,2760,162.99,242.53,5.442417710521793,4.007333185232471,2.6390573296152584,3.950595073018458,1.1554313989499594,351.0
14,2826,378.33,379.33,6.0063531596017325,6.18826412308259,6.07073772800249,6.060426479996186,0.0938818590784118,365.0
14,2867,484.03,726.53,4.90527477843843,5.099866427824199,0.0,3.429678318241734,2.367150344596446,0.0
17,1062,190.12,190.12,6.0063531596017325,6.218600119691729,5.605802066295998,5.914925240799916,0.2604656912951699,270.0
17,1109,258.08,286.18,5.860786223465865,5.940171252720432,5.501258210544727,5.71379381791316,0.2190072640968464,310.0
17,1198,185.3,228.01,4.406719247264253,5.318119993844216,4.820281565605037,4.811400293126481,0.3798744140090815,150.0
17,1207,389.0,390.0,4.219507705176107,4.394449154672439,4.812184355372417,4.016299636209055,0.9512306826557116,80.0
17,1216,416.13,416.13,4.219507705176107,4.804021044733257,3.9889840465642745,4.254961495426528,0.3806954790209007,40.0
17,1230,370.6,369.6,5.556828061699537,4.812184355372417,4.219507705176107,4.471089247063098,0.955629997771669,67.0
17,1247,447.23,447.23,0.0,0.0,3.7612001156935624,1.6334472094833363,1.928840358722385,42.0
17,1248,163.93,164.93,4.02535169073515,3.332204510175204,0.0,2.6812130077242067,1.8156827519533456,42.0
17,1311,181.39,248.38,5.37989735354046,5.017279836814924,5.176149732573829,5.268646283368485,0.2146515095380724,378.0
17,1438,195.0,194.0,4.418840607796598,2.70805020110221,0.0,1.7817227022247022,2.172674623462238,81.0
17,1445,728.53,728.53,5.552959584921617,5.655991810819852,2.6390573296152584,4.459248192980251,1.4332530646730273,13.0
17,1525,320.13,319.13,4.219507705176107,4.248495242049359,4.02535169073515,4.377658618693885,0.437771006909277,121.0
17,1543,485.03,484.03,3.713572066704308,3.737669618283368,4.700480365792417,4.044268435378811,0.4598314414883871,80.0
17,1558,562.6,564.6,4.700480365792417,3.737669618283368,5.602118820879701,4.883332562074008,0.8630182502818193,41.0
17,1571,639.23,640.23,4.007333185232471,4.394449154672439,4.804021044733257,4.363574656671881,0.3342142591343972,26.0
17,1727,464.63,466.63,5.497168225293202,5.313205979041787,5.181783550292085,5.399489955230768,0.1888091937317531,271.0
17,1754,319.16,320.16,4.23410650459726,5.087596335232384,5.318119993844216,4.9554015959914866,0.4900868913863414,108.0
17,1770,486.03,486.03,0.0,0.0,0.0,0.0,0.0,0.0
17,1778,191.09,191.09,5.54907608489522,6.133398042996649,5.438079308923196,5.655452911839948,0.3218565243809493,229.0
17,1803,157.17,195.03,5.384495062789089,5.099866427824199,5.655991810819852,5.263252046792298,0.3258617401100905,175.0
17,1847,194.0,196.0,4.406719247264253,3.713572066704308,0.0,2.0300728284921403,2.361144444465255,55.0
17,1878,320.13,319.13,3.295836866004329,4.248495242049359,3.9889840465642745,3.716380166198291,0.4767623207837834,14.0
17,1885,159.11,160.11,6.411818267709897,6.453624998892692,6.2166061010848646,6.399930160149932,0.1297370970791458,431.0
17,1902,447.23,447.23,0.0,0.0,0.0,0.0,0.0,14.0
17,1962,562.6,562.6,5.44673737166631,4.919980925828125,6.295266001439646,5.744787246420341,0.6830768595730655,123.0
17,1971,344.35,346.35,5.087596335232384,5.241747015059643,4.007333185232471,4.754701940662179,0.551319068987281,121.0
17,1993,158.11,159.11,6.131226489483141,6.133398042996649,6.29156913955832,6.062481452710202,0.2570423231243275,204.0
17,2126,486.03,509.31,3.367295829986474,3.367295829986474,3.332204510175204,2.516699042537038,1.677880908377506,40.0
17,2139,290.03,290.03,3.713572066704308,2.6390573296152584,2.772588722239781,3.1052637461409196,0.4947653387275155,53.0
17,2290,299.79,297.79,6.042632833682381,5.940171252720432,5.7430031878094825,5.924904221520389,0.1285467899683585,242.0
17,2304,485.03,486.03,3.737669618283368,4.23410650459726,3.7612001156935624,3.9350773559516656,0.2336967024270601,80.0
17,2306,243.5,335.62,4.219507705176107,3.295836866004329,3.332204510175204,3.371651602742725,0.6488087255042678,26.0
17,2322,378.33,378.33,4.912654885736052,5.017279836814924,5.017279836814924,4.877890687708435,0.2147681821488359,242.0
17,2444,727.53,728.53,5.697093486505405,5.556828061699537,3.295836866004329,3.637439603552317,2.662948583220214,14.0
17,2490,291.03,291.03,4.406719247264253,4.406719247264253,4.248495242049359,4.493647155578479,0.2891250370379455,69.0
17,2492,389.03,388.03,3.713572066704308,3.737669618283368,3.713572066704308,3.7975413606067834,0.1522977967437107,53.0
17,2494,242.5,243.5,0.0,0.0,0.0,0.0,0.0,0.0
17,2539,158.11,159.11,5.241747015059643,5.093750200806762,5.497168225293202,5.2699223783300235,0.1673275177769412,189.0
17,2569,242.53,338.56,5.602118820879701,4.574710978503383,4.90527477843843,4.971531405638692,0.442551918351885,204.0
17,2577,320.13,321.13,0.0,4.02535169073515,4.406719247264253,2.941068862043652,2.010528409051926,41.0
17,2581,564.6,563.6,4.418840607796598,4.700480365792417,5.552959584921617,5.0931810329753295,0.6295800009682909,108.0
17,2631,162.02,162.02,3.295836866004329,3.737669618283368,4.02535169073515,3.766547840063829,0.3402742954164706,82.0
17,2640,320.13,319.13,4.23410650459726,4.02535169073515,5.3230099791384085,3.3956170436177047,2.3341443069324876,15.0
17,2664,242.53,336.62,5.934894195619588,5.697093486505405,5.501258210544727,5.697309425872393,0.17943410470208,391.0
17,2704,321.13,321.13,4.23410650459726,3.9889840465642745,4.007333185232471,3.881565150599584,0.4060867917900933,67.0
17,2707,239.62,238.62,6.343880434126331,6.042632833682381,6.102558594613569,6.067453844553652,0.2312739343279984,485.0
17,2760,161.99,241.53,5.093750200806762,4.007333185232471,4.919980925828125,4.678103048524125,0.4765763659862339,216.0
17,2826,378.33,378.33,5.442417710521793,5.598421958998375,5.602118820879701,5.413398446124031,0.2786331844928046,190.0
17,2867,486.03,726.53,4.007333185232471,5.170483995038151,0.0,2.2944542950676556,2.6916254043355443,0.0
20,1062,188.21,187.21,5.697093486505405,5.780743515792329,6.102558594613569,5.841055194810259,0.1789057242620772,312.0
20,1109,295.91,294.91,6.218600119691729,6.159095388491933,6.342121418721152,6.173406634693518,0.1533524401761286,554.0
20,1198,189.18,188.18,5.493061443340548,5.37989735354046,5.6937321388027,5.346743125322186,0.3741975424703195,123.0
20,1207,365.75,365.75,4.553876891600541,4.394449154672439,3.9889840465642745,4.240665445893101,0.2777615156547157,54.0
20,1216,417.13,418.13,4.700480365792417,4.406719247264253,3.295836866004329,3.7939063003251943,0.9107833626106068,13.0
20,1230,373.48,373.48,2.772588722239781,4.564348191467836,4.23410650459726,4.031230077476355,0.8529774365075776,121.0
20,1247,445.23,446.23,2.772588722239781,0.0,0.0,1.6215401972360222,1.9113952384134452,55.0
20,1248,163.93,164.93,4.23410650459726,2.772588722239781,4.219507705176107,3.746850761926678,0.6856177678307797,15.0
20,1311,152.35,182.42,5.3230099791384085,5.318119993844216,5.318119993844216,5.425563288659081,0.2116391536457114,121.0
20,1438,196.0,196.0,4.804021044733257,4.700480365792417,5.003946305945459,4.832182320519042,0.1262048031175278,108.0
20,1445,726.53,726.53,4.90527477843843,4.02535169073515,3.737669618283368,4.164320033505305,0.5102611813103904,26.0
20,1525,321.13,321.13,5.0106352940962555,5.087596335232384,5.247024072160486,5.037319186555596,0.1840688130565842,148.0
20,1543,486.03,484.03,4.574710978503383,4.007333185232471,2.6390573296152584,3.903887662005887,0.8758141442975514,82.0
20,1558,562.6,563.6,4.812184355372417,4.394449154672439,5.8289456176102075,5.269552990334361,0.7927936568613405,68.0
20,1571,640.23,641.23,4.406719247264253,4.406719247264253,3.332204510175204,4.098534561688267,0.5163027388246599,40.0
20,1727,466.63,464.63,5.384495062789089,5.099866427824199,5.241747015059643,5.331132616167826,0.2127322096413154,177.0
20,1754,320.16,318.16,6.037870919922137,6.068425588244111,5.438079308923196,5.8698175031772575,0.2934393558077045,352.0
20,1770,485.03,486.03,0.0,2.6390573296152584,0.0,1.35291151296376,1.5631585080692327,14.0
20,1778,189.18,189.18,5.971261839790462,5.652489180268651,5.786897381366708,5.8178586562229215,0.1337671819196521,269.0
20,1803,226.01,226.01,5.54907608489522,5.438079308923196,5.44673737166631,5.482765247694482,0.0513141106940075,123.0
20,1847,196.0,195.0,4.90527477843843,4.219507705176107,4.219507705176107,4.539118636040765,0.3710065147433559,67.0
20,1878,320.13,321.13,3.332204510175204,4.23410650459726,4.418840607796598,4.05481453179158,0.4895479038109742,96.0
20,1885,157.14,158.14,6.594413459749778,6.714170529909472,6.93537044601511,6.770589909130426,0.148293432979682,797.0
20,1902,447.23,445.23,2.70805020110221,2.772588722239781,4.418840607796598,2.474869882784648,1.830028477431903,42.0
20,1962,562.6,562.6,5.493061443340548,5.25227342804663,6.974478911025045,6.139286649274453,0.8924150817772558,150.0
20,1971,346.35,346.35,4.406719247264253,4.564348191467836,4.820281565605037,4.622957342532386,0.178082953124217,243.0
20,1993,157.14,158.14,6.240275845170769,6.008813185442595,6.037870919922137,6.131808948926567,0.1258073213157524,177.0
20,2104,641.23,641.23,3.737669618283368,4.553876891600541,3.332204510175204,3.8462377839381694,0.5112082957212886,27.0
20,2126,486.03,507.31,0.0,0.0,3.332204510175204,1.5261983081037462,1.777049053692502,26.0
20,2139,290.03,291.03,4.02535169073515,4.02535169073515,4.406719247264253,4.172882283332953,0.1843535394060073,55.0
20,2290,253.2,298.79,6.411818267709897,6.340359303727752,6.040254711277414,6.264908207814106,0.1609864196190962,177.0
20,2304,486.03,485.03,0.0,4.418840607796598,3.713572066704308,2.967520573196069,2.0051791755177044,42.0
20,2306,244.5,307.55,4.02535169073515,3.737669618283368,3.713572066704308,3.693107560431789,0.3003413279303284,13.0
20,2322,390.0,389.0,4.406719247264253,3.7612001156935624,4.804021044733257,4.386662846548614,0.4476441490074996,122.0
20,2444,727.53,727.53,5.552959584921617,5.384495062789089,3.7612001156935624,4.351676241126619,1.361367572775298,40.0
20,2490,292.03,292.03,4.574710978503383,5.37989735354046,4.812184355372417,4.919861893288077,0.3378402836626408,150.0
20,2492,388.03,388.03,2.6390573296152584,4.248495242049359,4.564348191467836,3.6960263183269144,0.8772598509447643,55.0
20,2494,195.0,196.0,4.553876891600541,4.23410650459726,4.418840607796598,4.143529958495218,0.53383021398607,54.0
20,2539,159.11,158.11,5.44673737166631,4.812184355372417,5.860786223465865,5.282585811150212,0.4677948499594125,270.0
20,2569,241.53,338.56,5.700443573390687,4.820281565605037,4.912654885736052,5.202164608103986,0.4114611574807045,284.0
20,2577,320.13,319.13,4.418840607796598,4.007333185232471,4.219507705176107,4.163253670859412,0.1975783341581556,54.0
20,2581,562.6,563.6,4.912654885736052,5.241747015059643,6.317164686747284,5.602934460065853,0.6405195110721553,122.0
20,2631,163.93,165.93,4.394449154672439,4.6913478822291435,4.553876891600541,4.468445108274846,0.1977997460074346,122.0
20,2640,320.13,320.13,4.820281565605037,5.247024072160486,5.54907608489522,5.0769324012224715,0.3942908855422157,67.0
20,2664,242.53,338.56,5.3230099791384085,4.553876891600541,4.919980925828125,4.950203525628133,0.3161545743216336,215.0
20,2704,319.13,320.13,4.68213122712422,5.0106352940962555,5.170483995038151,4.854281851964792,0.2853706198349649,54.0
20,2707,239.62,239.62,6.573680166960646,6.269096283706261,6.269096283706261,6.431314238188182,0.1880131776186047,431.0
20,2760,168.84,243.53,4.812184355372417,4.812184355372417,4.219507705176107,4.6640151928233395,0.2963383250981571,202.0
20,2826,377.33,378.33,5.598421958998375,5.8664680569332965,5.25227342804663,5.523110462915616,0.2700452275838413,230.0
20,2867,726.53,727.53,4.564348191467836,5.176149732573829,2.6390573296152584,3.754653145818045,1.3121695346977158,27.0
20,2956,641.23,641.23,4.248495242049359,4.394449154672439,3.295836866004329,4.155228122462587,0.6005846238531634,53.0
23,1062,195.03,194.03,6.455198563340122,6.073044534100405,6.040254711277414,6.108032246079009,0.2490476991168113,391.0
23,1109,287.12,288.12,6.431331081933479,6.647688373563329,6.295266001439646,6.472619633244856,0.1479941034161619,553.0
23,1198,194.03,194.03,0.0,4.564348191467836,4.564348191467836,3.383853907549982,2.2571260694044506,96.0
23,1207,376.36,378.36,4.90527477843843,4.219507705176107,5.003946305945459,4.529428209031067,0.5015172577584571,162.0
23,1216,423.95,422.95,4.812184355372417,4.248495242049359,4.219507705176107,4.013194006209416,0.8709035657748663,27.0
23,1230,379.27,381.27,5.241747015059643,4.406719247264253,4.248495242049359,4.414540405016703,0.616105098178607,122.0
23,1247,446.23,446.23,0.0,2.6390573296152584,2.70805020110221,1.3367768826793671,1.543833944483869,42.0
23,1248,163.93,163.93,3.332204510175204,2.772588722239781,4.553876891600541,3.5990849355747225,0.7494786066974621,14.0
23,1311,152.35,228.01,4.574710978503383,5.087596335232384,4.394449154672439,4.94913734514686,0.6033741819425142,122.0
23,1438,195.0,244.5,5.6937321388027,5.700443573390687,5.181783550292085,5.532229711851772,0.2433250068764424,190.0
23,1445,484.03,727.53,5.497168225293202,5.786897381366708,0.0,3.662840359161597,2.6695894203337844,0.0
23,1525,319.13,321.13,4.574710978503383,4.02535169073515,4.23410650459726,4.352220038084794,0.2706770279802599,148.0
23,1543,485.03,486.03,3.367295829986474,4.02535169073515,4.406719247264253,3.791665649493088,0.5141593726393917,94.0
23,1558,564.6,563.6,4.564348191467836,4.90527477843843,6.040254711277414,5.395730553821021,0.7758670671072688,82.0
23,1571,640.23,639.23,4.68213122712422,4.248495242049359,4.6913478822291435,4.3399109924215225,0.4515433123180759,81.0
23,1727,466.63,464.63,5.44673737166631,5.697093486505405,5.493061443340548,5.605947420719742,0.1624208290981607,229.0
23,1754,318.16,319.16,6.364750756851911,6.073044534100405,5.971261839790462,6.162333243978386,0.1746698350303257,392.0
23,1770,485.03,485.03,2.70805020110221,0.0,0.0,1.3701597308354978,1.5823435533377,0.0
23,1778,182.39,183.39,6.342121418721152,6.573680166960646,6.161207321695077,6.2863586239052465,0.222726150886968,269.0
23,1803,145.5,228.01,4.804021044733257,3.737669618283368,4.574710978503383,4.383810562329152,0.4588917962786705,96.0
23,1847,194.0,242.5,5.241747015059643,5.247024072160486,5.241747015059643,5.244385543610065,0.0030467103365124,148.0
23,1878,321.13,321.13,3.737669618283368,3.713572066704308,3.332204510175204,3.7021994714745072,0.2844357545720041,41.0
23,1885,160.11,160.11,6.07073772800249,6.51471269087253,6.18826412308259,6.21053503255043,0.2103635121646513,501.0
23,1902,447.23,445.23,0.0,2.6390573296152584,0.0,0.6597643324038148,1.3195286648076292,26.0
23,1962,562.6,562.6,5.318119993844216,5.652489180268651,6.838405200847344,6.065659843463226,0.7017070074418887,202.0
23,1971,346.35,344.35,5.176149732573829,5.438079308923196,4.912654885736052,5.084767070651373,0.2811312086777818,175.0
23,1993,160.11,160.11,5.971261839790462,6.008813185442595,6.2422232654551655,5.992125370307094,0.2030931196425336,189.0
23,2126,510.25,511.25,0.0,0.0,3.737669618283368,1.8688348091416844,2.157944560257792,0.0
23,2139,292.03,291.03,2.70805020110221,2.6390573296152584,3.295836866004329,3.167074021864238,0.6436160662574257,27.0
23,2290,238.62,274.57,6.473890696352274,6.555356891810665,6.413458957167357,6.407228792307698,0.1584029388512345,134.0
23,2304,485.03,486.03,3.713572066704308,3.9889840465642745,3.9889840465642745,3.929222962642002,0.1447858367689549,27.0
23,2306,336.62,335.62,0.0,0.0,3.9889840465642745,1.8390699691376875,2.138688190211647,0.0
23,2322,381.24,381.24,4.912654885736052,4.406719247264253,4.820281565605037,4.589790850945363,0.3306518685973633,190.0
23,2444,484.03,726.53,5.318119993844216,5.099866427824199,2.772588722239781,3.297643785977049,2.481966150487214,0.0
23,2490,291.03,292.03,5.384495062789089,5.170483995038151,5.54907608489522,5.256009017137647,0.2724129082143601,162.0
23,2492,387.03,388.03,3.367295829986474,3.332204510175204,4.248495242049359,2.7369988955527593,1.873261692784737,42.0
23,2494,196.0,242.5,4.820281565605037,5.438079308923196,4.23410650459726,4.8494355393909805,0.4929838683209818,229.0
23,2539,160.11,158.11,4.912654885736052,4.700480365792417,4.23410650459726,4.602897486898391,0.2845844345665956,94.0
23,2569,242.53,323.07,6.38856140554563,5.655991810819852,4.007333185232471,5.111583889067598,1.1046422357568078,310.0
23,2577,321.13,321.13,3.295836866004329,3.737669618283368,2.6390573296152584,2.418140953475739,1.6740883816017145,40.0
23,2581,563.6,562.6,5.247024072160486,5.247024072160486,6.79346613258001,5.907408923905534,0.7844931771578152,190.0
23,2631,159.11,160.11,4.406719247264253,4.007333185232471,3.295836866004329,3.769296282121882,0.531895286048186,40.0
23,2640,321.13,321.13,3.713572066704308,4.406719247264253,0.0,3.0364107511759277,2.0440227700536244,13.0
23,2664,241.53,322.07,6.2422232654551655,5.176149732573829,4.394449154672439,5.156251627018463,0.7912975901189311,243.0
23,2704,320.13,321.13,4.02535169073515,4.248495242049359,4.394449154672439,3.826838354268052,0.8062687432508033,41.0
23,2707,240.62,239.62,6.593044534142437,6.556778356158042,6.663132695990803,6.623452566270374,0.0584226381019566,582.0
23,2760,163.99,241.53,5.181783550292085,4.02535169073515,4.007333185232471,4.300863118205995,0.5874679370579344,162.0
23,2826,379.33,378.33,6.269096283706261,6.576469569048224,6.269096283706261,6.304305182768578,0.1976988215590608,540.0
23,2867,485.03,726.53,4.553876891600541,4.007333185232471,3.367295829986474,3.641890809108686,0.8259023620819993,0.0
23,2956,640.23,640.23,4.02535169073515,3.9889840465642745,4.007333185232471,3.0054172306329736,2.0036664970807694,27.0
24,1062,191.09,191.09,6.683360945766275,6.794586580876499,6.628041376179533,6.742969994426437,0.1072935070911692,782.0
24,1109,286.21,286.21,6.8658910748834385,6.810142450115136,6.824373670043086,6.8381624410233846,0.0254452172106199,1161.0
24,1198,190.12,263.87,4.23410650459726,5.0106352940962555,5.181783550292085,4.9809233935697,0.5371132070389953,217.0
24,1207,369.57,371.57,4.804021044733257,4.406719247264253,4.6913478822291435,4.8038235383171095,0.3785116031301347,162.0
24,1216,434.56,434.56,5.087596335232384,5.375278407684165,4.394449154672439,4.812943263065357,0.4973026450909636,122.0
24,1230,377.36,377.36,4.700480365792417,5.093750200806762,4.394449154672439,4.651880082267055,0.3256732863677452,109.0
24,1247,437.53,435.53,0.0,0.0,0.0,0.0,0.0,0.0
24,1248,98.0,247.35,0.0,0.0,0.0,0.0,0.0,0.0
24,1311,155.23,195.03,5.247024072160486,5.247024072160486,5.442417710521793,5.430072759293125,0.2531842664589542,148.0
24,1438,194.0,195.0,5.099866427824199,4.553876891600541,5.384495062789089,5.09031209033806,0.3779532319135192,177.0
24,1445,728.53,728.53,5.783825182329737,5.501258210544727,3.367295829986474,4.804181853582193,1.090531694371088,15.0
24,1525,321.13,320.13,5.598421958998375,5.552959584921617,5.598421958998375,5.610883910430267,0.0592442877613725,242.0
24,1543,484.03,486.03,5.82600010738045,5.497168225293202,5.318119993844216,5.452943080389005,0.2823046866963577,229.0
24,1558,564.6,562.6,5.602118820879701,5.375278407684165,6.591673732008658,6.058688669588733,0.665337427706441,123.0
24,1571,639.23,639.23,4.804021044733257,5.017279836814924,5.181783550292085,4.921303914741122,0.2221259884643965,135.0
24,1727,465.63,465.63,6.186208623900494,6.343880434126331,6.161207321695077,6.269964446316883,0.1130957734794723,539.0
24,1754,318.16,319.16,6.2422232654551655,6.18826412308259,6.343880434126331,6.31816249303513,0.1363144109919944,717.0
24,1770,484.03,486.03,4.23410650459726,3.713572066704308,4.90527477843843,4.317948489384149,0.4924197830023659,53.0
24,1778,192.12,192.12,6.906754778648554,6.866933284461882,6.680854678790215,6.808047333883943,0.1005201328836972,634.0
24,1803,171.75,215.4,5.697093486505405,5.54907608489522,5.44673737166631,5.572832225516327,0.1041792714938532,135.0
24,1847,195.0,196.0,3.367295829986474,4.394449154672439,4.68213122712422,4.339132774379796,0.681689689721072,122.0
24,1878,320.13,320.13,5.017279836814924,4.919980925828125,4.812184355372417,4.9136799741134745,0.0839536409419132,67.0
24,1885,159.11,159.11,7.59337419312129,7.580189417944541,7.537962659768208,7.489651713854949,0.1634320743886771,1890.0
24,1902,446.23,445.23,3.9889840465642745,3.7612001156935624,2.6390573296152584,3.421269589469356,0.5959423504097137,68.0
24,1962,562.6,564.6,6.008813185442595,5.937536205082426,7.447751280047908,6.653069377244084,0.7911846666950665,445.0
24,1971,349.2,351.2,5.552959584921617,5.37989735354046,5.8998973535824915,5.6748055872444665,0.2511428014422875,269.0
24,1993,160.11,160.11,7.147559271189454,7.124478262493424,6.93537044601511,7.035207751357175,0.1167899911178663,391.0
24,2126,486.03,484.03,0.0,0.0,4.564348191467836,1.8342342284269044,2.240748522013385,81.0
24,2139,285.21,285.21,5.093750200806762,4.912654885736052,5.497168225293202,5.236497755589452,0.2802398915014657,176.0
24,2290,298.79,297.79,6.947937068614969,7.198931240688173,7.102499355774649,7.003024293002417,0.1906576397354287,1053.0
24,2304,485.03,484.03,5.093750200806762,4.812184355372417,4.820281565605037,4.8252317750719,0.212177248393118,149.0
24,2306,244.5,337.62,3.737669618283368,4.394449154672439,2.70805020110221,3.84851146641464,0.8383567568927469,217.0
24,2322,379.3,378.3,5.3230099791384085,5.170483995038151,5.093750200806762,5.123129738355438,0.1737032690811555,202.0
24,2444,726.53,727.53,5.780743515792329,5.973809611869261,4.007333185232471,4.782295535720134,1.2934959057365232,41.0
24,2490,278.45,276.45,5.786897381366708,5.25227342804663,5.902633333401366,5.62465805112856,0.286858311601499,284.0
24,2492,389.03,388.03,0.0,0.0,0.0,0.0,0.0,0.0
24,2494,195.0,196.0,5.54907608489522,5.3230099791384085,5.247024072160486,5.405092086684711,0.1434134869457918,215.0
24,2539,159.11,160.11,6.003887067106539,6.269096283706261,5.976350909297934,6.072397242847037,0.1337188560361671,351.0
24,2569,234.74,314.34,6.517671272912275,6.161207321695077,5.783825182329737,6.060861823182354,0.3530626285067472,460.0
24,2577,298.82,298.82,4.804021044733257,4.804021044733257,5.442417710521793,4.935451920554363,0.3421253395868204,189.0
24,2581,564.6,564.6,5.739792912179234,5.783825182329737,6.961296045910167,6.300074381688455,0.6298476586948905,189.0
24,2631,53.41,86.39,0.0,0.0,0.0,0.0,0.0,0.0
24,2640,320.13,321.13,5.438079308923196,5.44673737166631,5.37989735354046,5.339616058734181,0.1665758987446313,27.0
24,2664,243.53,322.1,6.51471269087253,6.102558594613569,5.493061443340548,6.037646860026015,0.4196766283712114,728.0
24,2704,321.13,320.13,5.247024072160486,5.652489180268651,5.700443573390687,5.605750680325711,0.2497019698960478,338.0
24,2707,229.95,228.95,6.763884908562435,6.777646593635117,7.034387929915503,6.849801388617186,0.1256492559432992,1012.0
24,2760,169.78,243.53,6.159095388491933,4.90527477843843,5.313205979041787,5.508391989198,0.5313657151374434,473.0
24,2826,379.33,377.33,6.38856140554563,6.80903930604298,6.610696044717759,6.600335322612201,0.1718197163780226,796.0
24,2867,726.53,727.53,5.940171252720432,5.860786223465865,3.9889840465642745,4.624497930963195,1.5637620055831178,27.0
24,2956,641.23,639.23,4.912654885736052,4.394449154672439,4.564348191467836,4.718849634455447,0.2874873647584656,27.0
26,1062,154.26,155.23,6.159095388491933,6.068425588244111,6.008813185442595,6.069741748965255,0.0643764664983717,526.0
26,1109,311.43,309.43,5.605802066295998,5.652489180268651,5.652489180268651,5.523140994281346,0.2286333774334833,204.0
26,1207,354.05,356.05,4.804021044733257,4.700480365792417,4.418840607796598,4.535712430874595,0.266322133409583,148.0
26,1216,414.25,414.25,4.02535169073515,4.68213122712422,4.219507705176107,3.891511988162684,0.8792450756372582,28.0
26,1230,359.87,360.87,5.3230099791384085,5.176149732573829,5.170483995038151,5.230479283699254,0.0720833987205388,123.0
26,1247,403.58,401.58,0.0,0.0,0.0,0.0,0.0,0.0
26,1248,150.41,149.41,3.332204510175204,3.332204510175204,4.23410650459726,3.557680008780718,0.4509509972110211,69.0
26,1445,582.03,728.53,3.713572066704308,4.248495242049359,0.0,2.814476043689499,1.916400128855088,0.0
26,1525,319.13,319.13,3.332204510175204,0.0,0.0,0.833051127543801,1.6661022550876037,0.0
26,1543,484.09,483.09,2.70805020110221,2.772588722239781,4.68213122712422,3.480992566539944,0.9346169018124671,81.0
26,1558,548.08,547.08,5.099866427824199,5.176149732573829,5.973809611869261,5.237576534514926,0.5333069048020145,54.0
26,1727,446.23,446.23,5.497168225293202,5.181783550292085,4.23410650459726,5.023710457618658,0.5469950839672608,189.0
26,1754,330.83,329.83,5.863631175598097,5.823045895483019,5.971261839790462,5.814090217467489,0.156790972609991,285.0
26,1770,485.03,486.03,0.0,2.772588722239781,3.367295829986474,1.5349711380565638,1.788983310027315,0.0
26,1778,154.23,175.6,5.700443573390687,5.556828061699537,5.181783550292085,5.593487345250474,0.3156169567004454,350.0
26,1878,319.13,321.13,2.70805020110221,2.6390573296152584,3.737669618283368,2.9643414678101543,0.5184272779924666,80.0
26,1885,138.74,139.74,5.093750200806762,5.003946305945459,5.605802066295998,5.299140004097192,0.2949414833004635,202.0
26,1902,445.23,446.23,0.0,0.0,2.70805020110221,0.6770125502755525,1.354025100551105,0.0
26,1962,549.08,548.08,5.181783550292085,4.406719247264253,6.18826412308259,5.236812728919269,0.7306943399215351,41.0
26,1971,328.86,329.86,4.812184355372417,3.9889840465642745,4.418840607796598,4.403614541101432,0.3362358188082374,135.0
26,1993,131.92,132.92,5.375278407684165,5.247024072160486,5.54907608489522,5.338290528757989,0.1618874653084135,203.0
26,2126,436.53,508.31,0.0,3.332204510175204,2.70805020110221,2.450363706742744,1.6898343033491776,42.0
26,2139,260.93,260.93,0.0,4.007333185232471,3.7612001156935624,2.6018976576353228,1.8339832308868012,28.0
26,2290,271.63,270.63,5.934894195619588,5.937536205082426,5.902633333401366,5.856009493066147,0.1389325739705915,148.0
26,2304,482.09,484.09,2.70805020110221,3.713572066704308,2.6390573296152584,2.2651698993554437,1.587954479144833,41.0
26,2306,291.03,336.62,2.772588722239781,0.0,0.0,1.3701597308354976,1.5823435533376962,0.0
26,2322,350.17,350.17,5.017279836814924,4.02535169073515,5.093750200806762,4.7371415209323136,0.4891909701947483,148.0
26,2444,582.03,727.53,4.02535169073515,3.295836866004329,2.772588722239781,2.523444319744815,1.7589921512710358,0.0
26,2490,292.03,292.03,5.25227342804663,5.170483995038151,5.181783550292085,5.173034327152313,0.0674821919059438,96.0
26,2492,456.93,456.93,2.70805020110221,4.564348191467836,4.219507705176107,3.7148004819331577,0.838801983594659,40.0
26,2539,143.56,145.56,3.9889840465642745,3.9889840465642745,4.394449154672439,3.786251492510192,0.7022861679397504,40.0
26,2569,243.5,323.07,6.495265555937008,5.7430031878094825,5.093750200806762,5.606442286340004,0.6669237921292341,458.0
26,2577,194.03,282.33,0.0,0.0,0.0,0.0,0.0,0.0
26,2581,547.08,548.08,4.564348191467836,5.087596335232384,5.786897381366708,5.1331480272184224,0.501513913588295,161.0
26,2631,149.38,149.38,4.007333185232471,4.219507705176107,4.394449154672439,4.299000255896099,0.242566582314839,55.0
26,2640,319.13,319.13,4.564348191467836,3.713572066704308,4.248495242049359,4.236314027004525,0.3716314952607776,15.0
26,2664,248.35,321.07,6.240275845170769,6.07073772800249,4.700480365792417,5.687821712786227,0.6902594160042894,460.0
26,2704,320.13,319.13,2.772588722239781,2.772588722239781,3.367295829986474,2.22811831861651,1.5116362751456769,28.0
26,2707,202.76,236.74,5.318119993844216,5.247024072160486,5.602118820879701,5.271810953178132,0.2802656908058527,243.0
26,2760,182.36,260.93,3.9889840465642745,2.70805020110221,3.7612001156935624,2.6145585908400113,1.830162964145183,55.0
26,2826,325.92,325.92,4.553876891600541,5.442417710521793,4.812184355372417,4.996157172517145,0.3920049463088426,94.0
26,2867,581.03,728.53,3.332204510175204,4.007333185232471,0.0,2.5280316044118636,1.7593350264771168,0.0
27,1062,192.12,190.12,6.51471269087253,6.7464121285733745,6.573680166960646,6.582894994148103,0.113854070126585,783.0
27,1109,299.79,299.79,6.93537044601511,6.866933284461882,6.714170529909472,6.82381478951791,0.0972169805577522,1094.0
27,1198,171.75,189.18,4.804021044733257,4.6913478822291435,3.9889840465642745,4.475798395330818,0.3625943962651565,27.0
27,1207,389.0,388.0,5.0106352940962555,5.438079308923196,3.332204510175204,4.675225009755695,0.9234096709741284,81.0
27,1216,436.56,434.56,4.553876891600541,5.093750200806762,4.02535169073515,4.415490707426683,0.5206736215184625,69.0
27,1230,385.12,384.12,5.003946305945459,5.181783550292085,4.820281565605037,5.00248943194701,0.1475921547075891,176.0
27,1247,445.23,446.23,2.70805020110221,2.70805020110221,0.0,2.047172281111051,1.3651205822042467,26.0
27,1248,165.93,165.93,3.713572066704308,4.23410650459726,4.394449154672439,4.140408857787528,0.2953878779613266,108.0
27,1311,171.75,297.85,3.737669618283368,4.406719247264253,3.7612001156935624,4.1515173367584,0.4796199500711616,28.0
27,1438,196.0,194.0,5.7430031878094825,5.54907608489522,5.7430031878094825,5.554216502701568,0.264583668482991,324.0
27,1445,667.39,666.39,5.44673737166631,5.971261839790462,3.367295829986474,4.356088092764626,1.6045982740425977,53.0
27,1525,320.13,319.13,4.6913478822291435,4.912654885736052,5.181783550292085,5.008202597604441,0.2560548897820631,203.0
27,1543,486.03,485.03,4.219507705176107,4.248495242049359,4.68213122712422,4.490579632430526,0.3012233130972542,135.0
27,1558,564.6,548.08,5.442417710521793,4.912654885736052,6.342121418721152,5.765486192957727,0.7125823189993284,135.0
27,1571,641.23,641.23,4.394449154672439,4.007333185232471,4.804021044733257,3.961215178563356,0.9395462830855944,96.0
27,1727,466.63,464.63,6.042632833682381,5.863631175598097,5.82600010738045,5.918108842345339,0.0956465883711771,377.0
27,1754,318.16,318.16,6.133398042996649,6.244166900663736,5.860786223465865,6.126861862708128,0.1869314222715306,554.0
27,1770,486.03,484.03,0.0,0.0,2.772588722239781,0.6931471805599457,1.38629436111989,41.0
27,1778,192.12,191.12,6.664409020350408,6.647688373563329,6.536691597591305,6.586767785245369,0.0818062992216946,717.0
27,1803,155.23,272.63,4.23410650459726,5.176149732573829,4.418840607796598,4.683592905851529,0.4335461853221933,297.0
27,1847,196.0,196.0,4.6913478822291435,5.501258210544727,5.099866427824199,5.136186487161175,0.3395850763340947,175.0
27,1878,319.13,320.13,3.332204510175204,4.007333185232471,4.700480365792417,3.703151695859968,0.8348133757086814,68.0
27,1885,159.11,151.35,7.463936604468925,7.463363045520021,7.277247726631484,7.388122799942279,0.0918630494617708,1540.0
27,1902,447.23,446.23,2.772588722239781,3.713572066704308,3.7612001156935624,3.2388527764349657,0.5765872844010042,0.0
27,1962,563.6,562.6,5.652489180268651,5.7430031878094825,6.9985096422506015,6.246418935584348,0.6560033726704103,339.0
27,1971,344.35,346.35,5.087596335232384,4.820281565605037,3.713572066704308,4.751486257582704,0.729307615436062,149.0
27,1993,156.17,151.38,6.9985096422506015,6.894670039433482,7.011213987350367,7.010020254015648,0.0987113797101454,337.0
27,2126,507.31,509.31,0.0,0.0,0.0,0.841823957496619,1.6836479149932269,0.0
27,2139,292.03,292.03,4.564348191467836,3.295836866004329,3.7612001156935624,3.845646322214823,0.5269677847831951,82.0
27,2290,298.79,298.79,7.010311867307229,7.135687347028144,6.680854678790215,6.8546319062835614,0.2598550475744129,635.0
27,2304,484.03,484.03,3.9889840465642745,4.219507705176107,4.406719247264253,4.160140672434947,0.1930354875046364,80.0
27,2306,244.5,335.62,2.6390573296152584,2.70805020110221,2.70805020110221,3.015622729263037,0.6619397880093257,135.0
27,2322,380.24,380.24,5.384495062789089,5.093750200806762,5.017279836814924,5.166502273862232,0.1582160021192938,258.0
27,2444,728.53,727.53,5.375278407684165,5.247024072160486,2.772588722239781,3.3487228005211085,2.533531804794692,26.0
27,2490,292.03,291.03,5.25227342804663,5.54907608489522,5.598421958998375,5.428244362745502,0.1710363693565547,69.0
27,2492,389.03,387.03,3.295836866004329,4.248495242049359,4.394449154672439,4.123164538581667,0.5654754156207941,40.0
27,2494,196.0,196.0,5.976350909297934,5.556828061699537,6.037870919922137,5.867736811125525,0.2148186741250841,405.0
27,2539,158.14,158.14,5.099866427824199,5.176149732573829,5.860786223465865,5.446444155506274,0.367819240050903,244.0
27,2569,245.47,338.56,6.761572768804055,5.823045895483019,5.652489180268651,5.933569017462231,0.5678195426397068,798.0
27,2577,320.13,321.13,4.68213122712422,3.295836866004329,3.295836866004329,3.880575050295559,0.6980198326811624,26.0
27,2581,563.6,562.6,5.602118820879701,5.247024072160486,6.948897222313312,6.097771162373983,0.8039803351297858,324.0
27,2631,162.02,162.02,2.6390573296152584,4.23410650459726,4.6913478822291435,3.989740217778525,0.9201633523326668,81.0
27,2640,319.13,320.13,4.564348191467836,4.406719247264253,4.804021044733257,4.646818209709441,0.1970681008746199,28.0
27,2664,224.13,337.56,6.747586526829315,5.099866427824199,5.181783550292085,5.53074667643809,0.8122188115012484,473.0
27,2704,320.13,321.13,4.406719247264253,4.394449154672439,4.912654885736052,4.601292792475472,0.2487967224501591,28.0
27,2707,234.8,232.8,6.761572768804055,6.9975959829819265,6.9865664594064265,6.9168483488358845,0.1088032408091035,1203.0
27,2760,163.99,242.53,5.6937321388027,4.553876891600541,4.007333185232471,4.707413298534774,0.7080772918509232,256.0
27,2826,375.45,375.45,6.432940092739179,6.39024066706535,6.342121418721152,6.292913834531854,0.1946092427375856,580.0
27,2867,726.53,727.53,5.318119993844216,5.176149732573829,2.6390573296152584,3.960344314283878,1.4872544562507233,13.0
27,2956,640.23,640.23,4.02535169073515,3.7612001156935624,4.574710978503383,4.26315266679031,0.4430671099985953,28.0
29,1062,157.2,178.51,5.8664680569332965,6.434546518787453,5.860786223465865,6.057556596857681,0.269241493920452,487.0
29,1109,275.48,275.48,5.786897381366708,5.37989735354046,5.003946305945459,5.354441278253278,0.3276438486461099,243.0
29,1207,369.63,368.63,2.6390573296152584,3.332204510175204,4.02535169073515,3.5540303089254297,0.719116645088642,27.0
29,1216,417.13,417.13,5.25227342804663,5.313205979041787,3.713572066704308,4.510062897371572,0.8927687999699284,26.0
29,1230,352.14,353.14,3.9889840465642745,2.6390573296152584,4.02535169073515,2.6633482667286708,1.889124805061694,41.0
29,1247,447.23,446.23,2.6390573296152584,3.332204510175204,0.0,1.4928154599476156,1.746827457305915,0.0
29,1248,146.5,146.5,3.737669618283368,0.0,3.332204510175204,2.7647145437557117,1.8628981688932391,28.0
29,1445,727.53,726.53,3.713572066704308,4.02535169073515,2.70805020110221,2.6117434896354172,1.8296441728551671,15.0
29,1525,320.13,320.13,4.02535169073515,3.332204510175204,0.0,1.8393890502275885,2.142711274635302,28.0
29,1543,484.09,484.09,4.007333185232471,4.248495242049359,3.9889840465642745,3.989596135137603,0.2187334843385846,53.0
29,1558,512.19,512.19,5.598421958998375,4.919980925828125,5.318119993844216,5.33342277599098,0.2990013811391074,41.0
29,1571,582.03,583.03,2.70805020110221,3.367295829986474,3.367295829986474,3.357906476909858,0.5230514308777898,41.0
29,1727,422.95,422.95,4.6913478822291435,5.170483995038151,5.247024072160486,5.02987281088101,0.2462352430475945,215.0
29,1754,286.18,287.18,6.729824070489475,6.810142450115136,6.434546518787453,6.601863283032811,0.1968790816580508,782.0
29,1770,425.83,484.03,2.6390573296152584,0.0,3.295836866004329,2.1607360991804496,1.4703262865537472,26.0
29,1778,164.93,155.26,5.241747015059643,4.574710978503383,4.919980925828125,4.885114991031102,0.277686221655215,122.0
29,1878,319.13,321.13,3.332204510175204,4.007333185232471,2.70805020110221,3.513730270435589,0.6243288798785243,42.0
29,1885,121.25,122.25,4.919980925828125,5.176149732573829,5.176149732573829,4.961747842369791,0.2848849769966097,150.0
29,1902,445.23,445.23,0.0,0.0,0.0,0.0,0.0,0.0
29,1962,513.19,513.19,4.90527477843843,4.812184355372417,6.008813185442595,5.407908541827003,0.6366773617829433,69.0
29,1971,291.06,289.06,5.241747015059643,5.697093486505405,5.598421958998375,5.644973823561451,0.3294480650950607,149.0
29,1993,121.28,120.28,5.170483995038151,5.384495062789089,5.44673737166631,5.275395714329437,0.1664107675191813,148.0
29,2104,582.03,581.03,0.0,0.0,0.0,0.8239592165010823,1.647918433002166,55.0
29,2126,508.31,507.31,0.0,2.6390573296152584,3.295836866004329,1.483723548904898,1.7341109112942636,14.0
29,2139,287.15,288.15,3.332204510175204,2.6390573296152584,4.219507705176107,2.5476923862416427,1.817462496725768,96.0
29,2290,247.35,247.35,6.410174881966167,6.2422232654551655,6.498282149476434,6.453453248222142,0.1755621673460823,284.0
29,2304,483.09,482.09,3.737669618283368,3.737669618283368,2.772588722239781,3.403805947198248,0.455594145222832,28.0
29,2306,242.53,335.62,2.6390573296152584,2.70805020110221,2.6390573296152584,1.996541215083183,1.331424772637501,55.0
29,2322,353.08,354.08,4.406719247264253,4.394449154672439,3.713572066704308,4.329690378343564,0.4526656237495554,68.0
29,2444,582.03,726.53,2.70805020110221,2.70805020110221,0.0,2.1870762280949063,1.4874417603187071,0.0
29,2490,279.36,279.36,5.786897381366708,4.804021044733257,5.0106352940962555,5.1303836615060865,0.445769673213318,217.0
29,2492,447.23,446.23,3.367295829986474,3.367295829986474,3.713572066704308,3.4450920592131147,0.1797494735402865,28.0
29,2539,121.31,120.31,4.23410650459726,4.418840607796598,5.099866427824199,4.378503413977905,0.5549491017087282,122.0
29,2569,245.47,340.53,6.434546518787453,6.777646593635117,6.100318952020064,6.394928153245999,0.2893394442245972,406.0
29,2577,321.13,319.13,4.248495242049359,2.6390573296152584,0.0,2.5549392704599554,1.8263865605241971,42.0
29,2581,512.19,512.19,4.564348191467836,4.68213122712422,5.3230099791384085,4.97190234789367,0.4054671873028407,150.0
29,2631,149.38,149.38,4.219507705176107,4.23410650459726,4.406719247264253,4.056907321756023,0.4675363899906004,123.0
29,2640,321.13,319.13,4.418840607796598,3.7612001156935624,4.02535169073515,4.109874729705643,0.2826137401062366,41.0
29,2664,248.38,340.53,5.902633333401366,6.495265555937008,5.902633333401366,6.020318934633017,0.3218024631536537,297.0
29,2704,320.13,320.13,2.70805020110221,0.0,4.02535169073515,2.685183769267458,1.8933976413060456,41.0
29,2707,200.82,200.82,6.042632833682381,5.384495062789089,5.003946305945459,5.482060606927533,0.4291781998766857,188.0
29,2760,182.36,260.93,3.7612001156935624,3.7612001156935624,0.0,2.87784606948785,1.9215665783993523,69.0
29,2826,327.92,325.92,5.25227342804663,5.652489180268651,5.384495062789089,5.4172887561612075,0.1683476970716876,109.0
29,2867,726.53,727.53,0.0,0.0,0.0,0.0,0.0,0.0
29,2956,581.03,582.03,0.0,0.0,2.6390573296152584,0.6597643324038146,1.3195286648076292,0.0
30,1062,189.18,189.18,6.003887067106539,6.218600119691729,6.214608098422191,6.1420804436759004,0.1005497209839175,582.0
30,1109,265.81,265.81,6.664409020350408,6.516193076042964,6.366470447731438,6.4834879658718645,0.1376328235039615,661.0
30,1198,203.73,243.53,5.438079308923196,5.375278407684165,5.497168225293202,5.328618061961506,0.222095969619041,123.0
30,1207,384.15,384.15,5.087596335232384,4.02535169073515,4.700480365792417,4.591826320840123,0.4396692978391579,149.0
30,1216,416.13,416.13,5.0106352940962555,3.9889840465642745,3.332204510175204,3.906915179210016,0.8017984886004811,27.0
30,1230,388.0,388.0,4.700480365792417,4.574710978503383,4.820281565605037,4.728938618876469,0.1173074380388532,55.0
30,1247,446.23,445.23,2.70805020110221,4.02535169073515,3.7612001156935624,3.4476097183838132,0.5779584766580073,14.0
30,1248,164.93,163.93,4.574710978503383,3.332204510175204,2.6390573296152584,3.780170949199307,0.9601044977197708,28.0
30,1311,170.75,339.53,5.176149732573829,5.017279836814924,5.241747015059643,5.28390503945977,0.2932472529670292,296.0
30,1438,194.0,195.0,4.553876891600541,4.406719247264253,4.700480365792417,4.355569155087694,0.4139970163139804,68.0
30,1445,728.53,727.53,5.648974238161206,5.937536205082426,0.0,3.556391943214723,2.801081642509981,41.0
30,1525,320.13,321.13,3.737669618283368,5.093750200806762,5.493061443340548,4.875157748751127,0.7776166701667129,256.0
30,1543,486.03,486.03,4.219507705176107,3.332204510175204,3.332204510175204,3.727317104065416,0.4630709543811466,135.0
30,1558,562.6,563.6,5.093750200806762,5.181783550292085,6.516193076042964,5.832104606183279,0.8026008901753459,162.0
30,1571,641.23,641.23,3.367295829986474,3.332204510175204,4.23410650459726,3.9085218026378383,0.6728721867159595,26.0
30,1727,465.63,464.63,5.605802066295998,6.042632833682381,5.652489180268651,5.724836509811351,0.2132123174663752,256.0
30,1754,320.16,318.16,6.366470447731438,6.434546518787453,6.573680166960646,6.451507053853254,0.0872777626120462,620.0
30,1770,485.03,485.03,2.772588722239781,0.0,2.6390573296152584,2.2873289175346025,1.6015150825770914,13.0
30,1778,189.21,187.21,5.937536205082426,6.410174881966167,5.934894195619588,6.150843394229691,0.2505070228562951,474.0
30,1803,193.03,194.03,5.863631175598097,5.493061443340548,5.697093486505405,5.677444479065976,0.1522157353857933,190.0
30,1847,195.0,195.0,5.0106352940962555,4.418840607796598,4.007333185232471,4.560207532964645,0.4427131684024194,123.0
30,1878,321.13,320.13,3.7612001156935624,3.9889840465642745,4.553876891600541,4.3270018399509595,0.5609853589652908,96.0
30,1885,158.11,159.11,7.045776576879511,6.920671504248683,6.838405200847344,6.957153059178495,0.0961291334982611,932.0
30,1902,447.23,447.23,0.0,3.367295829986474,3.713572066704308,2.4472295244482485,1.6839541968845952,67.0
30,1962,563.6,564.6,5.552959584921617,5.170483995038151,6.837332814685591,6.179627969723816,0.9661529898198566,258.0
30,1971,345.35,344.35,5.241747015059643,5.54907608489522,5.493061443340548,5.323629959347916,0.2477925613179769,176.0
30,1993,160.11,160.11,6.47543271670409,6.682108597449809,6.716594773520978,6.6434091069591386,0.1128658296084859,323.0
30,2126,485.03,509.31,3.332204510175204,2.772588722239781,4.553876891600541,3.341680081279434,0.8553484072562563,53.0
30,2139,291.03,292.03,3.367295829986474,3.9889840465642745,4.68213122712422,4.064479702212768,0.546897928819905,54.0
30,2290,285.18,287.18,6.008813185442595,6.38856140554563,6.368187186350492,6.251946260698471,0.1745316394601308,312.0
30,2304,484.03,485.03,2.6390573296152584,3.713572066704308,4.219507705176107,3.336181455933864,0.7585749254723855,54.0
30,2306,243.5,335.62,2.6390573296152584,0.0,0.0,1.6000643613272052,1.9035428423277416,136.0
30,2322,389.0,388.0,5.44673737166631,5.552959584921617,5.934894195619588,5.5797715537491515,0.2467535707040244,217.0
30,2444,726.53,727.53,5.497168225293202,5.746203190540153,0.0,3.751142882881728,2.6520460153915955,26.0
30,2490,292.03,290.03,5.648974238161206,5.739792912179234,5.746203190540153,5.671982481450553,0.090926338924713,256.0
30,2492,388.03,388.03,2.6390573296152584,4.406719247264253,4.553876891600541,4.070446173901069,0.960870693098544,27.0
30,2494,195.0,195.0,4.007333185232471,3.737669618283368,0.0,1.93625070087896,2.238498479359691,94.0
30,2539,158.11,158.11,5.6937321388027,5.940171252720432,5.860786223465865,5.98150517423062,0.3169848709855923,379.0
30,2569,246.41,335.62,6.731018100482083,5.552959584921617,5.25227342804663,5.31245579503866,1.242338142563201,312.0
30,2577,319.13,320.13,5.017279836814924,4.574710978503383,4.564348191467836,4.769079983153567,0.2338579899234732,67.0
30,2581,563.6,562.6,5.087596335232384,5.017279836814924,6.366470447731438,5.80443968708803,0.8825485213117901,189.0
30,2631,165.93,164.93,4.394449154672439,4.574710978503383,4.219507705176107,4.498172220771297,0.2502092932239728,67.0
30,2640,321.13,319.13,4.6913478822291435,5.384495062789089,5.170483995038151,4.952668782881055,0.3885867116870578,109.0
30,2664,248.35,338.56,6.368187186350492,5.181783550292085,4.418840607796598,5.218521530719402,0.8287930793719959,229.0
30,2704,321.13,319.13,5.241747015059643,5.093750200806762,5.25227342804663,5.20869867901838,0.0767527191062961,68.0
30,2707,236.68,238.68,6.39024066706535,6.4967749901858625,6.2166061010848646,6.315679286707002,0.1556588861892057,648.0
30,2760,161.99,242.53,5.905361848054571,2.6390573296152584,0.0,3.3642685158514705,2.626714651727701,190.0
30,2826,377.33,378.33,6.18826412308259,5.863631175598097,5.556828061699537,5.941954687218039,0.2956774777249578,364.0
30,2867,728.53,727.53,4.804021044733257,5.017279836814924,0.0,3.132337770662598,2.3337445884787273,41.0
30,2956,641.23,639.23,3.9889840465642745,4.02535169073515,2.772588722239781,3.698564411192919,0.6174956472272933,15.0
32,1062,156.2,155.2,5.556828061699537,5.739792912179234,6.040254711277414,5.722458817519451,0.2290984053864405,338.0
32,1109,298.76,300.76,6.037870919922137,6.068425588244111,5.700443573390687,5.952656787165869,0.1701958778487328,378.0
32,1207,369.63,367.63,4.912654885736052,4.6913478822291435,5.3230099791384085,4.986073145979632,0.2625220683561308,108.0
32,1216,395.79,396.79,3.713572066704308,4.394449154672439,3.367295829986474,3.710653220337425,0.4842086308243766,82.0
32,1230,369.63,369.63,5.099866427824199,4.219507705176107,5.552959584921617,4.893203520928585,0.5683296835904783,107.0
32,1247,446.23,447.23,3.7612001156935624,2.70805020110221,3.295836866004329,3.274322923243826,0.4326381568193809,0.0
32,1248,155.26,155.26,0.0,2.70805020110221,3.332204510175204,2.611743489635417,1.877185933866523,13.0
32,1445,582.03,727.53,4.812184355372417,4.68213122712422,4.007333185232471,4.05242474220783,0.9631789522591608,0.0
32,1525,319.13,319.13,3.713572066704308,3.295836866004329,4.248495242049359,4.04447127514653,0.7019237119532662,81.0
32,1543,483.09,483.09,4.007333185232471,4.007333185232471,5.181783550292085,4.50215856903236,0.59096261140997,163.0
32,1558,513.19,511.19,5.37989735354046,5.313205979041787,6.131226489483141,5.681740788866689,0.399064855544343,175.0
32,1571,582.03,581.03,4.919980925828125,3.737669618283368,4.820281565605037,4.5105700752960916,0.5365959541381239,134.0
32,1727,423.95,422.95,5.438079308923196,5.602118820879701,5.905361848054571,5.692151468335122,0.2123287991728642,244.0
32,1754,292.03,291.03,6.612041034833092,6.553933404025811,6.648984550024776,6.533931820783565,0.1473962145618379,797.0
32,1770,484.03,484.03,0.0,0.0,2.70805020110221,1.370159730835498,1.5823435533377015,0.0
32,1778,156.17,155.23,5.780743515792329,5.6937321388027,5.493061443340548,5.666995167831566,0.1225088957725984,244.0
32,1878,319.13,321.13,4.820281565605037,4.68213122712422,4.574710978503383,4.521114239116278,0.3569645834292543,67.0
32,1885,118.37,118.37,6.07073772800249,5.7430031878094825,4.23410650459726,5.4785788693356325,0.8405834922938282,324.0
32,1902,445.23,446.23,2.6390573296152584,0.0,3.332204510175204,2.334639417444234,1.5921397400285855,28.0
32,1962,512.19,513.19,5.905361848054571,5.3230099791384085,5.823045895483019,5.773512639089595,0.3136962879147024,256.0
32,1971,291.06,291.06,5.937536205082426,5.7430031878094825,5.905361848054571,5.757079737867068,0.2263938025330103,377.0
32,1993,120.34,118.34,6.0063531596017325,6.129050210060545,5.971261839790462,6.036729980182538,0.0676862300349117,310.0
32,2104,582.03,582.03,5.099866427824199,5.247024072160486,4.700480365792417,4.96284797762759,0.2540294384193698,135.0
32,2126,435.53,509.31,3.367295829986474,0.0,4.394449154672439,2.995313172458755,2.0466644285492475,40.0
32,2139,287.15,288.15,4.418840607796598,3.737669618283368,3.295836866004329,3.803386801944464,0.4627774084574905,94.0
32,2290,261.96,261.96,6.57507584059962,6.777646593635117,6.318968113746434,6.4644747929704165,0.2638897642425109,338.0
32,2304,484.09,482.09,3.295836866004329,4.007333185232471,4.007333185232471,3.7620432136881594,0.335795955432296,68.0
32,2306,243.53,337.62,2.6390573296152584,3.332204510175204,4.219507705176107,3.4760854029177195,0.6659315134367442,27.0
32,2322,358.96,356.96,4.919980925828125,5.181783550292085,4.919980925828125,5.048057349246622,0.1479618429609281,121.0
32,2444,581.03,728.53,4.6913478822291435,4.219507705176107,2.70805020110221,3.9065597434349826,0.8486085197121896,0.0
32,2490,279.36,279.36,5.6937321388027,5.552959584921617,5.087596335232384,5.411873509499622,0.267233066135146,163.0
32,2492,447.23,445.23,4.68213122712422,2.772588722239781,3.295836866004329,3.622056608412925,0.8093494455968478,26.0
32,2539,121.31,119.31,5.181783550292085,4.804021044733257,4.564348191467836,4.912504803579345,0.2831943821012977,96.0
32,2569,244.44,339.53,6.714170529909472,6.100318952020064,5.552959584921617,6.1944059872043296,0.4956535258260644,595.0
32,2577,319.13,321.13,3.332204510175204,3.737669618283368,4.68213122712422,3.771052466439498,0.6367506000930298,41.0
32,2581,511.19,513.19,5.697093486505405,5.375278407684165,6.411818267709897,5.904397051224029,0.4592962196155405,257.0
32,2631,151.32,153.32,5.003946305945459,4.68213122712422,5.003946305945459,4.777216111702934,0.2830119544223899,96.0
32,2640,320.13,321.13,5.375278407684165,4.90527477843843,5.25227342804663,5.194962671582427,0.2020129965759495,82.0
32,2664,239.62,339.53,6.456769655572163,6.073044534100405,5.493061443340548,5.929151942953954,0.4260997287392483,634.0
32,2704,321.13,321.13,5.3230099791384085,4.812184355372417,5.6937321388027,5.183550312937989,0.4062365655128312,123.0
32,2707,203.73,202.73,5.739792912179234,5.971261839790462,5.976350909297934,5.765671017237949,0.2826833736131117,364.0
32,2760,183.36,261.93,3.367295829986474,0.0,4.23410650459726,2.7243098001470156,1.8656030479465255,28.0
32,2826,325.92,327.92,5.556828061699537,5.8998973535824915,6.003887067106539,5.822389524999693,0.1910625503361481,339.0
32,2867,581.03,727.53,4.219507705176107,3.737669618283368,2.70805020110221,3.4993580086842218,0.6401865215261263,15.0
32,2956,582.03,581.03,4.02535169073515,4.23410650459726,4.68213122712422,4.068448483157958,0.5621273911311415,40.0
34,1062,155.2,179.45,5.247024072160486,5.087596335232384,5.170483995038151,5.289398395674918,0.2506625935581327,285.0
34,1109,295.88,295.88,5.860786223465865,6.186208623900494,5.655991810819852,5.827197181120552,0.2635302104760091,283.0
34,1207,348.23,349.23,3.9889840465642745,3.737669618283368,3.367295829986474,3.7137874026319193,0.2572987422758769,68.0
34,1216,290.03,416.13,4.418840607796598,4.700480365792417,3.7612001156935624,3.91327745288059,0.8562672531405018,0.0
34,1230,350.2,349.2,3.367295829986474,3.7612001156935624,4.23410650459726,2.8406506125693243,1.92663625683456,26.0
34,1247,445.23,447.23,0.0,2.772588722239781,2.772588722239781,2.0460586935237055,1.3654907939397647,13.0
34,1248,153.26,154.26,3.367295829986474,3.713572066704308,3.713572066704308,3.522569207349855,0.2224721412469478,0.0
34,1445,726.53,726.53,4.007333185232471,4.219507705176107,3.7612001156935624,4.101720403474685,0.282431163170361,28.0
34,1525,320.13,321.13,4.564348191467836,4.574710978503383,4.394449154672439,4.323677110084305,0.3839833433982063,109.0
34,1543,482.09,484.09,4.564348191467836,4.007333185232471,4.007333185232471,4.203280266632509,0.2633823714110368,123.0
34,1558,511.19,513.19,4.564348191467836,3.7612001156935624,6.0063531596017325,4.929099132388055,0.9772227747844148,28.0
34,1571,583.03,583.03,5.176149732573829,5.241747015059643,5.318119993844216,5.035683997185485,0.4233042007058578,94.0
34,1727,422.95,422.95,5.44673737166631,5.442417710521793,5.176149732573829,5.361300542075598,0.1271562169447143,175.0
34,1754,292.03,290.03,5.937536205082426,6.042632833682381,6.073044534100405,6.006118853163919,0.0625324143712709,378.0
34,1770,486.03,486.03,2.6390573296152584,0.0,2.772588722239781,2.1768707294648424,1.478664686780755,0.0
34,1778,153.32,161.05,5.017279836814924,5.0106352940962555,4.700480365792417,4.934757697699963,0.1562162933879227,109.0
34,1878,321.13,321.13,5.247024072160486,4.812184355372417,5.087596335232384,5.097137944456232,0.2038522543553476,175.0
34,1885,119.31,120.31,5.82600010738045,6.2166061010848646,6.07073772800249,6.075402014887598,0.177857167848595,499.0
34,1902,445.23,447.23,2.6390573296152584,0.0,0.0,0.6597643324038148,1.31952866480763,13.0
34,1962,512.19,513.19,5.313205979041787,4.564348191467836,6.366470447731438,5.690054423571007,0.9218230094020564,109.0
34,1971,289.06,291.06,5.384495062789089,5.605802066295998,5.598421958998375,5.34818503320418,0.377013668791547,243.0
34,1993,122.25,122.25,5.902633333401366,5.384495062789089,5.8289456176102075,5.507182224884178,0.457685538648366,270.0
34,2104,582.03,582.03,5.017279836814924,3.9889840465642745,4.007333185232471,4.456445355996022,0.5358194248986958,122.0
34,2126,509.31,509.31,0.0,0.0,3.713572066704308,1.6054055669516294,1.8986701704701237,0.0
34,2139,292.03,290.03,4.02535169073515,3.367295829986474,3.367295829986474,3.5230369652208253,0.3352848101616695,13.0
34,2290,260.96,259.96,6.008813185442595,6.29156913955832,6.1903154058531475,6.08858222661304,0.1901923604033207,96.0
34,2304,484.09,483.09,0.0,3.9889840465642745,2.6390573296152584,2.5914277486157253,1.824353801852097,14.0
34,2306,243.53,336.62,3.332204510175204,0.0,4.007333185232471,2.8412223465357056,1.9214217565287623,14.0
34,2322,368.63,368.63,4.02535169073515,4.574710978503383,4.553876891600541,4.541143713733832,0.4032173318459726,94.0
34,2444,727.53,728.53,3.7612001156935624,4.248495242049359,2.772588722239781,2.695571019995676,1.8990501010889973,42.0
34,2490,279.36,280.36,4.007333185232471,4.6913478822291435,4.90527477843843,4.39823497311608,0.4702109704959265,68.0
34,2492,447.23,447.23,0.0,3.713572066704308,2.6390573296152584,2.689837160895956,1.9350727634264355,26.0
34,2539,117.37,119.37,5.181783550292085,5.384495062789089,5.493061443340548,5.244830245562462,0.2520760169986201,175.0
34,2569,242.5,285.24,5.44673737166631,5.003946305945459,5.318119993844216,5.286020519785038,0.1952717041960846,135.0
34,2577,321.13,321.13,4.02535169073515,2.772588722239781,4.23410650459726,3.58197094589413,0.6730130180669682,82.0
34,2581,512.19,511.19,4.912654885736052,5.087596335232384,6.317164686747284,5.468560992353814,0.6277167553973392,109.0
34,2631,142.65,140.65,4.23410650459726,4.23410650459726,3.295836866004329,2.941012468799713,2.009945195381986,0.0
34,2640,320.13,319.13,4.68213122712422,5.438079308923196,3.713572066704308,4.731883200889621,0.7458984500877833,148.0
34,2664,243.5,340.53,5.313205979041787,5.093750200806762,5.003946305945459,4.991194844348637,0.3191751679841971,366.0
34,2704,320.13,321.13,5.3230099791384085,5.37989735354046,5.017279836814924,4.984923718667475,0.5345450039845802,109.0
34,2707,210.52,211.52,6.163314804034641,5.087596335232384,5.54907608489522,5.656496832885674,0.4548929578384382,256.0
34,2760,183.36,260.93,4.553876891600541,4.812184355372417,4.6913478822291435,3.5143522823005258,2.345276821585362,188.0
34,2826,327.92,327.92,6.293419278846481,5.940171252720432,5.44673737166631,5.930145653627659,0.3549064717462573,285.0
34,2867,726.53,728.53,5.093750200806762,4.553876891600541,4.553876891600541,4.383427123545761,0.7455946404964314,14.0
34,2956,582.03,582.03,5.3230099791384085,4.553876891600541,4.812184355372417,4.813354854394801,0.3601309241573482,216.0
36,1062,190.15,189.15,6.003887067106539,6.07073772800249,6.218600119691729,6.14666104841181,0.1327428196384185,607.0
36,1109,298.79,298.79,6.535241271013659,6.880384082186005,6.476972362889683,6.5969658180065895,0.1905056471147806,730.0
36,1198,170.75,227.01,4.394449154672439,5.438079308923196,5.093750200806762,5.16732046305297,0.5795008182349336,134.0
36,1207,388.0,389.0,3.367295829986474,4.23410650459726,3.9889840465642745,3.739420552783621,0.4411914727883419,13.0
36,1216,417.13,417.13,3.332204510175204,4.553876891600541,4.394449154672439,4.128659265261362,0.546782586971455,41.0
36,1230,388.0,389.0,4.820281565605037,4.02535169073515,4.700480365792417,4.559365376090437,0.3608234546805411,122.0
36,1247,445.23,447.23,3.713572066704308,3.713572066704308,4.23410650459726,3.5923252097770213,0.638547080482313,28.0
36,1248,164.93,163.93,3.713572066704308,3.737669618283368,3.332204510175204,3.6976948450988383,0.2776743627947332,53.0
36,1311,163.02,194.97,5.8664680569332965,5.25227342804663,5.783825182329737,5.555171665288469,0.3147108256612498,285.0
36,1438,196.0,194.0,5.181783550292085,4.90527477843843,4.812184355372417,4.9278567598688365,0.174879931289958,123.0
36,1445,727.53,727.53,5.493061443340548,5.8664680569332965,4.219507705176107,4.9964391131785515,0.8072537880124122,55.0
36,1525,320.13,319.13,5.442417710521793,5.697093486505405,5.438079308923196,5.610305420387123,0.2078093864318681,269.0
36,1543,484.03,484.03,4.812184355372417,4.248495242049359,4.219507705176107,4.321880121957589,0.3440946909522238,28.0
36,1558,564.6,564.6,4.574710978503383,4.912654885736052,6.366470447731438,5.363064567742311,0.7930083490368526,53.0
36,1571,640.23,641.23,4.553876891600541,3.9889840465642745,4.6913478822291435,4.6368536998589365,0.5437653476261369,108.0
36,1727,464.63,464.63,5.099866427824199,5.602118820879701,5.602118820879701,5.476555722615825,0.2511261965277636,215.0
36,1754,318.16,318.16,6.495265555937008,6.556778356158042,6.318968113746434,6.376102517209533,0.190624753936941,607.0
36,1770,486.03,486.03,0.0,0.0,3.295836866004329,1.483723548904897,1.7341109112942643,27.0
36,1778,190.18,190.18,6.368187186350492,6.068425588244111,6.040254711277414,6.173866901390936,0.1513621725436399,392.0
36,1803,217.31,216.31,5.44673737166631,4.919980925828125,5.780743515792329,5.472616250274062,0.397545396120165,338.0
36,1847,195.0,194.0,4.820281565605037,4.418840607796598,4.804021044733257,4.6813186113147776,0.1855280324795719,121.0
36,1878,320.13,321.13,5.0106352940962555,4.90527477843843,5.247024072160486,4.849260162323108,0.4342847456665428,202.0
36,1885,157.17,158.17,7.081708586105575,7.103322062526113,7.247080584585756,7.110605775131169,0.0992846775106104,878.0
36,1902,445.23,446.23,0.0,0.0,3.295836866004329,1.5171063970610277,1.764779645356181,55.0
36,1962,563.6,562.6,6.008813185442595,5.746203190540153,6.9726062513017535,6.415504959303265,0.6306013198793604,204.0
36,1971,346.35,344.35,5.442417710521793,5.241747015059643,5.605802066295998,5.432011525200157,0.1489394090289433,134.0
36,1993,157.14,157.14,6.432940092739179,6.453624998892692,6.53813982376767,6.409828253455434,0.1378732268344102,177.0
36,2126,485.03,485.03,3.367295829986474,0.0,3.713572066704308,2.42998130657651,1.6807424638139092,67.0
36,2139,281.33,282.33,3.367295829986474,4.812184355372417,4.23410650459726,4.109734595172825,0.5964449770853774,80.0
36,2290,282.33,281.33,6.665683717782408,6.6293632534374485,6.295266001439646,6.483108597845163,0.1913864540697747,528.0
36,2304,485.03,484.03,4.007333185232471,4.574710978503383,3.737669618283368,3.756940995780359,0.7814489273848064,94.0
36,2306,244.5,336.62,3.737669618283368,2.70805020110221,3.9889840465642745,3.2856885167630168,0.6748440723132162,68.0
36,2322,383.18,383.18,4.68213122712422,5.093750200806762,4.700480365792417,4.72380060038,0.2781746896832771,203.0
36,2444,728.53,727.53,5.54907608489522,5.783825182329737,4.553876891600541,4.968940551347443,0.8432450794411717,55.0
36,2490,292.03,291.03,5.44673737166631,5.556828061699537,5.017279836814924,5.364731144775991,0.2378575283146854,161.0
36,2492,389.03,388.03,4.219507705176107,4.02535169073515,3.737669618283368,3.9974655498567744,0.1980502056566559,55.0
36,2494,196.0,244.5,5.241747015059643,4.804021044733257,4.90527477843843,5.033206597130853,0.2117048138189604,135.0
36,2539,160.11,158.11,5.247024072160486,5.493061443340548,5.739792912179234,5.508209503150471,0.203372186096716,216.0
36,2569,242.53,339.56,6.47543271670409,5.501258210544727,5.442417710521793,5.728042520277789,0.4989391637337374,432.0
36,2577,320.13,319.13,2.70805020110221,3.295836866004329,4.919980925828125,3.785843924527693,0.979128394716992,107.0
36,2581,564.6,563.6,5.605802066295998,4.804021044733257,6.295266001439646,5.67724404489386,0.6471138918429542,123.0
36,2631,155.26,153.26,4.007333185232471,4.248495242049359,3.9889840465642745,4.058449130102595,0.1269923359209963,40.0
36,2640,320.13,321.13,5.442417710521793,4.919980925828125,5.384495062789089,5.360156459485427,0.3226900036130227,40.0
36,2664,242.53,336.65,6.476972362889683,5.37989735354046,4.912654885736052,5.554065493458126,0.6595499789078655,393.0
36,2704,319.13,320.13,4.804021044733257,5.241747015059643,5.54907608489522,5.17214858637372,0.310151830663098,230.0
36,2707,231.83,231.83,6.368187186350492,6.747586526829315,6.630683385642372,6.649410506578981,0.2079973627930468,985.0
36,2760,165.93,241.53,5.7430031878094825,5.605802066295998,5.605802066295998,5.600336173016947,0.1211145750447714,474.0
36,2826,377.33,378.33,6.037870919922137,6.2422232654551655,6.003887067106539,6.150737341557569,0.1538127641233329,486.0
36,2867,728.53,726.53,5.003946305945459,5.552959584921617,3.713572066704308,4.626146115542161,0.8140848936186167,80.0
36,2956,639.23,639.23,5.0106352940962555,5.170483995038151,5.099866427824199,5.050241660696683,0.108715775923769,136.0
39,1062,159.11,157.14,5.971261839790462,5.82600010738045,5.902633333401366,5.9184262231103855,0.0698830555873497,393.0
39,1109,284.24,284.24,5.605802066295998,5.602118820879701,5.093750200806762,5.419237373916657,0.2422989191454787,323.0
39,1207,358.96,357.96,3.332204510175204,3.713572066704308,3.9889840465642745,3.698990184784337,0.2724646018309118,94.0
39,1216,416.13,418.13,3.9889840465642745,4.394449154672439,4.007333185232471,4.0260846132933725,0.2799312982542651,26.0
39,1230,350.2,349.2,4.007333185232471,4.406719247264253,2.772588722239781,4.047646865170491,0.9435465112459268,162.0
39,1247,446.23,446.23,2.772588722239781,2.6390573296152584,3.332204510175204,3.009921857008643,0.355659488574399,14.0
39,1248,154.26,155.26,3.367295829986474,5.087596335232384,4.248495242049359,4.234373477966369,0.7023798562228982,27.0
39,1445,727.53,727.53,4.007333185232471,3.713572066704308,0.0,1.9302263129841943,2.2320575167862255,15.0
39,1525,320.13,321.13,0.0,2.70805020110221,2.772588722239781,2.1941189473365803,1.4862360671002277,15.0
39,1543,484.09,482.09,4.919980925828125,4.6913478822291435,4.6913478822291435,4.80198786718121,0.1278970425333046,96.0
39,1558,512.19,513.19,5.602118820879701,5.25227342804663,5.940171252720432,5.610884434951993,0.2819925127424092,68.0
39,1571,581.03,582.03,0.0,0.0,2.70805020110221,1.3367768826793671,1.5438339444838682,0.0
39,1727,423.95,421.95,5.902633333401366,6.456769655572163,5.438079308923196,5.721269658282277,0.593181164845203,391.0
39,1754,288.15,287.15,6.985641817639208,6.985641817639208,6.851184927493743,6.945704072968367,0.0641309920527176,932.0
39,1770,484.03,485.03,0.0,2.772588722239781,0.0,1.5171063970610277,1.7647796453561848,0.0
39,1778,152.32,161.08,5.170483995038151,5.313205979041787,5.25227342804663,5.308282906854942,0.1388374372849247,107.0
39,1878,321.13,321.13,3.713572066704308,2.772588722239781,4.812184355372417,3.517733466639072,0.9702984490746196,41.0
39,1885,119.31,120.31,5.017279836814924,5.313205979041787,5.375278407684165,5.326046545634813,0.2395230696416795,177.0
39,1902,447.23,445.23,0.0,0.0,0.0,0.6597643324038146,1.3195286648076316,0.0
39,1962,511.19,512.19,5.860786223465865,5.54907608489522,6.364750756851911,5.983427113426233,0.3558879354404278,177.0
39,1971,291.06,289.06,6.293419278846481,6.040254711277414,5.973809611869261,6.001981793845961,0.2436661610378613,513.0
39,1993,116.4,116.4,5.648974238161206,5.780743515792329,5.602118820879701,5.713720617579064,0.1050256158403784,188.0
39,2104,581.03,581.03,0.0,2.6390573296152584,0.0,1.4837235489048968,1.7341109112942668,0.0
39,2126,436.53,507.31,0.0,4.007333185232471,3.332204510175204,1.834884423851919,2.1365940777726817,27.0
39,2139,260.93,261.93,0.0,2.772588722239781,2.70805020110221,1.3701597308354976,1.5823435533377015,26.0
39,2290,251.26,250.26,5.739792912179234,6.535241271013659,6.39024066706535,6.290889249933668,0.3725129091987165,378.0
39,2304,482.09,482.09,4.574710978503383,4.820281565605037,4.248495242049359,4.417209869223233,0.3508517489952029,94.0
39,2306,241.53,335.62,2.70805020110221,4.007333185232471,0.0,2.338610178987485,1.681317782881,54.0
39,2322,368.63,369.63,0.0,0.0,3.295836866004329,0.8239592165010821,1.6479184330021497,0.0
39,2444,583.03,726.53,4.23410650459726,3.295836866004329,0.0,1.882485842650397,2.20719933765767,0.0
39,2490,274.57,273.57,5.902633333401366,5.501258210544727,5.6937321388027,5.568443353830656,0.308646697073087,283.0
39,2492,446.23,446.23,4.02535169073515,4.219507705176107,4.248495242049359,4.264425707357113,0.2231451609332261,68.0
39,2539,120.34,120.34,4.6913478822291435,4.820281565605037,4.553876891600541,4.719422673701785,0.1251277288081608,69.0
39,2569,243.53,334.71,6.999422467507961,7.347943823148687,6.699500340161678,6.927818912792183,0.3178816086712266,863.0
39,2577,321.13,320.13,2.772588722239781,0.0,2.6390573296152584,1.3529115129637597,1.563158508069232,13.0
39,2581,512.19,512.19,5.247024072160486,4.90527477843843,6.104793232414985,5.529469576619942,0.5508062691669339,107.0
39,2631,153.26,153.26,5.017279836814924,4.90527477843843,3.737669618283368,4.745808553168783,0.6948936928335419,82.0
39,2640,321.13,321.13,4.23410650459726,4.02535169073515,3.367295829986474,3.9130264290135086,0.3768944284071063,15.0
39,2664,243.47,283.3,6.593044534142437,7.1252830915107115,6.473890696352274,6.666912759677379,0.3106348336530704,891.0
39,2704,319.13,320.13,3.737669618283368,0.0,3.7612001156935624,2.698676649995315,1.8118055900238776,14.0
39,2707,192.09,193.09,5.181783550292085,5.655991810819852,5.384495062789089,5.5113290798460115,0.2844771829253668,150.0
39,2760,183.36,261.93,3.367295829986474,3.713572066704308,2.70805020110221,3.280280651992049,0.4185119939495823,15.0
39,2826,327.92,327.92,5.176149732573829,6.068425588244111,5.652489180268651,5.597531486106785,0.3711415613219117,215.0
39,2867,582.03,726.53,3.737669618283368,3.332204510175204,3.367295829986474,2.6092924896112617,1.749172479998076,0.0
39,2956,583.03,581.03,0.0,0.0,0.0,0.0,0.0,0.0
41,1062,195.03,195.03,4.912654885736052,5.099866427824199,4.90527477843843,4.8280613116677795,0.3027735766142452,123.0
41,1109,310.43,309.43,4.820281565605037,5.384495062789089,5.017279836814924,5.09955154944572,0.2393187874144534,204.0
41,1198,161.05,321.13,0.0,0.0,0.0,0.0,0.0,0.0
41,1207,390.0,388.0,3.713572066704308,3.713572066704308,3.367295829986474,2.6986099908487726,1.8064636415772937,42.0
41,1216,291.03,418.13,3.713572066704308,3.367295829986474,0.0,2.4472295244482476,1.683954196884598,0.0
41,1230,386.12,533.53,5.099866427824199,4.248495242049359,4.007333185232471,3.9986880461803223,1.0204031698572609,107.0
41,1247,445.23,447.23,0.0,0.0,0.0,0.0,0.0,0.0
41,1248,45.62,253.23,0.0,0.0,0.0,0.0,0.0,0.0
41,1311,162.05,214.43,0.0,0.0,0.0,0.0,0.0,0.0
41,1438,196.0,195.0,2.70805020110221,3.713572066704308,3.9889840465642745,2.6026515785926985,1.82034485302797,55.0
41,1445,668.33,668.33,0.0,0.0,0.0,0.0,0.0,0.0
41,1525,321.13,321.13,0.0,0.0,3.367295829986474,0.8418239574966185,1.6836479149932362,0.0
41,1543,486.03,486.03,3.9889840465642745,4.564348191467836,2.772588722239781,3.886357166362,0.7792461175817428,55.0
41,1558,564.6,562.6,4.553876891600541,4.23410650459726,4.007333185232471,4.399834406540883,0.3505323912316925,94.0
41,1727,372.48,466.63,3.737669618283368,5.087596335232384,5.017279836814924,4.88490981920902,0.8234897354919123,150.0
41,1754,319.16,318.16,5.783825182329737,5.902633333401366,5.493061443340548,5.638699591688955,0.2458479526794424,325.0
41,1770,484.03,485.03,0.0,0.0,0.0,0.0,0.0,15.0
41,1778,193.03,193.03,5.093750200806762,5.442417710521793,4.919980925828125,5.115023785775535,0.2295061880937923,69.0
41,1803,162.05,214.43,0.0,0.0,0.0,0.0,0.0,0.0
41,1847,196.0,194.0,3.367295829986474,2.6390573296152584,0.0,2.1786008401759855,1.4890303560894915,0.0
41,1878,320.13,319.13,0.0,0.0,0.0,0.0,0.0,0.0
41,1885,160.11,159.11,5.176149732573829,4.574710978503383,4.919980925828125,4.870756498069438,0.2495073262280997,109.0
41,1902,445.23,446.23,0.0,0.0,0.0,0.0,0.0,0.0
41,1962,562.6,563.6,5.3230099791384085,5.087596335232384,5.602118820879701,5.295802282572161,0.2262921931863401,377.0
41,1971,345.35,344.35,4.248495242049359,3.713572066704308,2.772588722239781,3.612057024424439,0.6138325620896297,96.0
41,1993,158.11,160.11,4.700480365792417,4.90527477843843,4.553876891600541,4.546245931641634,0.3759782862832627,54.0
41,2126,486.03,485.03,2.6390573296152584,2.772588722239781,0.0,2.046058693523705,1.365490793939763,15.0
41,2139,262.93,291.03,2.6390573296152584,2.70805020110221,3.332204510175204,3.171661306531286,0.6384157115840631,13.0
41,2290,257.11,297.79,6.040254711277414,5.739792912179234,5.375278407684165,5.539818084271569,0.4489464026746662,81.0
41,2304,485.03,486.03,3.713572066704308,3.367295829986474,4.007333185232471,2.772050270480813,1.8664553883788404,0.0
41,2306,290.03,336.62,2.6390573296152584,2.70805020110221,0.0,2.0299240632393123,1.3543806571400043,0.0
41,2322,389.0,461.75,5.093750200806762,4.219507705176107,4.406719247264253,4.4272402999528495,0.4760524957420213,107.0
41,2490,291.03,290.03,5.176149732573829,4.90527477843843,5.313205979041787,5.021494593070797,0.2777994725652377,81.0
41,2492,387.03,387.03,0.0,0.0,0.0,0.0,0.0,0.0
41,2539,160.11,159.11,4.219507705176107,4.406719247264253,3.295836866004329,3.9149333591820143,0.4997738800887367,109.0
41,2569,273.54,337.56,5.25227342804663,5.0106352940962555,3.9889840465642745,4.621499818326106,0.6053790950778962,123.0
41,2577,321.13,319.13,2.70805020110221,0.0,2.6390573296152584,1.336776882679367,1.54383394448387,0.0
41,2581,563.6,562.6,5.739792912179234,4.90527477843843,5.0106352940962555,5.273445573409278,0.3869552447976134,215.0
41,2631,252.23,252.23,0.0,0.0,0.0,0.0,0.0,0.0
41,2640,319.13,321.13,3.295836866004329,3.713572066704308,3.295836866004329,2.5763114496782413,1.7287930323648897,0.0
41,2664,291.03,324.95,5.700443573390687,5.860786223465865,4.248495242049359,5.122964066507533,0.7824946077336417,242.0
41,2704,320.13,320.13,0.0,2.6390573296152584,3.332204510175204,2.169828010223168,1.4797670990757965,13.0
41,2707,241.53,241.53,3.295836866004329,3.7612001156935624,4.394449154672439,4.001340756992717,0.5817312266493877,94.0
41,2760,163.99,241.53,2.70805020110221,3.7612001156935624,0.0,2.3104597597588885,1.613950971871389,0.0
41,2826,379.33,377.33,3.713572066704308,4.68213122712422,3.7612001156935624,4.269221083837554,0.622043485267635,54.0
42,1062,162.05,160.05,5.602118820879701,5.313205979041787,5.54907608489522,5.551048449248986,0.1777691255540235,297.0
42,1109,311.43,311.43,6.037870919922137,5.497168225293202,5.786897381366708,5.877036287620635,0.3021479106140826,256.0
42,1207,355.02,356.02,4.23410650459726,3.295836866004329,4.23410650459726,3.9428457651078306,0.4443890111187527,41.0
42,1216,413.25,413.25,0.0,3.9889840465642745,2.772588722239781,2.745270118495041,1.9371332019652951,69.0
42,1230,365.75,363.75,2.772588722239781,3.713572066704308,4.418840607796598,3.7811272754791982,0.7349760574239769,136.0
42,1247,446.23,445.23,0.0,0.0,2.6390573296152584,1.6615976287119318,1.9983089623893635,81.0
42,1248,145.5,146.5,2.6390573296152584,3.332204510175204,3.332204510175204,2.3258665874914164,1.5846320133313962,54.0
42,1445,727.53,728.53,4.23410650459726,4.553876891600541,4.394449154672439,4.119567354218642,0.5644572356594268,55.0
42,1525,320.13,319.13,3.737669618283368,4.02535169073515,3.737669618283368,3.979882883774621,0.3225346636899725,95.0
42,1543,482.09,483.09,4.418840607796598,4.02535169073515,4.23410650459726,4.271254512598316,0.1843732827108425,53.0
42,1558,549.08,549.08,4.90527477843843,4.23410650459726,5.493061443340548,4.952148114737517,0.5355821808718492,136.0
42,1571,582.03,581.03,3.332204510175204,4.564348191467836,5.0106352940962555,4.1670970278582145,0.759640948734989,81.0
42,1727,445.23,446.23,5.093750200806762,5.438079308923196,4.820281565605037,5.090686592357812,0.2583396821150551,134.0
42,1754,330.83,329.83,5.6937321388027,5.501258210544727,5.442417710521793,5.573349967672268,0.1206399861477032,391.0
42,1770,426.83,486.03,0.0,4.219507705176107,3.7612001156935624,2.8370009127140356,1.923127320799555,15.0
42,1778,142.59,162.02,5.017279836814924,7.227662498728654,5.384495062789089,5.5090391613992304,1.2146486233373708,269.0
42,1878,319.13,320.13,5.6937321388027,5.087596335232384,5.313205979041787,5.447906984895569,0.3002732334151405,311.0
42,1885,140.71,140.71,5.6937321388027,5.6937321388027,5.746203190540153,5.75907520038673,0.0988501518907834,377.0
42,1902,447.23,446.23,2.6390573296152584,0.0,0.0,1.483723548904897,1.734110911294267,0.0
42,1962,549.08,547.08,5.003946305945459,5.170483995038151,6.186208623900494,5.591748021121459,0.5911161942027946,175.0
42,1971,329.86,328.86,5.181783550292085,5.25227342804663,4.812184355372417,5.062546909914148,0.1969170447958697,122.0
42,1993,137.74,138.74,5.8289456176102075,5.697093486505405,5.605802066295998,5.822734139725886,0.2422275585430789,258.0
42,2104,581.03,582.03,4.007333185232471,3.332204510175204,3.9889840465642745,3.8870073617870142,0.3843783858545546,40.0
42,2126,436.53,472.42,2.6390573296152584,3.9889840465642745,3.9889840465642745,3.758966507635101,0.7736162984122281,41.0
42,2139,292.03,291.03,2.772588722239781,3.295836866004329,3.737669618283368,3.293347759128488,0.39752836454806,15.0
42,2290,299.79,299.79,5.937536205082426,5.6937321388027,6.186208623900494,6.02211634991098,0.2606744959780623,107.0
42,2304,482.09,482.09,0.0,3.367295829986474,2.772588722239781,2.3589303545576463,1.594810375983604,14.0
42,2306,242.53,335.62,0.0,2.70805020110221,3.332204510175204,2.187076228094906,1.487441760318711,67.0
42,2322,363.78,363.78,4.248495242049359,3.332204510175204,3.7612001156935624,4.0105950584276355,0.5930007892363012,109.0
42,2444,727.53,728.53,4.248495242049359,4.804021044733257,3.367295829986474,3.7647173615960874,0.9555535158193852,28.0
42,2490,260.93,290.03,3.713572066704308,4.406719247264253,4.406719247264253,4.336823031709463,0.4589643709026101,134.0
42,2492,454.93,454.93,0.0,4.406719247264253,4.700480365792417,3.274045914905236,2.202133609746306,28.0
42,2539,135.83,134.83,5.442417710521793,4.804021044733257,5.556828061699537,5.125936795686751,0.4360697104176952,122.0
42,2569,244.5,323.07,5.497168225293202,4.23410650459726,4.394449154672439,4.586307897434752,0.6123899945291852,352.0
42,2577,321.13,320.13,4.418840607796598,4.564348191467836,4.912654885736052,4.528837847544148,0.2923246101291537,82.0
42,2581,547.08,549.08,5.0106352940962555,4.804021044733257,5.8664680569332965,5.332524658481002,0.5060186827509404,81.0
42,2631,155.26,155.26,4.219507705176107,3.332204510175204,4.007333185232471,3.722812477689746,0.4592774581158311,94.0
42,2640,320.13,319.13,5.375278407684165,5.438079308923196,6.040254711277414,5.698445920151301,0.3403392422536452,204.0
42,2664,248.38,322.07,5.7430031878094825,4.812184355372417,4.804021044733257,4.980889194845748,0.5209183592951108,270.0
42,2704,319.13,319.13,5.017279836814924,4.812184355372417,4.553876891600541,4.734304493847106,0.2245354885564303,162.0
42,2707,207.58,233.83,5.605802066295998,5.375278407684165,5.176149732573829,5.384281890023613,0.1755851838043823,230.0
42,2760,184.36,260.93,5.170483995038151,4.68213122712422,3.7612001156935624,4.629772529073591,0.6124894147049912,177.0
42,2826,326.92,327.92,5.552959584921617,5.170483995038151,5.087596335232384,5.283512473582641,0.2043855580206069,121.0
42,2867,582.03,727.53,4.700480365792417,4.574710978503383,3.295836866004329,4.317877144023136,0.6839347919802159,0.0
42,2956,581.03,581.03,4.553876891600541,4.68213122712422,3.737669618283368,4.171812450928109,0.5179648440563668,80.0
43,1062,190.18,189.18,6.907755278982137,7.199678345691172,6.960347729101308,6.993884158189189,0.1394182046368738,1012.0
43,1109,283.3,283.3,7.284820912568604,7.515344571180436,7.177782416195197,7.196470710911041,0.2948420999211583,1796.0
43,1198,171.75,194.0,6.453624998892692,6.386879319362645,6.680854678790215,6.493745998984561,0.1286462003179819,620.0
43,1207,379.27,379.27,5.170483995038151,4.700480365792417,5.181783550292085,4.989505672390271,0.2311957373805171,94.0
43,1216,407.43,408.43,5.7430031878094825,5.823045895483019,5.087596335232384,5.307089099257067,0.5890068741500768,175.0
43,1230,378.3,380.3,5.170483995038151,5.493061443340548,5.099866427824199,5.1671716611603316,0.2444961440043977,135.0
43,1247,445.23,447.23,4.02535169073515,2.70805020110221,2.772588722239781,3.3048906701953618,0.664742675856448,42.0
43,1248,163.99,161.99,5.087596335232384,4.406719247264253,5.176149732573829,4.921936287971347,0.3495743688240638,81.0
43,1311,161.05,160.05,7.199678345691172,6.7464121285733745,6.763884908562435,6.883315376295667,0.2134597351517946,971.0
43,1438,196.0,195.0,5.093750200806762,4.804021044733257,5.602118820879701,5.205725011389531,0.3390124141750608,162.0
43,1445,485.03,727.53,5.602118820879701,5.82600010738045,4.007333185232471,4.691914155916956,1.2154676608303587,0.0
43,1525,319.13,319.13,5.7430031878094825,5.905361848054571,5.902633333401366,5.833705887898789,0.0828666277036155,433.0
43,1543,480.21,478.21,5.241747015059643,5.25227342804663,5.313205979041787,5.156876996938275,0.2265970241670165,216.0
43,1558,561.63,563.63,5.976350909297934,5.375278407684165,6.612041034833092,6.051473404317589,0.5207381429713624,270.0
43,1571,640.23,640.23,4.912654885736052,5.181783550292085,4.812184355372417,4.867742745717098,0.255456269933476,80.0
43,1727,464.63,464.63,6.535241271013659,6.647688373563329,6.53813982376767,6.55446111463263,0.0649481785365307,555.0
43,1754,310.4,312.4,6.999422467507961,6.853299093186078,6.680854678790215,6.790734873230425,0.1688976518771385,1147.0
43,1770,486.03,485.03,4.02535169073515,3.332204510175204,3.295836866004329,3.3231125991324855,0.5662443471368525,27.0
43,1778,192.12,190.12,7.02197642307216,6.852242569051878,6.761572768804055,6.8722727135285435,0.1086690439971884,877.0
43,1803,202.76,202.76,6.893656354602635,6.8658910748834385,6.93537044601511,6.9493543078189575,0.1060146646284316,1066.0
43,1847,196.0,196.0,4.6913478822291435,4.553876891600541,5.003946305945459,4.834191853751882,0.2529896463495587,108.0
43,1878,321.13,319.13,4.007333185232471,3.713572066704308,4.248495242049359,3.989596135137603,0.2187334843385729,68.0
43,1885,158.14,157.14,7.684783943522785,7.7336835707759,7.613324979540639,7.680633914345299,0.0498804517936787,1958.0
43,1902,447.23,445.23,4.406719247264253,4.406719247264253,2.70805020110221,3.540136506311494,1.0010398919501673,40.0
43,1962,564.6,563.6,6.594413459749778,6.318968113746434,7.63433723562832,6.949055720373786,0.6005723924471406,514.0
43,1971,344.35,345.35,6.295266001439646,6.1903154058531475,4.90527477843843,5.748243751652732,0.6394294004305352,460.0
43,1993,158.14,157.14,7.2078598714324755,7.340186835320115,7.198931240688173,7.248870504952844,0.0645874307731204,474.0
43,2104,639.23,639.23,4.68213122712422,4.248495242049359,0.0,3.238994539977182,2.176478682323364,15.0
43,2126,485.03,485.03,3.737669618283368,0.0,3.737669618283368,2.8091348380650754,1.8727894086492805,122.0
43,2139,292.03,292.03,5.241747015059643,4.804021044733257,5.3230099791384085,4.946904661681977,0.4193862961369784,177.0
43,2290,298.82,298.82,7.906915488678587,7.739359202689098,7.653020413804189,7.707443775104353,0.1582041304468517,1795.0
43,2304,484.03,485.03,5.247024072160486,4.912654885736052,4.812184355372417,4.948036219718499,0.204468869184049,161.0
43,2306,243.5,337.62,2.6390573296152584,2.772588722239781,4.02535169073515,3.052396616207493,0.6516839361589931,122.0
43,2322,374.42,375.42,6.133398042996649,5.556828061699537,5.823045895483019,5.7655870212686064,0.2763112729635771,350.0
43,2444,486.03,728.53,5.247024072160486,5.497168225293202,0.0,3.692385997047209,2.544190699112249,0.0
43,2490,285.24,285.24,6.9985096422506015,6.516193076042964,6.413458957167357,6.601283509587652,0.2681792348638432,555.0
43,2492,389.03,388.03,4.02535169073515,4.23410650459726,5.093750200806762,4.611739649236483,0.5630648196716643,81.0
43,2494,196.0,195.0,5.176149732573829,5.3230099791384085,5.25227342804663,5.16602200637373,0.1792409923274484,122.0
43,2539,157.14,157.14,6.2422232654551655,6.498282149476434,6.53813982376767,6.4581446606812705,0.1458398395408824,500.0
43,2569,243.53,325.98,7.286191714702382,5.823045895483019,5.739792912179234,6.157443509539241,0.7532660401455334,918.0
43,2577,321.13,320.13,4.394449154672439,4.248495242049359,4.812184355372417,4.370120110707341,0.3314968933377683,121.0
43,2581,561.63,561.63,6.008813185442595,5.697093486505405,6.960347729101308,6.422503338946938,0.6703590830460504,310.0
43,2631,164.93,164.93,5.605802066295998,5.37989735354046,5.375278407684165,5.384281890023613,0.1755851838043806,175.0
43,2640,320.13,319.13,5.786897381366708,5.973809611869261,5.823045895483019,5.841124101127829,0.0904039425791469,95.0
43,2664,243.47,338.59,7.493317248862145,5.934894195619588,5.700443573390687,6.239400158870657,0.8414232152929404,716.0
43,2704,319.13,321.13,5.3230099791384085,5.552959584921617,5.247024072160486,5.304185959256818,0.1913054715385594,310.0
43,2707,235.77,235.77,7.356918242356021,7.136483208590247,6.881411303642535,7.099197294415241,0.2010009346173905,1619.0
43,2760,162.99,243.53,6.104793232414985,5.655991810819852,5.181783550292085,5.671392945334101,0.3798764669059728,527.0
43,2826,377.33,379.33,6.699500340161678,6.920671504248683,6.432940092739179,6.627470398180426,0.22959092926591,661.0
43,2867,727.53,727.53,5.783825182329737,5.3230099791384085,2.772588722239781,4.5283825970762965,1.3387779640041,28.0
43,2956,640.23,639.23,4.812184355372417,5.099866427824199,2.772588722239781,4.2296865025084145,1.0359649815021093,67.0
50,1062,154.23,158.11,5.697093486505405,5.973809611869261,5.860786223465865,5.840158734862685,0.1138441178348189,257.0
50,1109,299.73,300.73,6.186208623900494,6.456769655572163,6.214608098422191,6.239476332478729,0.1527929346527305,432.0
50,1207,351.2,349.2,4.564348191467836,3.367295829986474,4.6913478822291435,3.979707192421946,0.7507693541404163,95.0
50,1216,412.25,414.25,4.02535169073515,3.9889840465642745,3.737669618283368,3.61501388917125,0.6180232868785955,69.0
50,1230,368.63,368.63,4.812184355372417,4.919980925828125,4.219507705176107,4.592628398543312,0.3290317833332269,122.0
50,1247,447.23,446.23,4.406719247264253,2.6390573296152584,3.295836866004329,3.591741283404748,0.7847235621471805,13.0
50,1248,147.5,145.5,3.367295829986474,3.713572066704308,3.7612001156935624,3.3875295533716385,0.4858103207936075,26.0
50,1445,582.03,726.53,5.0106352940962555,5.093750200806762,3.7612001156935624,4.565008691317255,0.62004016932999,0.0
50,1525,319.13,290.03,5.241747015059643,5.176149732573829,4.23410650459726,4.95562181181722,0.4820962186448212,162.0
50,1543,483.09,482.09,4.6913478822291435,5.017279836814924,4.564348191467836,4.392203194129058,0.7553942412639933,82.0
50,1558,547.08,549.08,4.564348191467836,4.394449154672439,5.501258210544727,4.9882792500063875,0.5916936710776945,95.0
50,1571,583.03,582.03,2.6390573296152584,5.017279836814924,4.418840607796598,4.117406732224805,1.026791677303394,107.0
50,1727,445.23,447.23,4.912654885736052,5.384495062789089,5.099866427824199,5.0523001829304395,0.2515103745573948,269.0
50,1754,330.83,330.83,6.270988431858299,6.131226489483141,5.7430031878094825,6.020688578558337,0.2301391895959355,499.0
50,1770,486.03,484.03,3.295836866004329,3.713572066704308,3.737669618283368,3.6151626544240782,0.2131867258176826,40.0
50,1778,151.35,176.57,6.07073772800249,5.8998973535824915,5.501258210544727,5.7140970887297,0.3243723002823789,242.0
50,1878,320.13,319.13,5.181783550292085,4.68213122712422,5.003946305945459,5.012411158413462,0.235605957056193,177.0
50,1885,138.77,136.77,6.100318952020064,6.342121418721152,5.976350909297934,6.243892409049298,0.2580299374696505,528.0
50,1902,446.23,445.23,3.367295829986474,2.772588722239781,2.70805020110221,2.2119836883321167,1.5042138557217448,0.0
50,1962,547.08,547.08,5.087596335232384,4.919980925828125,6.317164686747284,5.5988699189525715,0.6978293834107925,188.0
50,1971,325.95,324.95,5.552959584921617,5.181783550292085,5.181783550292085,5.339736099006895,0.187888072692189,189.0
50,1993,136.83,134.83,6.366470447731438,6.0063531596017325,5.697093486505405,5.940912308160319,0.3193367549100595,297.0
50,2104,583.03,581.03,4.564348191467836,3.9889840465642745,3.367295829986474,3.9864949396884337,0.4895024551530682,13.0
50,2126,436.53,508.31,2.70805020110221,2.772588722239781,2.70805020110221,3.1908500257368972,0.9230754746912536,80.0
50,2139,284.24,284.24,4.574710978503383,2.70805020110221,4.574710978503383,4.022894665676559,0.8911469936970076,53.0
50,2290,262.87,297.79,6.104793232414985,6.413458957167357,6.29156913955832,6.177429670680788,0.2243790554938113,230.0
50,2304,482.09,482.09,2.772588722239781,3.9889840465642745,3.295836866004329,3.3383116252031786,0.4990074191817296,28.0
50,2306,241.53,336.62,0.0,3.9889840465642745,3.713572066704308,1.9256390283171456,2.2263773675965184,27.0
50,2322,367.63,368.63,4.02535169073515,4.812184355372417,4.248495242049359,4.330034448188546,0.3372194775841167,96.0
50,2444,727.53,728.53,4.406719247264253,5.247024072160486,3.295836866004329,4.06135426285835,0.9481778382625252,55.0
50,2490,292.03,291.03,4.553876891600541,5.099866427824199,4.820281565605037,4.75697544415758,0.2608191811671406,82.0
50,2492,454.93,454.93,3.7612001156935624,2.6390573296152584,3.7612001156935624,3.3734155177943967,0.5296961658757432,42.0
50,2539,138.71,140.71,5.552959584921617,5.739792912179234,5.0106352940962555,5.326833524285641,0.3767872644214289,311.0
50,2569,245.44,321.07,6.364750756851911,5.605802066295998,5.602118820879701,5.767459967330203,0.4013663682710292,459.0
50,2577,321.13,319.13,4.6913478822291435,4.574710978503383,4.248495242049359,4.307031542371548,0.4377868497050667,121.0
50,2581,548.08,547.08,4.804021044733257,4.6913478822291435,6.037870919922137,5.1937467154860455,0.6107755690856322,55.0
50,2631,151.38,149.38,4.02535169073515,4.804021044733257,4.007333185232471,4.412222569018324,0.4571943298285716,54.0
50,2640,321.13,321.13,4.90527477843843,5.170483995038151,5.176149732573829,5.143729621297204,0.1739434955379908,122.0
50,2664,245.44,323.07,6.366470447731438,5.313205979041787,5.973809611869261,5.757191111581664,0.5036946811448093,447.0
50,2704,321.13,321.13,6.003887067106539,5.700443573390687,5.780743515792329,5.785266491777351,0.1546202702206533,271.0
50,2707,213.46,211.46,5.973809611869261,5.8289456176102075,5.8998973535824915,5.814870161190375,0.1819113483827205,460.0
50,2760,182.36,260.93,5.6937321388027,5.017279836814924,5.0106352940962555,5.156730512038077,0.3616586957494881,337.0
50,2826,327.92,326.92,5.438079308923196,5.8289456176102075,6.104793232414985,5.744405056311097,0.2887172759720315,230.0
50,2867,727.53,726.53,3.295836866004329,4.68213122712422,3.713572066704308,3.616032220518159,0.8082910188211367,14.0
51,1062,188.21,187.21,6.6293632534374485,6.648984550024776,6.129050210060545,6.385199014129855,0.2933796877732496,620.0
51,1109,301.73,300.73,7.010311867307229,6.984716320118266,6.536691597591305,6.794852039645033,0.238589843868661,851.0
51,1198,136.8,228.01,4.812184355372417,4.418840607796598,4.406719247264253,4.471559863120657,0.2399767316790181,69.0
51,1207,382.18,384.18,4.820281565605037,4.919980925828125,4.700480365792417,4.840180945763427,0.1043205173357684,95.0
51,1216,418.13,417.13,5.442417710521793,5.605802066295998,4.02535169073515,4.708692895811626,0.9500622327721252,67.0
51,1230,370.57,370.57,4.574710978503383,5.176149732573829,4.68213122712422,4.783368075998462,0.2676655164879986,94.0
51,1247,446.23,446.23,0.0,2.70805020110221,0.0,1.336776882679367,1.5438339444838665,13.0
51,1248,165.93,164.93,3.713572066704308,4.007333185232471,4.23410650459726,4.193823330534769,0.4688612108451445,107.0
51,1311,135.8,180.48,4.219507705176107,5.552959584921617,5.003946305945459,4.837781143636642,0.5746184300713464,69.0
51,1438,194.0,195.0,4.007333185232471,4.553876891600541,4.394449154672439,4.441960896719467,0.3370208759468478,42.0
51,1445,728.53,727.53,5.823045895483019,5.3230099791384085,3.332204510175204,4.547958112875235,1.2111717666893926,13.0
51,1525,319.13,292.03,5.655991810819852,5.940171252720432,6.0063531596017325,5.884352604690401,0.1556737629975185,311.0
51,1543,485.03,486.03,5.176149732573829,4.418840607796598,4.700480365792417,4.632394302690026,0.4100991872824253,150.0
51,1558,562.6,562.6,5.3230099791384085,5.37989735354046,6.431331081933479,5.8695297121846695,0.5997369011210033,69.0
51,1571,639.23,640.23,5.37989735354046,4.68213122712422,4.553876891600541,4.792445590966441,0.3962738450682471,177.0
51,1727,466.63,465.63,6.161207321695077,6.2166061010848646,5.937536205082426,6.089495615386188,0.1246159795601516,406.0
51,1754,315.31,314.31,6.777646593635117,6.823286122355687,6.647688373563329,6.647245098320471,0.2176955668966913,850.0
51,1770,484.03,484.03,3.367295829986474,0.0,0.0,1.6748750850404204,1.934032221579192,14.0
51,1778,190.12,192.12,6.495265555937008,6.682108597449809,6.453624998892692,6.515984811254672,0.1137417709138507,581.0
51,1803,226.01,227.01,5.241747015059643,5.497168225293202,4.812184355372417,4.992485050880465,0.4755393153054228,161.0
51,1847,194.0,195.0,3.737669618283368,3.737669618283368,3.7612001156935624,3.871258648577415,0.2517355663817904,27.0
51,1878,319.13,321.13,4.23410650459726,4.219507705176107,3.737669618283368,4.191498701640029,0.3441958818226826,67.0
51,1885,159.14,158.14,7.4073177104694174,7.4318919168078,6.948897222313312,7.256830455842583,0.2224305962470926,1188.0
51,1902,446.23,446.23,2.70805020110221,3.367295829986474,2.70805020110221,3.0289001855915245,0.3707625253223476,42.0
51,1962,562.63,562.63,6.003887067106539,6.432940092739179,7.313220387090301,6.74223931363877,0.6308893454865965,352.0
51,1971,345.35,346.35,4.912654885736052,5.82600010738045,5.093750200806762,5.184419993090423,0.4365105492133553,271.0
51,1993,160.11,159.11,6.7464121285733745,6.748759547491679,6.947937068614969,6.801748413310614,0.0977662045235216,324.0
51,2104,641.23,640.23,4.007333185232471,3.7612001156935624,4.553876891600541,4.020902577055034,0.3737809007222033,69.0
51,2126,484.03,508.31,0.0,3.737669618283368,4.02535169073515,2.947093249938417,1.9694036447883465,82.0
51,2139,283.24,285.24,4.6913478822291435,3.737669618283368,4.248495242049359,4.2740883375896175,0.4014385782343172,123.0
51,2290,273.6,271.6,6.906754778648554,7.114769448366463,6.851184927493743,6.934650057348049,0.1223592622372569,622.0
51,2304,484.03,485.03,3.367295829986474,4.02535169073515,4.394449154672439,3.9486074651566336,0.4266288065178686,80.0
51,2306,244.5,337.62,2.772588722239781,3.9889840465642745,0.0,2.383540372760959,1.6893224810360077,80.0
51,2322,378.33,378.33,5.093750200806762,5.017279836814924,5.313205979041787,5.2433280253896735,0.239329698298481,229.0
51,2444,484.03,728.53,5.438079308923196,5.783825182329737,2.70805020110221,4.1422530054926,1.7020046949138177,0.0
51,2490,291.03,290.03,5.976350909297934,6.104793232414985,6.1903154058531475,6.013050765839599,0.1780945167293372,325.0
51,2492,387.03,389.03,3.7612001156935624,4.007333185232471,4.02535169073515,3.6416184284752418,0.5917518934239,42.0
51,2494,194.0,194.0,4.574710978503383,4.68213122712422,4.564348191467836,4.765734353038771,0.321778315386045,123.0
51,2539,159.14,150.38,6.1903154058531475,6.102558594613569,6.29156913955832,6.237728396939119,0.1154588070733681,271.0
51,2569,241.53,339.56,6.432940092739179,5.318119993844216,5.0106352940962555,5.5776928663937175,0.6113370878161077,473.0
51,2577,321.13,319.13,3.737669618283368,4.68213122712422,4.02535169073515,4.249757356935819,0.4442325254816891,41.0
51,2581,563.6,564.6,5.652489180268651,5.501258210544727,6.8679744089702925,6.1442696728985835,0.6703364926699829,217.0
51,2631,160.05,162.05,4.574710978503383,3.9889840465642745,4.248495242049359,4.433042798236285,0.4034949767691912,108.0
51,2640,320.13,321.13,4.574710978503383,3.9889840465642745,4.919980925828125,4.642818071532042,0.4853811079925366,68.0
51,2664,240.56,322.07,6.366470447731438,5.605802066295998,3.9889840465642745,5.30207015818805,0.9920393568316932,634.0
51,2704,319.13,321.13,5.44673737166631,5.438079308923196,5.37989735354046,5.466708213752416,0.0950273762285747,162.0
51,2707,227.01,227.01,6.8658910748834385,6.680854678790215,6.714170529909472,6.7401041559362005,0.084958955452339,755.0
51,2760,161.99,242.53,5.181783550292085,5.318119993844216,4.553876891600541,4.765278405242328,0.6050569985399785,163.0
51,2826,378.33,379.33,6.073044534100405,6.610696044717759,6.411818267709897,6.387295961355188,0.2263201578204949,689.0
51,2867,726.53,726.53,4.574710978503383,5.087596335232384,3.332204510175204,3.248627955977743,2.2877113395488267,28.0
51,2956,639.23,640.23,3.737669618283368,4.6913478822291435,4.812184355372417,3.310300463971232,2.258589585748357,149.0
52,1062,189.21,188.21,6.731018100482083,6.9726062513017535,6.6293632534374485,6.785782513834105,0.1448707945835612,946.0
52,1109,300.76,300.76,7.034387929915503,7.331060305218632,7.247080584585756,7.189825249793133,0.1281143259225283,1161.0
52,1198,166.9,193.06,6.39024066706535,5.937536205082426,5.973809611869261,6.188802870727432,0.2708412720754108,513.0
52,1207,388.0,389.0,5.318119993844216,5.384495062789089,4.912654885736052,5.005497297408403,0.4503802553509306,149.0
52,1216,435.56,435.56,5.786897381366708,5.783825182329737,5.241747015059643,5.375954365246308,0.5234279368928403,123.0
52,1230,382.24,380.24,5.093750200806762,4.68213122712422,5.37989735354046,4.964064786815965,0.3360051136701401,80.0
52,1247,447.23,447.23,3.332204510175204,0.0,3.737669618283368,2.701885936685485,1.8113700881813055,0.0
52,1248,164.93,164.93,4.820281565605037,5.003946305945459,4.812184355372417,4.887266778164742,0.0901536782818142,134.0
52,1311,150.41,149.41,6.610696044717759,6.699500340161678,6.413458957167357,6.593159973017892,0.1251993423713361,553.0
52,1438,195.0,196.0,4.6913478822291435,4.68213122712422,5.241747015059643,5.0144109587337,0.3871481342333409,134.0
52,1445,728.53,728.53,5.8998973535824915,5.652489180268651,4.007333185232471,5.06276690032819,0.875681101998189,40.0
52,1525,319.13,320.13,5.976350909297934,6.129050210060545,6.244166900663736,6.089595301366202,0.1222008070315337,406.0
52,1543,486.03,486.03,5.497168225293202,5.241747015059643,4.804021044733257,5.157633155079621,0.2900033827754468,149.0
52,1558,564.6,563.6,5.501258210544727,5.598421958998375,6.960347729101308,6.134250065383523,0.7041984500343681,177.0
52,1571,640.23,640.23,4.812184355372417,4.574710978503383,4.68213122712422,4.745420361684018,0.1478422864038578,109.0
52,1727,464.63,466.63,6.6293632534374485,6.57507584059962,6.536691597591305,6.609849686435947,0.0701425057955755,676.0
52,1754,319.16,319.16,6.807934943699926,6.680854678790215,6.852242569051878,6.751041221883206,0.093332145242707,1147.0
52,1770,484.03,486.03,4.02535169073515,3.332204510175204,3.295836866004329,3.669686189412458,0.4109554307122841,80.0
52,1778,188.24,187.24,6.93537044601511,7.035268599281097,6.8658910748834385,6.98762155743642,0.109207979997884,675.0
52,1803,180.42,180.42,6.29156913955832,6.131226489483141,6.683360945766275,6.390338784536965,0.2359119907191123,609.0
52,1847,194.0,196.0,5.087596335232384,4.912654885736052,5.003946305945459,5.024486931930165,0.0850657022001968,69.0
52,1878,321.13,319.13,4.68213122712422,4.90527477843843,4.553876891600541,4.736325985474112,0.1520428222355701,109.0
52,1885,157.14,158.14,7.544861068658458,7.659171367666058,7.773173680482536,7.694649359274634,0.1172676925630607,2133.0
52,1902,446.23,446.23,2.70805020110221,4.23410650459726,4.553876891600541,3.8143084282483937,0.8061885004724999,67.0
52,1962,563.6,563.6,6.456769655572163,6.411818267709897,7.508238774678663,6.9155833116208765,0.5634337847921517,311.0
52,1971,345.35,344.35,5.44673737166631,5.318119993844216,5.700443573390687,5.561511113673386,0.2158528229820394,242.0
52,1993,158.14,158.14,7.124478262493424,7.158513997329321,7.199678345691172,7.080268951590315,0.1641477258205813,459.0
52,2104,640.23,639.23,4.574710978503383,5.017279836814924,5.170483995038151,4.749145328738429,0.4262685847582048,42.0
52,2126,484.03,508.31,0.0,0.0,3.332204510175204,0.8330511275438014,1.666102255087594,53.0
52,2139,290.03,291.03,4.919980925828125,4.700480365792417,4.406719247264253,4.605407423389309,0.2529662265242224,135.0
52,2290,293.0,293.0,6.779921907472252,7.339537695407675,7.157735484249907,7.086979798597527,0.2333385625341106,635.0
52,2304,473.39,472.39,5.247024072160486,5.093750200806762,5.093750200806762,5.063701509844762,0.1776384706501289,107.0
52,2306,243.5,337.62,0.0,4.394449154672439,5.0106352940962555,3.193095069688792,2.2340476072072426,217.0
52,2322,372.51,372.51,5.493061443340548,5.700443573390687,5.6937321388027,5.68700584474995,0.1505986569743334,298.0
52,2444,728.53,727.53,6.073044534100405,5.783825182329737,0.0,3.657364609667481,2.8586994900605283,27.0
52,2490,292.03,291.03,5.501258210544727,5.786897381366708,6.163314804034641,5.819367625831632,0.271165120713747,243.0
52,2492,389.03,387.03,4.6913478822291435,4.23410650459726,4.90527477843843,4.785983786076655,0.4493395411503966,123.0
52,2494,196.0,195.0,5.3230099791384085,4.6913478822291435,5.37989735354046,5.193538142112118,0.335865809053089,68.0
52,2539,160.11,159.11,6.218600119691729,6.343880434126331,6.270988431858299,6.209955536319523,0.1451316060422748,555.0
52,2569,238.62,329.83,7.257002707092073,6.159095388491933,5.552959584921617,6.282038267249388,0.7100096916842988,595.0
52,2577,319.13,321.13,5.241747015059643,4.919980925828125,5.25227342804663,5.183030340694653,0.1785930775479983,53.0
52,2581,563.63,563.63,6.037870919922137,5.863631175598097,7.275864600546533,6.534191302050186,0.6896533569151082,297.0
52,2631,164.96,164.96,5.497168225293202,5.54907608489522,5.655991810819852,5.274171318920178,0.5901972057177055,296.0
52,2640,321.13,319.13,5.087596335232384,5.54907608489522,5.318119993844216,5.33367244187807,0.1909020698202857,123.0
52,2664,241.56,338.56,7.237778191923443,5.976350909297934,5.7430031878094825,6.299352033550407,0.6577708352655625,744.0
52,2704,321.13,320.13,5.384495062789089,5.438079308923196,5.44673737166631,5.427932363475097,0.0291731223614416,269.0
52,2707,237.68,238.68,7.267525427828172,6.934397209928558,7.219642040130736,7.165194912916818,0.1551156268279634,1295.0
52,2760,162.99,243.53,6.960347729101308,5.0106352940962555,5.25227342804663,5.719812065516011,0.868816403348941,393.0
52,2826,379.33,378.33,6.838405200847344,6.838405200847344,6.61338421837956,6.669268484859223,0.2160872890140532,540.0
52,2867,728.53,728.53,5.25227342804663,5.739792912179234,2.6390573296152584,4.546250140360415,1.3614276594331272,13.0
52,2956,640.23,640.23,5.087596335232384,4.700480365792417,4.553876891600541,4.895925151921246,0.3222453932175301,96.0
53,1062,188.21,187.21,5.442417710521793,5.783825182329737,5.823045895483019,5.709046542425314,0.1786424591277523,271.0
53,1109,272.57,272.57,5.8289456176102075,5.602118820879701,5.54907608489522,5.657278690386583,0.1215029668613058,339.0
53,1198,202.73,203.73,3.737669618283368,5.181783550292085,5.497168225293202,4.745242396334123,0.7754324057749675,68.0
53,1207,374.48,372.48,3.367295829986474,4.564348191467836,4.406719247264253,4.012983833855718,0.5673301905317536,67.0
53,1216,418.13,418.13,4.812184355372417,4.248495242049359,2.70805020110221,3.6019467820348106,1.0967994484026575,13.0
53,1230,389.0,390.0,4.007333185232471,4.804021044733257,3.737669618283368,4.071673366633116,0.5045095930322526,55.0
53,1247,446.23,447.23,3.332204510175204,2.6390573296152584,0.0,1.4928154599476158,1.746827457305916,42.0
53,1248,165.93,164.93,3.9889840465642745,4.02535169073515,4.248495242049359,4.006007773760587,0.1994951596212806,0.0
53,1311,188.18,270.63,4.248495242049359,5.497168225293202,4.919980925828125,4.765023386960782,0.5669140114898028,242.0
53,1438,195.0,194.0,3.295836866004329,0.0,4.248495242049359,2.948206837525762,2.0161241746984664,42.0
53,1445,728.53,727.53,4.700480365792417,4.394449154672439,2.70805020110221,3.643892110951712,1.0511397451588411,26.0
53,1525,321.13,321.13,5.170483995038151,4.394449154672439,5.3230099791384085,5.016023215355707,0.4203545408456065,69.0
53,1543,486.03,486.03,0.0,3.9889840465642745,4.007333185232471,3.1741993993972906,2.1418886791702687,41.0
53,1558,562.6,563.6,4.23410650459726,4.418840607796598,5.8289456176102075,4.951225677285619,0.7541683346131812,68.0
53,1571,590.73,590.73,3.7612001156935624,3.737669618283368,4.007333185232471,3.709601857346151,0.2795966623102713,0.0
53,1727,448.2,448.2,5.313205979041787,5.655991810819852,5.25227342804663,5.400342142862182,0.1782243880521938,203.0
53,1754,319.16,320.16,5.780743515792329,6.240275845170769,6.07073772800249,5.988847066140921,0.2072909536028304,215.0
53,1770,484.03,485.03,2.70805020110221,0.0,2.6390573296152584,1.3367768826793671,1.543833944483871,0.0
53,1778,185.27,187.27,5.7430031878094825,6.133398042996649,5.940171252720432,5.899328999829723,0.1779107295981188,325.0
53,1803,147.5,209.55,5.099866427824199,4.564348191467836,5.241747015059643,5.020527841731377,0.3095968239044631,190.0
53,1847,195.0,195.0,3.737669618283368,4.23410650459726,2.70805020110221,3.667202592636778,0.670786170941169,69.0
53,1878,320.13,319.13,4.02535169073515,2.6390573296152584,2.772588722239781,3.293666840218389,0.6910227212408636,0.0
53,1885,158.14,159.14,6.240275845170769,6.576469569048224,6.368187186350492,6.470800163671225,0.2054089814253475,620.0
53,1902,447.23,447.23,2.6390573296152584,0.0,3.295836866004329,1.483723548904897,1.7341109112942668,0.0
53,1962,564.6,563.6,4.68213122712422,5.247024072160486,6.267200548541362,5.719616111318969,0.9175980641789822,53.0
53,1971,346.35,344.35,3.713572066704308,4.219507705176107,5.0106352940962555,4.337608578310231,0.5357582255636028,54.0
53,1993,159.14,159.14,6.267200548541362,6.040254711277414,5.786897381366708,6.056937671045533,0.2026957862809702,108.0
53,2104,640.23,640.23,3.367295829986474,3.295836866004329,2.6390573296152584,3.3273808027096337,0.559378427499836,27.0
53,2126,484.03,507.31,2.772588722239781,3.737669618283368,3.713572066704308,2.555957601806864,1.762229917254374,41.0
53,2139,290.03,290.03,3.295836866004329,0.0,0.0,0.8239592165010825,1.6479184330021648,28.0
53,2290,297.79,297.79,5.940171252720432,6.214608098422191,5.8998973535824915,5.998053227451885,0.1455371896472973,215.0
53,2304,485.03,485.03,3.737669618283368,3.737669618283368,0.0,2.6927940256427667,1.8072382558331723,27.0
53,2306,242.5,337.62,2.6390573296152584,2.70805020110221,2.70805020110221,2.9421824496309963,0.5152871689053184,54.0
53,2322,370.6,370.6,4.007333185232471,4.68213122712422,2.70805020110221,3.9510584651807887,0.8737525432045148,28.0
53,2444,728.53,727.53,4.574710978503383,4.553876891600541,2.6390573296152584,3.765870516430878,0.960176464841853,13.0
53,2490,280.36,280.36,4.912654885736052,5.44673737166631,5.176149732573829,5.179331385067069,0.2180507991206265,190.0
53,2492,387.03,389.03,3.7612001156935624,2.70805020110221,0.0,2.5457055958750203,1.7652489695141165,27.0
53,2494,196.0,196.0,3.737669618283368,3.7612001156935624,4.007333185232471,3.9386745403146906,0.2398631740671836,40.0
53,2539,157.17,158.17,5.700443573390687,5.087596335232384,5.501258210544727,5.347291136747999,0.3039094601140604,285.0
53,2569,242.53,338.56,5.739792912179234,4.804021044733257,4.68213122712422,5.007491557192492,0.4915706520187476,296.0
53,2577,321.13,319.13,4.02535169073515,4.68213122712422,4.418840607796598,4.340107507563307,0.2789782325269661,69.0
53,2581,564.6,563.6,3.295836866004329,3.9889840465642745,5.648974238161206,4.486107611206516,1.0474197451530458,54.0
53,2631,163.02,162.02,4.394449154672439,4.02535169073515,4.219507705176107,3.8368396879214774,0.7674776021918446,69.0
53,2640,319.13,321.13,4.007333185232471,4.219507705176107,4.564348191467836,4.204135193152891,0.2586402194421273,0.0
53,2664,243.53,337.62,5.780743515792329,5.780743515792329,4.564348191467836,5.377582571460396,0.5734327724059335,298.0
53,2704,320.13,321.13,3.737669618283368,4.812184355372417,4.418840607796598,4.496493604566827,0.5635372746943673,81.0
53,2707,235.71,237.71,6.29156913955832,6.270988431858299,6.364750756851911,6.215550630972029,0.1913817090547093,392.0
53,2760,161.99,243.53,4.394449154672439,3.713572066704308,2.772588722239781,3.7173984975452,0.6891628873345976,202.0
53,2826,378.33,378.33,5.7430031878094825,5.375278407684165,5.8998973535824915,5.548582170412493,0.3316433852105262,162.0
53,2867,728.53,728.53,3.332204510175204,3.332204510175204,0.0,2.6005196596584437,1.7441844292411863,41.0
53,2956,641.23,639.23,3.7612001156935624,2.772588722239781,3.295836866004329,3.117170758388233,0.5144656196776958,26.0
55,1062,195.03,193.03,5.8289456176102075,5.82600010738045,5.6937321388027,5.725409362178744,0.1311241477453671,258.0
55,1109,311.43,309.43,5.976350909297934,5.700443573390687,5.552959584921617,5.773346310802085,0.1855149067578115,310.0
55,1198,189.18,190.18,3.737669618283368,4.394449154672439,5.181783550292085,3.3284755808119733,2.2961735955186455,122.0
55,1207,389.0,388.0,4.919980925828125,4.564348191467836,3.9889840465642745,4.470008102781122,0.3859037944472031,42.0
55,1216,291.03,436.56,0.0,3.737669618283368,2.6390573296152584,2.253946069378472,1.589374071635742,0.0
55,1230,380.27,381.27,5.552959584921617,4.912654885736052,4.574710978503383,4.437093912565816,1.2219990522273725,96.0
55,1247,389.03,446.23,0.0,0.0,0.0,0.0,0.0,0.0
55,1248,161.02,162.02,4.007333185232471,4.394449154672439,3.7612001156935624,3.981045642823009,0.2990304388592146,68.0
55,1311,228.01,226.01,5.318119993844216,4.23410650459726,4.219507705176107,4.786753152825437,0.6470183951577503,68.0
55,1445,486.03,728.53,3.713572066704308,2.70805020110221,0.0,1.6054055669516294,1.8986701704701217,0.0
55,1525,321.13,321.13,0.0,0.0,0.0,0.0,0.0,0.0
55,1543,484.03,485.03,2.6390573296152584,4.02535169073515,2.70805020110221,2.343114805363155,1.687292481101206,26.0
55,1558,562.6,563.6,5.099866427824199,4.406719247264253,5.375278407684165,5.121916537267154,0.5197213399308966,41.0
55,1571,640.23,639.23,2.772588722239781,2.70805020110221,0.0,1.3701597308354978,1.5823435533376982,28.0
55,1727,466.63,464.63,6.18826412308259,6.293419278846481,5.6937321388027,6.053917563002296,0.261616948623242,366.0
55,1754,318.16,318.16,6.214608098422191,5.099866427824199,5.746203190540153,5.491488123806243,0.6013307193109249,269.0
55,1770,486.03,484.03,0.0,0.0,0.0,0.6770125502755525,1.354025100551105,0.0
55,1778,195.03,195.03,5.25227342804663,5.37989735354046,5.37989735354046,5.392224049206772,0.1251459842796117,189.0
55,1803,158.11,242.53,4.564348191467836,5.241747015059643,5.087596335232384,5.051724380200413,0.3382817242047353,393.0
55,1878,320.13,320.13,2.772588722239781,3.367295829986474,3.7612001156935624,2.4752711669799545,1.6994789730286517,0.0
55,1885,156.23,156.23,5.093750200806762,5.176149732573829,4.68213122712422,4.939013051309518,0.2340858136609024,121.0
55,1902,446.23,446.23,0.0,0.0,2.70805020110221,0.6770125502755525,1.354025100551106,0.0
55,1962,563.6,564.6,5.375278407684165,4.919980925828125,5.700443573390687,5.474584060076086,0.4288297833498654,149.0
55,1971,346.35,344.35,5.003946305945459,3.737669618283368,4.564348191467836,4.323737040565234,0.5704129969009436,28.0
55,1993,159.14,158.14,5.25227342804663,4.700480365792417,4.90527477843843,5.02626316110949,0.2711633204515912,54.0
55,2126,509.25,510.25,0.0,0.0,3.295836866004329,1.500971766776635,1.7497058381682968,0.0
55,2139,292.03,292.03,3.332204510175204,2.70805020110221,0.0,2.187076228094906,1.4874417603187062,15.0
55,2290,297.79,298.79,5.497168225293202,5.318119993844216,5.780743515792329,5.5106922766490145,0.1951793070519761,96.0
55,2304,486.03,485.03,0.0,0.0,0.0,0.0,0.0,14.0
55,2306,335.62,336.62,0.0,0.0,0.0,0.0,0.0,0.0
55,2322,385.09,386.09,5.384495062789089,4.812184355372417,4.564348191467836,4.89126216359065,0.3483368822432733,204.0
55,2444,727.53,727.53,4.564348191467836,4.406719247264253,0.0,2.2427668596830226,2.5905235114158667,26.0
55,2490,291.03,290.03,5.313205979041787,5.170483995038151,5.37989735354046,5.294198326665546,0.0882650190336525,134.0
55,2492,388.03,387.03,3.367295829986474,2.6390573296152584,2.772588722239781,2.1947354704603788,1.4970078909994426,27.0
55,2539,158.11,160.11,4.812184355372417,4.553876891600541,4.553876891600541,4.584694686592524,0.1644775545286756,135.0
55,2569,242.53,308.52,5.093750200806762,4.553876891600541,4.007333185232471,4.415573365718061,0.5203754333325931,148.0
55,2577,319.13,320.13,0.0,0.0,0.0,0.0,0.0,13.0
55,2581,562.6,563.6,5.017279836814924,4.564348191467836,5.746203190540153,5.035003893548833,0.5090133982266019,80.0
55,2631,165.93,165.93,4.406719247264253,3.737669618283368,4.248495242049359,3.775233577174798,0.7666033664030473,96.0
55,2640,319.13,319.13,2.70805020110221,2.6390573296152584,3.332204510175204,3.002879137766969,0.3813138741270241,0.0
55,2664,257.05,307.52,5.003946305945459,5.655991810819852,4.564348191467836,5.28241203907193,0.6112247715672806,230.0
55,2704,319.13,319.13,3.9889840465642745,2.6390573296152584,2.6390573296152584,3.1585986339453163,0.6513935796776438,42.0
55,2707,237.65,238.65,5.3230099791384085,5.501258210544727,5.54907608489522,5.455020411561167,0.0974333391940582,162.0
55,2760,161.99,243.53,3.332204510175204,3.295836866004329,3.295836866004329,2.480969560545965,1.6540685546893008,0.0
55,2826,378.33,379.33,5.648974238161206,5.902633333401366,5.241747015059643,5.654100120526309,0.2946030046439553,162.0
55,2867,727.53,727.53,4.700480365792417,4.564348191467836,3.713572066704308,3.9377473365510856,0.891111563047858,15.0
55,2956,592.73,592.73,3.332204510175204,0.0,2.772588722239781,1.5261983081037465,1.7770490536925012,0.0
57,1062,154.29,158.11,5.8998973535824915,6.104793232414985,5.648974238161206,5.931100638040293,0.2083559332035882,432.0
57,1109,309.43,311.43,5.384495062789089,4.219507705176107,4.23410650459726,4.558139606808724,0.5565749185513167,122.0
57,1207,362.81,362.81,4.919980925828125,4.812184355372417,5.170483995038151,4.979982278263405,0.1521384426420257,162.0
57,1216,290.03,414.25,2.70805020110221,3.367295829986474,0.0,1.5188365077721713,1.774331775530132,0.0
57,1230,364.78,362.78,4.574710978503383,5.598421958998375,4.812184355372417,4.921449414666648,0.4616223357662549,95.0
57,1247,446.23,445.23,0.0,2.772588722239781,0.0,0.6931471805599453,1.3862943611198917,0.0
57,1248,155.26,155.26,3.7612001156935624,2.6390573296152584,2.772588722239781,3.117170758388233,0.5144656196776949,13.0
57,1445,726.53,728.53,3.9889840465642745,2.70805020110221,2.772588722239781,2.3674057424765667,1.6846699023924705,54.0
57,1525,321.13,319.13,0.0,0.0,2.70805020110221,1.5188365077721708,1.7743317755301349,0.0
57,1543,483.09,483.09,2.70805020110221,4.007333185232471,4.406719247264253,3.613576785943535,0.7490589249977397,42.0
57,1558,547.08,547.08,5.0106352940962555,4.418840607796598,5.602118820879701,5.158428385913064,0.5664377823114609,176.0
57,1727,445.23,446.23,5.442417710521793,5.652489180268651,5.37989735354046,5.431769418094383,0.1670729591827064,149.0
57,1754,330.83,328.83,6.159095388491933,6.042632833682381,5.786897381366708,5.932104628930063,0.2015028784879861,325.0
57,1770,486.03,486.03,2.6390573296152584,0.0,0.0,0.6597643324038146,1.3195286648076292,0.0
57,1778,161.05,161.99,5.25227342804663,5.786897381366708,5.37989735354046,5.416523058778571,0.2544447738226201,216.0
57,1878,320.13,320.13,0.0,2.6390573296152584,0.0,1.3367768826793671,1.543833944483873,26.0
57,1885,132.89,134.89,4.248495242049359,4.406719247264253,4.6913478822291435,4.3429785155694764,0.2800226094045788,107.0
57,1902,387.03,389.03,0.0,0.0,0.0,0.0,0.0,0.0
57,1962,548.08,549.08,5.003946305945459,4.700480365792417,5.739792912179234,5.190584894440331,0.4445713516205595,122.0
57,1971,328.86,327.86,5.318119993844216,5.017279836814924,4.564348191467836,4.930007396933004,0.3183259750874476,109.0
57,1993,137.74,139.74,4.553876891600541,4.564348191467836,3.7612001156935624,4.446174994300092,0.4849494129387331,136.0
57,2126,436.53,509.31,3.367295829986474,0.0,2.70805020110221,1.5188365077721708,1.7743317755301369,40.0
57,2139,242.53,291.03,0.0,3.332204510175204,2.70805020110221,2.169828010223168,1.479767099075794,40.0
57,2290,297.79,297.79,5.82600010738045,5.780743515792329,6.040254711277414,5.7870641362487305,0.2216201363758803,230.0
57,2304,483.09,483.09,2.6390573296152584,3.713572066704308,4.02535169073515,2.594495271763679,1.8287586369712223,40.0
57,2306,242.53,337.62,0.0,2.772588722239781,2.6390573296152584,1.3529115129637594,1.5631585080692314,26.0
57,2322,359.9,358.9,5.099866427824199,4.812184355372417,4.574710978503383,4.872677016911364,0.2318690555888966,162.0
57,2444,726.53,727.53,4.394449154672439,3.7612001156935624,2.6390573296152584,2.698676649995316,1.940018095050565,26.0
57,2490,291.03,292.03,4.68213122712422,5.017279836814924,4.919980925828125,4.827684967999103,0.1675693394307004,161.0
57,2492,456.93,455.93,2.772588722239781,2.6390573296152584,3.737669618283368,2.287328917534602,1.601515082577092,0.0
57,2539,135.8,136.8,2.70805020110221,4.007333185232471,4.219507705176107,3.7355560691858143,0.6922675534158609,42.0
57,2569,258.05,321.07,6.553933404025811,6.591673732008658,5.82600010738045,6.208809604753253,0.4208668182043008,499.0
57,2577,281.33,281.33,0.0,0.0,0.0,0.0,0.0,0.0
57,2581,549.08,547.08,4.919980925828125,4.574710978503383,6.270988431858299,5.144466172890556,0.7647392178345946,135.0
57,2631,150.41,148.41,4.248495242049359,2.6390573296152584,4.02535169073515,3.668526094523332,0.7146288384691293,41.0
57,2640,320.13,320.13,0.0,3.367295829986474,3.7612001156935624,2.606083202921092,1.7493969934485958,13.0
57,2664,250.32,323.07,6.342121418721152,6.318968113746434,5.442417710521793,6.042983207808373,0.4191171549766072,379.0
57,2704,320.13,320.13,2.6390573296152584,3.737669618283368,3.295836866004329,3.25119208101954,0.4545787495557822,15.0
57,2707,193.09,231.86,4.90527477843843,4.700480365792417,4.820281565605037,4.668632987971311,0.292418996827182,42.0
57,2760,243.53,242.53,0.0,0.0,0.0,0.0,0.0,0.0
57,2826,327.92,327.92,5.0106352940962555,5.54907608489522,5.0106352940962555,5.2056550252835905,0.255719045546554,135.0
57,2867,727.53,726.53,3.9889840465642745,3.737669618283368,3.367295829986474,2.7734873737085293,1.86654049490357,53.0
58,1062,154.29,173.69,6.240275845170769,6.343880434126331,6.131226489483141,6.298088782917481,0.1475144865712749,514.0
58,1109,310.43,309.43,5.700443573390687,5.493061443340548,5.181783550292085,5.091068153396899,0.7650175748349991,188.0
58,1207,368.63,367.63,5.241747015059643,4.007333185232471,5.087596335232384,4.787215222724228,0.549444389962195,96.0
58,1216,414.25,413.25,4.007333185232471,4.68213122712422,3.713572066704308,3.10075911976525,2.10656601327486,54.0
58,1230,363.75,365.75,4.564348191467836,4.02535169073515,5.176149732573829,4.616582495142308,0.4734401167577115,122.0
58,1247,445.23,445.23,0.0,0.0,0.0,0.6597643324038146,1.3195286648076283,15.0
58,1248,153.26,153.26,4.02535169073515,3.367295829986474,3.713572066704308,3.6183788543531015,0.3166354409941933,13.0
58,1445,581.03,727.53,0.0,3.9889840465642745,0.0,0.9972460116410689,1.9944920232821344,0.0
58,1525,319.13,319.13,0.0,3.367295829986474,0.0,1.5015882899004331,1.7591887549072034,15.0
58,1543,484.09,484.09,4.02535169073515,4.23410650459726,3.9889840465642745,4.116987486768198,0.1278140046294853,80.0
58,1558,547.08,549.08,5.003946305945459,4.820281565605037,6.0063531596017325,5.392593485832866,0.5703320504377029,108.0
58,1571,582.03,583.03,3.367295829986474,2.6390573296152584,3.295836866004329,3.1585986339453163,0.3475874082590151,0.0
58,1727,447.23,447.23,5.976350909297934,5.655991810819852,5.497168225293202,5.642982163983195,0.2399942888015616,256.0
58,1754,319.13,321.13,6.318968113746434,6.18826412308259,6.102558594613569,6.1989998638357715,0.0893908484212291,433.0
58,1770,486.03,485.03,0.0,0.0,0.0,0.0,0.0,0.0
58,1778,153.32,152.35,5.905361848054571,5.8998973535824915,5.318119993844216,5.736606272741074,0.2815108022122013,284.0
58,1878,320.13,321.13,3.713572066704308,3.713572066704308,4.248495242049359,4.023619995813643,0.3647042844075722,27.0
58,1885,130.01,130.01,4.912654885736052,5.181783550292085,5.170483995038151,5.089668157968262,0.1243205623169268,149.0
58,1902,445.23,445.23,0.0,0.0,0.0,0.0,0.0,13.0
58,1962,548.08,548.08,5.0106352940962555,4.812184355372417,5.937536205082426,5.301773306554352,0.49988922997536,95.0
58,1971,328.86,327.86,5.093750200806762,5.44673737166631,4.68213122712422,4.7459547288227135,0.727065583995388,215.0
58,1993,133.86,134.86,5.099866427824199,5.605802066295998,5.493061443340548,5.424997037001368,0.222747167316557,134.0
58,2104,583.03,583.03,0.0,3.332204510175204,2.70805020110221,2.4503637067427446,1.6898343033491772,15.0
58,2126,508.31,509.31,0.0,3.713572066704308,2.70805020110221,1.6054055669516298,1.898670170470117,0.0
58,2139,290.03,290.03,4.02535169073515,3.713572066704308,3.295836866004329,3.5917412834047475,0.3453401637034097,26.0
58,2290,297.79,297.79,6.159095388491933,6.042632833682381,5.937536205082426,6.000012662680651,0.1296290885028345,150.0
58,2304,483.09,483.09,2.70805020110221,3.713572066704308,3.7612001156935624,3.748751684718125,0.8593294269317661,41.0
58,2306,243.53,335.62,0.0,0.0,0.0,0.0,0.0,82.0
58,2322,368.63,368.63,4.418840607796598,4.406719247264253,4.812184355372417,4.514146204557467,0.1987742471938014,96.0
58,2444,728.53,728.53,4.418840607796598,4.248495242049359,0.0,2.859981143021435,2.0449241068041895,13.0
58,2490,292.03,292.03,5.241747015059643,5.375278407684165,5.181783550292085,5.17602093786858,0.1977878889520611,69.0
58,2492,456.93,456.93,2.772588722239781,0.0,3.7612001156935624,1.633447209483336,1.928840358722379,41.0
58,2539,140.68,140.68,2.772588722239781,3.295836866004329,4.912654885736052,3.883739341395176,1.014566664903729,80.0
58,2569,246.41,314.34,6.699500340161678,6.93537044601511,5.860786223465865,6.420466408385787,0.4868623084039328,715.0
58,2577,321.13,319.13,0.0,2.70805020110221,0.0,0.6770125502755525,1.3540251005511046,0.0
58,2581,547.08,549.08,5.176149732573829,4.820281565605037,6.270988431858299,5.512811228091726,0.6432261219020137,94.0
58,2631,144.53,144.53,4.6913478822291435,5.017279836814924,4.68213122712422,4.798694997725386,0.1559040457874485,95.0
58,2640,320.13,320.13,3.9889840465642745,4.23410650459726,4.6913478822291435,4.290733418860009,0.2924239519035317,40.0
58,2664,256.08,323.07,6.934397209928558,6.576469569048224,5.8289456176102075,6.335924865923382,0.51098204756587,553.0
58,2704,319.13,319.13,2.70805020110221,3.367295829986474,2.70805020110221,3.1361490869711144,0.5198252647053614,14.0
58,2707,203.76,202.76,5.438079308923196,5.82600010738045,5.655991810819852,5.7056761401312155,0.2060312190964795,270.0
58,2760,184.36,262.93,4.02535169073515,2.70805020110221,4.418840607796598,3.4812078054684346,0.8708542790808063,53.0
58,2826,326.92,326.92,5.003946305945459,5.44673737166631,4.406719247264253,4.940669425828612,0.4267959323511748,55.0
58,2867,726.53,726.53,3.737669618283368,4.007333185232471,2.6390573296152584,2.5960150332827743,1.829056296726021,42.0
59,1062,190.18,188.18,6.18826412308259,5.976350909297934,6.2422232654551655,6.127349223112315,0.115933510655503,581.0
59,1109,284.24,285.24,6.61338421837956,6.646390514847729,6.516193076042964,6.563235043039984,0.0797579022719357,810.0
59,1198,171.75,226.01,5.099866427824199,5.497168225293202,5.003946305945459,4.998857528433825,0.4560159815510823,270.0
59,1207,388.0,389.0,4.418840607796598,5.017279836814924,3.332204510175204,4.0251323662404825,0.8365924555917106,68.0
59,1216,417.13,418.13,4.394449154672439,4.574710978503383,3.737669618283368,4.11112484243564,0.437463286212652,26.0
59,1230,404.49,404.49,4.700480365792417,4.912654885736052,3.295836866004329,4.4572382608402314,0.7809300006573213,123.0
59,1247,445.23,447.23,4.564348191467836,2.6390573296152584,0.0,1.8008513802707735,2.2230336049835993,15.0
59,1248,161.02,163.02,4.248495242049359,0.0,4.23410650459726,3.182774247173995,2.121860339561248,67.0
59,1311,202.73,202.73,6.003887067106539,5.501258210544727,5.971261839790462,5.783099732065395,0.2447741087850544,270.0
59,1438,194.0,195.0,4.804021044733257,4.23410650459726,4.007333185232471,4.399834406540882,0.3505323912316871,28.0
59,1445,727.53,726.53,5.493061443340548,5.313205979041787,3.737669618283368,4.777071308033385,0.8011843849974024,40.0
59,1525,320.13,319.13,5.241747015059643,5.648974238161206,5.598421958998375,5.467260141439921,0.1903609398063226,150.0
59,1543,486.03,485.03,3.713572066704308,4.219507705176107,3.713572066704308,4.01637311159533,0.3589896443176518,122.0
59,1558,563.6,563.6,5.241747015059643,4.700480365792417,6.432940092739179,5.661065939324375,0.829466417387957,67.0
59,1571,640.23,640.23,4.574710978503383,5.003946305945459,4.248495242049359,4.51891194213689,0.3580606326248233,68.0
59,1727,466.63,464.63,5.940171252720432,5.497168225293202,5.501258210544727,5.621918443363396,0.2134731587680839,406.0
59,1754,320.16,319.16,6.453624998892692,6.008813185442595,6.2422232654551655,6.222717518422736,0.1832909360835952,580.0
59,1770,484.03,484.03,0.0,0.0,3.367295829986474,1.77624136206746,2.0565928033850684,27.0
59,1778,194.06,193.06,6.159095388491933,6.269096283706261,5.82600010738045,6.110613975665308,0.1953643508641166,285.0
59,1803,154.23,180.45,6.073044534100405,5.241747015059643,5.6937321388027,5.687079150035496,0.3416201551028173,148.0
59,1847,195.0,194.0,3.367295829986474,4.564348191467836,4.574710978503383,4.327594011172738,0.6496857323677845,42.0
59,1878,321.13,320.13,4.219507705176107,3.737669618283368,4.912654885736052,4.358545100165841,0.5014014785453602,148.0
59,1885,158.17,156.17,7.199678345691172,7.237778191923443,7.1891677384203225,7.289141911659131,0.161886935116654,1351.0
59,1902,447.23,445.23,0.0,2.70805020110221,3.713572066704308,2.298552747511575,1.599794015554859,26.0
59,1962,562.6,564.6,5.8289456176102075,5.25227342804663,6.715383386334681,6.045870437838541,0.6432695746637005,122.0
59,1971,346.35,345.35,5.438079308923196,4.6913478822291435,5.247024072160486,5.309309371694672,0.4852711529903756,107.0
59,1993,158.14,158.14,6.665683717782408,6.920671504248683,6.610696044717759,6.762059048560648,0.1475356416937329,285.0
59,2126,486.03,485.03,0.0,4.23410650459726,3.332204510175204,2.5685903039686684,1.8233811160430475,28.0
59,2139,292.03,292.03,2.6390573296152584,2.772588722239781,2.6390573296152584,3.009921857008644,0.6557364265297753,26.0
59,2290,286.18,286.18,7.147559271189454,6.922643891475888,7.033506484287697,7.016014344013587,0.0990401539107433,648.0
59,2304,484.03,486.03,3.332204510175204,3.367295829986474,0.0,2.4988343015415015,1.666144980221099,69.0
59,2306,256.08,335.62,0.0,2.772588722239781,3.713572066704308,2.445499413737105,1.6751653484812472,95.0
59,2322,378.3,380.3,4.418840607796598,5.017279836814924,5.017279836814924,4.905971069116149,0.3326872694981719,162.0
59,2444,728.53,727.53,5.0106352940962555,5.247024072160486,2.772588722239781,3.9173263545279458,1.4033075695709205,40.0
59,2490,290.03,291.03,5.181783550292085,5.497168225293202,5.3230099791384085,5.331242933465527,0.1291057354272298,176.0
59,2492,388.03,388.03,3.295836866004329,4.574710978503383,4.248495242049359,4.084637697933295,0.5499750862229988,53.0
59,2494,195.0,195.0,3.737669618283368,4.700480365792417,4.804021044733257,4.536861451811868,0.5393148008095573,55.0
59,2539,157.2,155.2,5.170483995038151,5.54907608489522,6.042632833682381,5.656456022303463,0.3828634813401108,298.0
59,2569,243.53,323.07,6.432940092739179,5.598421958998375,4.700480365792417,5.4092792989921,0.7831715118526431,393.0
59,2577,320.13,321.13,5.442417710521793,5.181783550292085,5.176149732573829,5.180082979803958,0.2133002201881956,80.0
59,2581,564.6,563.6,4.68213122712422,5.442417710521793,6.410174881966167,5.665943507418182,0.7716213539530966,134.0
59,2631,164.93,165.93,4.219507705176107,3.9889840465642745,2.70805020110221,3.726381499851717,0.6875299468557282,28.0
59,2640,319.13,320.13,5.44673737166631,5.247024072160486,5.438079308923196,5.421200084417903,0.1273249261781073,68.0
59,2664,234.77,339.56,6.267200548541362,5.501258210544727,4.68213122712422,5.405268495312115,0.6658809102799016,514.0
59,2704,319.13,321.13,5.087596335232384,5.384495062789089,4.820281565605037,5.053088472363658,0.2469398007317947,107.0
59,2707,238.62,238.62,6.456769655572163,6.90875477931522,6.386879319362645,6.5867043034999515,0.2313647748185478,647.0
59,2760,165.93,241.53,5.54907608489522,5.552959584921617,5.552959584921617,5.600299611319652,0.0972862790727058,459.0
59,2826,377.33,379.33,6.104793232414985,6.037870919922137,6.2422232654551655,6.098425150808721,0.1039480149790665,392.0
59,2867,726.53,728.53,5.003946305945459,5.648974238161206,3.332204510175204,4.189428444130413,1.358428128703845,27.0
59,2956,640.23,640.23,4.418840607796598,4.68213122712422,3.713572066704308,3.880648525681834,0.8822181536547199,53.0
61,1062,159.08,153.26,6.159095388491933,5.655991810819852,5.438079308923196,5.815494923419394,0.3282869776197946,378.0
61,1109,289.09,290.09,6.104793232414985,6.386879319362645,6.073044534100405,6.195330796740725,0.1417679508658763,593.0
61,1207,359.87,359.87,4.574710978503383,4.23410650459726,4.564348191467836,4.340537430283188,0.2827518529586653,134.0
61,1216,414.25,413.25,4.248495242049359,4.68213122712422,2.6390573296152584,3.9472978759912367,0.8974577846236231,54.0
61,1230,368.63,367.63,4.919980925828125,3.9889840465642745,3.737669618283368,4.389822369102955,0.6165485941743201,42.0
61,1247,446.23,447.23,4.23410650459726,4.007333185232471,4.02535169073515,3.06669784514122,2.0470540369245565,26.0
61,1248,146.5,145.5,4.418840607796598,4.919980925828125,4.394449154672439,4.663312903531323,0.2965419397947926,26.0
61,1445,728.53,726.53,4.23410650459726,4.394449154672439,3.332204510175204,3.814149258862307,0.5813864276307575,54.0
61,1525,319.13,321.13,4.394449154672439,4.919980925828125,4.23410650459726,4.525603369174591,0.2935443744436127,134.0
61,1543,484.09,484.09,4.820281565605037,4.564348191467836,4.007333185232471,4.446603024244446,0.3411634966086782,68.0
61,1558,548.08,548.08,5.602118820879701,5.318119993844216,6.042632833682381,5.758402344102197,0.3635993448942782,162.0
61,1571,593.64,581.03,3.713572066704308,3.737669618283368,4.6913478822291435,3.964040408480282,0.485004699801747,53.0
61,1727,447.23,446.23,4.804021044733257,5.780743515792329,5.087596335232384,5.231158580951149,0.4105062040190481,190.0
61,1754,323.07,322.07,6.186208623900494,6.07073772800249,5.700443573390687,5.974390294503526,0.2084606928890745,540.0
61,1770,486.03,486.03,3.295836866004329,2.70805020110221,3.295836866004329,2.3249309832777176,1.574526476785685,0.0
61,1778,150.41,157.14,5.501258210544727,5.860786223465865,4.812184355372417,5.510174211579077,0.4956959489977958,271.0
61,1878,320.13,321.13,5.176149732573829,5.0106352940962555,5.438079308923196,4.964742710047635,0.5179047077709926,123.0
61,1885,137.77,137.77,6.47543271670409,6.1903154058531475,6.366470447731438,6.361419381864008,0.1224870629797578,447.0
61,1902,446.23,445.23,3.332204510175204,2.772588722239781,2.6390573296152584,3.0277865980041794,0.3760200277239773,69.0
61,1962,548.08,547.08,5.170483995038151,5.017279836814924,6.159095388491933,5.522465602038623,0.526952882393516,256.0
61,1971,329.86,329.86,5.313205979041787,5.3230099791384085,5.247024072160486,5.200805239042202,0.1902335409274698,256.0
61,1993,134.86,133.86,6.131226489483141,6.131226489483141,6.2422232654551655,6.17323509187601,0.0532750261154391,257.0
61,2104,581.03,582.03,3.9889840465642745,3.713572066704308,2.6390573296152584,3.525703389644351,0.6031924929466037,27.0
61,2126,436.53,508.31,2.772588722239781,3.713572066704308,3.332204510175204,3.2964152822764414,0.3893237593020678,54.0
61,2139,291.03,291.03,3.332204510175204,4.820281565605037,3.7612001156935624,3.97566755950952,0.62545746682881,28.0
61,2290,274.57,274.57,6.131226489483141,6.495265555937008,6.2422232654551655,6.27773464408262,0.1541713905586998,323.0
61,2304,482.09,482.09,2.6390573296152584,2.70805020110221,2.772588722239781,2.8538832797403946,0.2996382558814618,42.0
61,2306,243.53,337.62,2.70805020110221,2.70805020110221,2.6390573296152584,2.6908019832304726,0.0344964357434429,28.0
61,2322,360.87,359.87,4.248495242049359,2.772588722239781,2.6390573296152584,3.108182504036045,0.7628101429388889,82.0
61,2444,726.53,728.53,0.0,0.0,0.0,0.0,0.0,0.0
61,2490,292.03,290.03,5.25227342804663,5.37989735354046,5.44673737166631,5.332795395325007,0.0969001941330316,162.0
61,2492,455.93,455.93,3.737669618283368,3.367295829986474,2.70805020110221,3.2772131288440955,0.426000138346374,42.0
61,2539,137.74,139.74,4.804021044733257,4.394449154672439,4.564348191467836,4.447042520402171,0.3275075089428267,149.0
61,2569,243.5,313.34,6.699500340161678,6.104793232414985,5.652489180268651,6.131880120211951,0.4306895552526237,729.0
61,2577,321.13,321.13,3.295836866004329,4.219507705176107,4.418840607796598,4.045670105256598,0.5075640051311479,42.0
61,2581,547.08,549.08,5.099866427824199,5.093750200806762,5.746203190540153,5.494422684773313,0.4743214404726721,176.0
61,2631,152.35,150.35,4.700480365792417,4.574710978503383,4.804021044733257,4.6926400678145495,0.0937659002357769,136.0
61,2640,319.13,321.13,5.099866427824199,5.605802066295998,5.497168225293202,5.395683518238464,0.2177199301708729,176.0
61,2664,237.68,321.07,6.647688373563329,5.971261839790462,5.318119993844216,5.884797257019428,0.5746039791698639,501.0
61,2704,321.13,320.13,5.087596335232384,4.804021044733257,4.804021044733257,4.772521894842834,0.2853041025142632,67.0
61,2707,197.88,234.74,5.973809611869261,5.902633333401366,5.746203190540153,5.75063587233781,0.2648121624687865,312.0
61,2760,193.09,260.93,3.7612001156935624,3.737669618283368,4.418840607796598,4.154547676891486,0.4818031665131344,123.0
61,2826,327.92,326.92,5.8998973535824915,6.037870919922137,6.318968113746434,5.989294990160438,0.2597890604335029,270.0
61,2867,583.03,727.53,0.0,4.812184355372417,3.713572066704308,2.131439105519181,2.501706425792331,0.0
61,2956,485.03,631.53,0.0,0.0,0.0,0.0,0.0,0.0
64,1062,155.26,172.66,6.517671272912275,6.218600119691729,6.2422232654551655,6.3838182535543035,0.1781179387332699,553.0
64,1109,283.24,283.24,5.971261839790462,5.863631175598097,6.0063531596017325,5.906267839330007,0.1017372117716577,487.0
64,1207,356.96,363.81,5.501258210544727,5.093750200806762,5.3230099791384085,5.340109025252923,0.1802046750801115,215.0
64,1216,413.25,412.25,3.7612001156935624,4.804021044733257,4.418840607796598,4.1804328466266965,0.5220140037912406,42.0
64,1230,359.87,286.21,4.564348191467836,5.602118820879701,5.497168225293202,5.1702287686139154,0.4774596231030816,189.0
64,1247,445.23,447.23,0.0,0.0,2.772588722239781,1.5261983081037465,1.777049053692503,42.0
64,1248,153.26,153.26,0.0,3.332204510175204,3.367295829986474,2.351887635315972,1.5969034827187063,14.0
64,1445,728.53,726.53,4.574710978503383,4.219507705176107,4.02535169073515,3.2048925936036596,2.1486690375549458,26.0
64,1525,320.13,320.13,2.70805020110221,4.553876891600541,2.772588722239781,3.5058749653767016,0.9139539540841738,40.0
64,1543,482.09,484.09,4.007333185232471,4.02535169073515,4.820281565605037,4.210487622034233,0.4068003301423662,15.0
64,1558,548.08,547.08,4.68213122712422,4.820281565605037,5.7430031878094825,5.041349226591716,0.4778273843130647,107.0
64,1571,317.25,535.47,0.0,0.0,0.0,0.0,0.0,0.0
64,1727,445.23,446.23,4.6913478822291435,5.37989735354046,4.820281565605037,5.033318454108571,0.3295896369964499,54.0
64,1754,330.83,330.83,5.934894195619588,5.099866427824199,5.739792912179234,5.523168382366809,0.3819571173881619,323.0
64,1770,485.03,486.03,2.6390573296152584,2.6390573296152584,2.70805020110221,1.9965412150831816,1.3314247726374997,14.0
64,1778,154.23,150.41,5.902633333401366,5.655991810819852,5.093750200806762,5.5873672078833465,0.3463137652105014,256.0
64,1878,321.13,319.13,3.7612001156935624,3.737669618283368,3.367295829986474,3.8602191356166977,0.5093443920996862,41.0
64,1885,130.04,129.04,6.320768294250582,6.218600119691729,6.008813185442595,6.129860859793842,0.1674579483432184,392.0
64,1902,445.23,445.23,3.332204510175204,2.70805020110221,2.772588722239781,2.8629751907831142,0.317535734918403,42.0
64,1962,548.08,549.08,3.9889840465642745,4.553876891600541,5.099866427824199,4.661668417983618,0.5077055987898584,40.0
64,1971,329.86,328.86,4.68213122712422,4.6913478822291435,4.804021044733257,4.642987327189765,0.1747131645201504,177.0
64,1993,129.07,127.07,5.652489180268651,5.497168225293202,5.746203190540153,5.72616844538615,0.2145997631295964,177.0
64,2104,517.98,435.53,0.0,0.0,0.0,0.0,0.0,0.0
64,2126,435.53,436.53,3.332204510175204,0.0,2.772588722239781,2.219345488663692,1.5028978398200057,42.0
64,2139,279.39,278.39,3.713572066704308,4.23410650459726,4.219507705176107,4.043629865427537,0.243221410841518,69.0
64,2290,297.79,297.79,6.068425588244111,6.068425588244111,6.293419278846481,6.082541952229299,0.1614794514898531,256.0
64,2304,484.09,482.09,0.0,4.23410650459726,2.6390573296152584,1.7182909585531294,2.0882357951380195,28.0
64,2306,243.53,336.62,0.0,3.367295829986474,0.0,0.8418239574966192,1.683647914993241,13.0
64,2322,363.81,292.03,4.564348191467836,4.23410650459726,5.017279836814924,4.708253592423736,0.3814527776643969,150.0
64,2444,583.03,726.53,2.70805020110221,3.713572066704308,2.772588722239781,2.975565297787127,0.4929442615878532,0.0
64,2490,290.03,291.03,4.248495242049359,3.7612001156935624,4.23410650459726,4.23607055703315,0.3835520985166526,26.0
64,2492,455.93,456.93,3.367295829986474,4.02535169073515,3.713572066704308,3.917641944723442,0.5080537110991666,69.0
64,2539,126.1,127.1,4.68213122712422,4.248495242049359,4.406719247264253,4.396460239621797,0.2045323457317803,149.0
64,2569,243.5,313.31,6.068425588244111,6.008813185442595,5.25227342804663,5.624999049192871,0.4793915274707516,406.0
64,2577,321.13,319.13,3.295836866004329,2.772588722239781,0.0,2.4515238016318697,1.6812780104801892,0.0
64,2581,547.08,549.08,5.0106352940962555,5.093750200806762,5.247024072160486,5.0429227831671355,0.1778129694001423,149.0
64,2631,153.26,154.26,3.332204510175204,3.7612001156935624,2.6390573296152584,3.2661666164148073,0.464415844483873,28.0
64,2640,320.13,320.13,4.812184355372417,3.737669618283368,4.406719247264253,4.173560709800851,0.5298443644454357,54.0
64,2664,242.5,321.07,5.44673737166631,5.25227342804663,5.093750200806762,5.200849073653989,0.1921431496071363,392.0
64,2704,319.13,321.13,5.170483995038151,4.02535169073515,4.219507705176107,4.608155806941083,0.5698840372744995,150.0
64,2707,204.67,205.67,5.6937321388027,5.556828061699537,5.44673737166631,5.469770280615158,0.2169522550447262,270.0
64,2760,182.36,261.93,4.02535169073515,4.02535169073515,4.418840607796598,4.045779013992801,0.2888892288687241,80.0
64,2826,325.92,326.92,5.44673737166631,5.37989735354046,5.093750200806762,5.310848726287985,0.1533113419431439,244.0
64,2867,490.85,707.13,0.0,0.0,0.0,0.0,0.0,0.0
64,2956,315.25,435.53,0.0,0.0,0.0,0.0,0.0,0.0
65,1062,163.02,154.23,5.863631175598097,6.129050210060545,5.860786223465865,6.010945753744414,0.1735622886912561,325.0
65,1109,286.21,285.21,5.971261839790462,6.186208623900494,6.432940092739179,6.207671600400226,0.1898764200644777,661.0
65,1207,353.08,355.08,3.713572066704308,2.70805020110221,4.394449154672439,3.847695600245585,0.8454331370250366,188.0
65,1216,416.13,416.13,5.087596335232384,5.442417710521793,4.804021044733257,4.493273105025673,1.263431307711802,42.0
65,1230,367.69,366.69,4.418840607796598,5.017279836814924,5.093750200806762,4.9279135489275925,0.3459736818034074,216.0
65,1247,447.23,447.23,4.248495242049359,3.7612001156935624,3.295836866004329,3.668207013433431,0.4376411057620918,67.0
65,1248,147.5,145.5,4.007333185232471,0.0,3.713572066704308,3.0713133608511543,2.077718951386869,54.0
65,1445,728.53,726.53,4.564348191467836,4.6913478822291435,4.574710978503383,4.134614313325644,0.9527842906890636,96.0
65,1525,320.13,320.13,5.003946305945459,4.574710978503383,4.812184355372417,4.76824321673637,0.1847130855478153,123.0
65,1543,484.09,483.09,4.90527477843843,4.919980925828125,3.9889840465642745,4.459897860391495,0.5230128168750932,69.0
65,1558,511.19,513.19,5.375278407684165,4.919980925828125,6.318968113746434,5.701135713277968,0.6676824175861991,258.0
65,1571,582.03,582.03,5.017279836814924,4.90527477843843,4.820281565605037,4.960675652170647,0.1229605114107132,68.0
65,1727,418.1,418.1,5.697093486505405,5.786897381366708,5.700443573390687,5.684348506546105,0.0969549829276998,204.0
65,1754,287.15,288.15,6.823286122355687,7.033506484287697,6.807934943699926,6.886277908132328,0.1029831312601065,1025.0
65,1770,486.03,484.03,2.70805020110221,2.70805020110221,4.007333185232471,3.179817613360305,0.6173522687554163,14.0
65,1778,158.11,158.11,5.786897381366708,6.295266001439646,6.104793232414985,5.948189670379334,0.309962970449381,229.0
65,1878,320.13,320.13,5.648974238161206,5.905361848054571,5.863631175598097,5.8308322774671115,0.122824302647704,297.0
65,1885,121.31,121.31,6.731018100482083,6.473890696352274,6.476972362889683,6.564239250080915,0.1207076183678456,649.0
65,1902,446.23,446.23,3.367295829986474,4.007333185232471,0.0,1.843657253804736,2.1448474837839036,0.0
65,1962,512.19,513.19,6.432940092739179,6.073044534100405,6.97354301952014,6.49445244895904,0.370094961723717,393.0
65,1971,290.06,291.06,6.386879319362645,6.591673732008658,6.218600119691729,6.300260059542393,0.2496197916124318,663.0
65,1993,118.34,118.34,6.779921907472252,6.53813982376767,6.555356891810665,6.642613217679267,0.1159650539847025,379.0
65,2104,582.03,582.03,4.820281565605037,4.02535169073515,4.219507705176107,4.3211621666731,0.3451044630008306,134.0
65,2126,437.53,507.31,2.6390573296152584,2.6390573296152584,2.70805020110221,2.8295923426269827,0.3366495039357963,55.0
65,2139,290.03,291.03,3.367295829986474,3.332204510175204,3.737669618283368,3.707904778279372,0.4930835877644974,55.0
65,2290,259.96,260.96,6.933423025730715,7.033506484287697,6.895682697747868,7.002149168870167,0.1121461347942201,406.0
65,2304,482.09,472.39,3.7612001156935624,3.737669618283368,4.23410650459726,3.8735440885669377,0.2406307434018825,54.0
65,2306,241.53,337.62,3.295836866004329,2.6390573296152584,3.367295829986474,2.3255475064015148,1.5846304116767314,42.0
65,2322,361.81,363.81,5.3230099791384085,5.605802066295998,5.170483995038151,5.318861443261596,0.2039073572369151,190.0
65,2444,728.53,728.53,5.241747015059643,4.912654885736052,3.737669618283368,4.306069007313567,0.9155926471085452,28.0
65,2490,281.36,280.36,6.240275845170769,5.8664680569332965,5.8289456176102075,5.908195751554919,0.2329972382623455,338.0
65,2492,446.23,445.23,4.02535169073515,4.248495242049359,4.820281565605037,4.2079495291682285,0.458657331371389,26.0
65,2539,118.4,116.4,5.493061443340548,5.7430031878094825,6.18826412308259,5.8737666205587775,0.3160916552554818,366.0
65,2569,243.5,340.53,6.762729506931879,5.700443573390687,5.497168225293202,5.936809671745619,0.5638471432492607,459.0
65,2577,321.13,321.13,4.219507705176107,4.02535169073515,5.170483995038151,4.186886975281153,0.7583101769959039,94.0
65,2581,513.19,511.19,5.241747015059643,5.318119993844216,6.18826412308259,5.644269187399164,0.4466293278943971,175.0
65,2631,149.41,150.41,5.087596335232384,4.02535169073515,0.0,3.453357097939988,2.343708414031371,42.0
65,2640,320.13,319.13,6.100318952020064,5.971261839790462,5.7430031878094825,5.929304328255343,0.1488017598613824,323.0
65,2664,235.77,340.53,6.715383386334681,5.697093486505405,5.552959584921617,5.866673667076608,0.5718422295296821,377.0
65,2704,321.13,321.13,4.912654885736052,5.438079308923196,5.099866427824199,5.1730869093857725,0.2222020550356138,163.0
65,2707,202.76,201.76,6.342121418721152,6.456769655572163,6.57507584059962,6.440211558563895,0.1015357874809442,540.0
65,2760,184.36,261.93,5.786897381366708,4.90527477843843,5.170483995038151,5.338929399545959,0.383345877056462,311.0
65,2826,327.92,325.92,6.270988431858299,6.498282149476434,6.340359303727752,6.369454267853244,0.0951144334905586,567.0
65,2867,726.53,728.53,5.087596335232384,5.003946305945459,2.772588722239781,4.150450245425248,1.106885802929843,40.0
65,2956,582.03,583.03,4.248495242049359,4.219507705176107,4.6913478822291435,4.618139202124099,0.5112145872971511,95.0
66,1062,161.08,152.29,6.104793232414985,6.240275845170769,5.940171252720432,6.073513378937195,0.1300697082851507,607.0
66,1109,276.45,308.46,6.536691597591305,6.517671272912275,6.073044534100405,6.315201361900158,0.2461330029246627,554.0
66,1207,362.84,362.84,5.099866427824199,4.919980925828125,4.394449154672439,4.947393729002232,0.4134539015800889,215.0
66,1216,416.13,416.13,4.912654885736052,4.574710978503383,4.406719247264253,4.401914294551999,0.5048276127143227,107.0
66,1230,364.75,363.75,5.37989735354046,4.6913478822291435,5.556828061699537,5.296225339792169,0.4117868792970828,123.0
66,1247,447.23,446.23,2.6390573296152584,3.332204510175204,3.9889840465642745,3.4918947678968024,0.6495144821524949,54.0
66,1248,155.26,155.26,3.737669618283368,2.70805020110221,4.02535169073515,3.4508190050739835,0.5710067062494153,41.0
66,1445,726.53,726.53,5.099866427824199,4.574710978503383,3.7612001156935624,4.421068191017626,0.5626071607512019,40.0
66,1525,320.13,321.13,4.007333185232471,4.574710978503383,4.23410650459726,4.0370887946270795,0.5245953492599328,41.0
66,1543,482.09,482.09,3.9889840465642745,4.68213122712422,4.02535169073515,4.228993667399937,0.3185897593383508,107.0
66,1558,513.19,511.19,5.176149732573829,5.3230099791384085,5.602118820879701,5.472043978489661,0.2743578366870389,94.0
66,1571,583.03,583.03,4.418840607796598,5.087596335232384,4.68213122712422,4.750188131381405,0.2781550834923693,203.0
66,1727,415.22,415.22,5.247024072160486,5.973809611869261,5.746203190540153,5.554827575654132,0.3644413906430171,310.0
66,1754,285.18,287.18,6.630683385642372,6.731018100482083,6.535241271013659,6.582470712469323,0.127776908082,824.0
66,1770,485.03,485.03,3.713572066704308,0.0,2.70805020110221,2.6675293774639695,1.88953374226545,40.0
66,1778,154.23,155.2,4.912654885736052,5.780743515792329,5.003946305945459,5.28385600409926,0.4028323623303653,312.0
66,1878,320.13,321.13,5.652489180268651,4.700480365792417,5.318119993844216,5.278376812606769,0.4092323315354668,123.0
66,1885,119.31,119.31,6.729824070489475,6.663132695990803,6.434546518787453,6.590686139070348,0.1317340527794786,757.0
66,1902,445.23,446.23,0.0,3.295836866004329,2.772588722239781,2.3410656135621095,1.5800819271276152,0.0
66,1962,512.19,511.19,5.700443573390687,6.102558594613569,6.715383386334681,6.282942443179624,0.4718898890783171,298.0
66,1971,291.06,289.06,5.700443573390687,6.07073772800249,6.037870919922137,5.928603517342472,0.1680660924773414,339.0
66,1993,121.28,121.28,6.778784897685177,6.664409020350408,6.646390514847729,6.679406452265711,0.067895560834202,474.0
66,2104,582.03,583.03,4.919980925828125,4.6913478822291435,4.6913478822291435,4.935188999802402,0.3521585484599972,69.0
66,2126,435.53,509.31,2.70805020110221,0.0,4.02535169073515,2.3603630232348936,1.6916730980172117,0.0
66,2139,281.3,282.3,4.394449154672439,3.295836866004329,4.248495242049359,4.039572241975559,0.5016989547239681,95.0
66,2290,260.96,259.96,6.453624998892692,6.556778356158042,6.612041034833092,6.567857234977151,0.0850599685188648,244.0
66,2304,484.09,484.09,3.713572066704308,3.713572066704308,3.332204510175204,3.7483637870452697,0.3703851414354184,107.0
66,2306,241.53,337.62,2.6390573296152584,0.0,3.367295829986474,2.42998130657651,1.6807424638139,69.0
66,2322,358.9,358.9,4.919980925828125,5.318119993844216,5.37989735354046,5.279814120939382,0.251662079299471,163.0
66,2444,726.53,726.53,4.418840607796598,4.700480365792417,3.367295829986474,3.9634781583904912,0.6979479329785174,55.0
66,2490,280.36,279.36,4.68213122712422,5.087596335232384,6.040254711277414,5.225933118610195,0.576035167578673,161.0
66,2492,447.23,446.23,3.713572066704308,3.7612001156935624,4.02535169073515,4.078077057126359,0.5082546519392281,53.0
66,2539,121.31,121.31,6.100318952020064,5.902633333401366,5.902633333401366,5.969211864653315,0.0931999148840668,339.0
66,2569,237.68,283.24,6.716594773520978,5.552959584921617,5.25227342804663,5.753722307457443,0.6549361600969961,445.0
66,2577,321.13,321.13,4.90527477843843,4.6913478822291435,5.247024072160486,4.963570506731078,0.2309867003330602,148.0
66,2581,513.19,511.19,5.552959584921617,5.501258210544727,6.456769655572163,5.779197379333627,0.453726733206225,123.0
66,2631,149.41,148.41,3.9889840465642745,4.564348191467836,3.7612001156935624,4.281679177274523,0.4891851757972585,81.0
66,2640,319.13,321.13,5.697093486505405,5.598421958998375,5.438079308923196,5.493835442371655,0.1990891706136845,217.0
66,2664,243.5,340.53,6.434546518787453,5.863631175598097,4.553876891600541,5.524769664536644,0.8087637559537578,269.0
66,2704,321.13,320.13,4.820281565605037,4.912654885736052,4.804021044733257,4.888559333222317,0.098248222151067,162.0
66,2707,202.79,200.79,6.2166061010848646,6.040254711277414,6.18826412308259,6.121939442281812,0.0936708297160126,566.0
66,2760,192.06,262.93,5.375278407684165,4.007333185232471,4.564348191467836,4.627826993963077,0.5632510687307917,109.0
66,2826,326.92,325.92,6.29156913955832,5.697093486505405,5.905361848054571,5.949164451879915,0.2482368189301801,539.0
66,2867,728.53,727.53,4.700480365792417,3.737669618283368,3.9889840465642745,4.2114936596091646,0.4305502315960696,15.0
66,2956,582.03,582.03,4.812184355372417,4.912654885736052,4.574710978503383,4.637011365415303,0.2952349589903013,123.0
67,1062,189.15,189.15,6.456769655572163,6.792344427470809,6.2166061010848646,6.446622119594605,0.2505816172922916,554.0
67,1109,293.94,292.94,6.974478911025045,7.069023426578259,6.612041034833092,6.850488875252442,0.2088222696409729,1176.0
67,1198,151.35,215.4,5.783825182329737,5.318119993844216,5.697093486505405,5.674734004065462,0.2518418272659028,243.0
67,1207,389.0,390.0,3.332204510175204,3.295836866004329,4.23410650459726,3.814149258862308,0.5813864276307557,26.0
67,1216,402.55,404.55,5.602118820879701,5.438079308923196,4.700480365792417,4.863562640574905,0.8611249971240856,94.0
67,1230,382.18,383.18,4.564348191467836,4.248495242049359,4.394449154672439,4.5767897540034586,0.3718375003131018,121.0
67,1247,447.23,445.23,3.9889840465642745,4.394449154672439,4.394449154672439,4.1228636056533645,0.3331469751071646,69.0
67,1248,159.11,158.11,3.9889840465642745,4.418840607796598,4.248495242049359,4.222606600251873,0.1769084065108702,41.0
67,1311,175.63,211.46,6.040254711277414,6.073044534100405,6.042632833682381,5.9624160544657245,0.1797436092553645,527.0
67,1438,196.0,196.0,4.564348191467836,5.093750200806762,4.912654885736052,4.783775367369621,0.2639386915347419,107.0
67,1445,727.53,728.53,4.90527477843843,6.214608098422191,3.713572066704308,4.714701658575019,1.1200448324642436,41.0
67,1525,321.13,320.13,5.598421958998375,5.8664680569332965,5.940171252720432,5.8769049658164185,0.210225194653578,312.0
67,1543,485.03,485.03,4.418840607796598,4.812184355372417,4.812184355372417,4.737121024244965,0.2166772683845685,94.0
67,1558,564.6,640.23,5.605802066295998,4.90527477843843,6.535241271013659,5.904999570677183,0.8027675353703496,150.0
67,1571,641.23,641.23,5.241747015059643,4.90527477843843,4.553876891600541,5.004754669735707,0.3500239123661849,107.0
67,1727,466.63,466.63,6.368187186350492,5.971261839790462,6.0063531596017325,6.147006362799463,0.1903126166736254,568.0
67,1754,319.16,319.16,6.556778356158042,6.630683385642372,6.763884908562435,6.686483307809837,0.1119737041209405,756.0
67,1770,485.03,486.03,3.7612001156935624,2.70805020110221,3.367295829986474,2.459136536695562,1.696018217687446,13.0
67,1778,187.21,187.21,6.431331081933479,6.453624998892692,6.434546518787453,6.459293468131475,0.0401431030949025,487.0
67,1803,192.09,192.09,5.905361848054571,6.576469569048224,6.293419278846481,6.26762917434723,0.2757105540236705,620.0
67,1847,194.0,195.0,4.820281565605037,4.564348191467836,5.0106352940962555,4.7693490695733365,0.1918727645794294,123.0
67,1878,320.13,320.13,5.25227342804663,5.7430031878094825,5.093750200806762,5.367231042550833,0.2765092912965074,177.0
67,1885,157.14,157.14,7.665753431861699,7.665753431861699,7.579678823090456,7.648877438623753,0.0469556890368828,2133.0
67,1902,446.23,445.23,3.737669618283368,3.367295829986474,2.6390573296152584,3.6065385012523303,0.8499709710786222,27.0
67,1962,564.6,563.6,6.57507584059962,6.343880434126331,7.523481312573497,6.958309027258781,0.5861902553313915,582.0
67,1971,341.47,340.47,6.535241271013659,6.364750756851911,5.937536205082426,6.301428854824622,0.2553118645924586,622.0
67,1993,158.14,157.14,7.069874128458572,7.187657164114956,7.034387929915503,7.117806797998266,0.0772824173720993,500.0
67,2104,640.23,641.23,4.219507705176107,3.737669618283368,4.564348191467836,4.384701337935558,0.5410999697433776,26.0
67,2126,476.27,508.31,3.367295829986474,2.70805020110221,3.367295829986474,2.3606604652687895,1.6041640580944434,162.0
67,2139,284.21,284.21,4.6913478822291435,4.564348191467836,3.7612001156935624,4.087275174891436,0.6503740338814026,67.0
67,2290,285.21,284.21,7.16703787691222,7.227662498728654,7.247080584585756,7.207359531085396,0.0365330519110176,971.0
67,2304,484.03,486.03,3.737669618283368,4.02535169073515,4.02535169073515,3.8873932788618073,0.1595900328765805,81.0
67,2306,244.5,336.62,3.332204510175204,2.772588722239781,2.6390573296152584,3.0190137680513627,0.3657271661664533,121.0
67,2322,379.27,379.27,5.093750200806762,5.241747015059643,5.093750200806762,5.216831681399091,0.1631659566883402,325.0
67,2444,727.53,728.53,6.073044534100405,5.598421958998375,4.007333185232471,4.916945931223881,1.0784992911534352,40.0
67,2490,277.45,276.45,6.102558594613569,5.6937321388027,6.07073772800249,6.1410156772713105,0.4145829839607003,296.0
67,2492,387.03,389.03,3.367295829986474,3.713572066704308,3.9889840465642745,3.825989611963079,0.3724532515946788,68.0
67,2494,196.0,196.0,4.820281565605037,4.007333185232471,4.820281565605037,4.61502016795374,0.405142636816899,108.0
67,2539,158.11,159.11,6.270988431858299,6.340359303727752,6.218600119691729,6.325959637907513,0.1105122136150953,433.0
67,2569,241.53,339.56,6.630683385642372,5.017279836814924,5.25227342804663,5.625588867845907,0.7118450504699051,688.0
67,2577,319.13,321.13,5.823045895483019,5.937536205082426,6.008813185442595,5.817663374138191,0.2243872731424668,366.0
67,2581,564.6,564.6,5.170483995038151,5.6937321388027,6.747586526829315,6.000091016553949,0.7051624761075759,108.0
67,2631,162.02,161.02,4.90527477843843,4.564348191467836,5.003946305945459,4.912429752106388,0.2576402363950351,82.0
67,2640,321.13,320.13,6.104793232414985,5.783825182329737,5.973809611869261,5.991805314757242,0.1517806749669545,68.0
67,2664,243.53,336.65,6.536691597591305,5.739792912179234,5.241747015059643,5.752823242042682,0.5607419163272446,580.0
67,2704,321.13,321.13,5.44673737166631,5.655991810819852,5.905361848054571,5.728363219648826,0.2215158143209299,365.0
67,2707,232.8,234.8,6.907755278982137,6.946975992135418,6.822197390620491,6.915411245464078,0.0696346732665941,1216.0
67,2760,163.99,241.53,6.133398042996649,5.7430031878094825,5.375278407684165,5.673524337253022,0.3457706577740474,528.0
67,2826,377.33,378.33,6.57507584059962,6.53813982376767,6.714170529909472,6.604764981571355,0.0762917897860798,744.0
67,2867,727.53,727.53,5.8998973535824915,5.8664680569332965,2.70805020110221,4.620437199212618,1.551636957916018,41.0
67,2956,641.23,640.23,4.574710978503383,4.564348191467836,5.003946305945459,4.807650452787265,0.2771031986510083,107.0
68,1062,158.17,155.23,5.552959584921617,5.823045895483019,5.976350909297934,5.905363168352208,0.2990571058048241,365.0
68,1109,288.12,289.12,6.1903154058531475,6.343880434126331,6.186208623900494,6.282644836461535,0.1123066898829163,364.0
68,1207,333.71,334.71,3.713572066704308,2.70805020110221,2.70805020110221,3.216835521798024,0.5875770463573813,68.0
68,1216,416.13,417.13,4.007333185232471,2.70805020110221,4.418840607796598,3.476703179092765,0.8671400707505142,13.0
68,1230,309.43,357.99,4.219507705176107,3.332204510175204,4.02535169073515,3.7182251930226977,0.473650612785188,26.0
68,1247,446.23,446.23,2.70805020110221,0.0,0.0,1.5009717667766345,1.7497058381682928,41.0
68,1248,154.26,153.26,4.248495242049359,4.02535169073515,2.772588722239781,2.7616089137560724,1.9523047156598976,0.0
68,1445,692.64,691.64,4.248495242049359,4.700480365792417,4.574710978503383,4.32122167550968,0.4191289628383925,54.0
68,1525,320.13,320.13,5.099866427824199,4.90527477843843,4.564348191467836,4.973124844217218,0.3215509394135383,162.0
68,1543,482.09,483.09,4.23410650459726,5.247024072160486,3.7612001156935624,4.485702764560932,0.6361195688546316,68.0
68,1558,511.19,512.19,4.418840607796598,5.017279836814924,5.786897381366708,5.180046512817858,0.5985431139687062,95.0
68,1571,582.03,582.03,4.912654885736052,4.68213122712422,4.804021044733257,4.704411941347532,0.2123946908762609,55.0
68,1727,423.95,422.95,5.247024072160486,4.912654885736052,4.820281565605037,5.040436018448415,0.2061178867208899,244.0
68,1754,291.03,290.03,6.342121418721152,6.104793232414985,6.410174881966167,6.299362209207514,0.1337231554759586,458.0
68,1770,486.03,486.03,2.70805020110221,2.70805020110221,2.6390573296152584,2.6735537653587342,0.0398330529251403,0.0
68,1778,161.05,152.32,5.25227342804663,4.248495242049359,5.241747015059643,5.060943473925089,0.5547510758869986,108.0
68,1878,319.13,321.13,4.912654885736052,5.093750200806762,4.574710978503383,4.700155942555576,0.3859323809871257,94.0
68,1885,119.31,121.31,5.937536205082426,5.7430031878094825,5.746203190540153,5.813922050260567,0.0915086441479927,337.0
68,1902,447.23,447.23,0.0,0.0,0.0,0.0,0.0,42.0
68,1962,511.19,511.19,5.313205979041787,5.786897381366708,6.163314804034641,5.954337892117238,0.5298655748456716,310.0
68,1971,289.06,289.06,5.54907608489522,5.602118820879701,5.786897381366708,5.547591428797064,0.2217021283866797,217.0
68,1993,120.34,120.34,6.0063531596017325,5.973809611869261,6.068425588244111,6.109707256695113,0.1910963192906196,189.0
68,2104,582.03,581.03,4.406719247264253,4.394449154672439,3.713572066704308,3.9526443336613326,0.5446488548995392,40.0
68,2126,437.53,509.31,3.295836866004329,3.332204510175204,4.553876891600541,2.7954795669450183,1.953210882279924,55.0
68,2139,283.24,284.24,3.9889840465642745,3.367295829986474,4.820281565605037,4.041386372180015,0.5962571561765593,53.0
68,2290,261.96,261.96,5.860786223465865,6.269096283706261,6.4967749901858625,6.196438221462481,0.2642840136353478,338.0
68,2304,483.09,482.09,4.007333185232471,4.394449154672439,4.406719247264253,3.861889729196106,0.8360485675267353,40.0
68,2306,242.53,335.62,0.0,0.0,3.713572066704308,1.770216974172696,2.0489530789043044,15.0
68,2322,369.63,369.63,4.574710978503383,2.772588722239781,4.564348191467836,4.076524261720859,0.8732098487558069,53.0
68,2444,727.53,727.53,4.219507705176107,4.406719247264253,0.0,3.1628946607938775,2.1143372083027527,41.0
68,2490,280.36,279.36,4.919980925828125,5.247024072160486,4.418840607796598,4.897447977932667,0.3479071178799173,107.0
68,2492,446.23,445.23,3.9889840465642745,4.007333185232471,3.332204510175204,3.9368405874421377,0.4492946146375481,69.0
68,2539,120.31,121.31,5.442417710521793,5.54907608489522,5.556828061699537,5.4653819590395845,0.1140935025797213,203.0
68,2569,245.44,338.53,5.82600010738045,4.6913478822291435,5.170483995038151,5.195395546363627,0.469992383540223,378.0
68,2577,319.13,321.13,2.6390573296152584,4.248495242049359,4.553876891600541,3.794774770387132,0.8408412648725216,82.0
68,2581,511.19,513.19,5.017279836814924,4.912654885736052,5.697093486505405,5.416820730083448,0.5419221564333295,256.0
68,2631,148.44,147.44,4.394449154672439,3.737669618283368,0.0,2.726176873798897,1.935669081755052,69.0
68,2640,320.13,321.13,4.574710978503383,4.564348191467836,5.176149732573829,4.753922317084366,0.2882054160536804,177.0
68,2664,247.38,340.53,5.556828061699537,5.25227342804663,4.820281565605037,5.2690301067543786,0.3245836175461775,269.0
68,2704,319.13,321.13,5.438079308923196,5.241747015059643,5.170483995038151,5.2551985785147854,0.1264639967492591,135.0
68,2707,209.58,207.58,6.129050210060545,4.90527477843843,5.648974238161206,5.63744182089837,0.5260967590977303,229.0
68,2760,183.36,260.93,4.574710978503383,4.68213122712422,4.219507705176107,4.467699766369037,0.2036313681117572,148.0
68,2826,327.92,325.92,5.176149732573829,5.605802066295998,5.318119993844216,5.424623437928104,0.2130053106988003,242.0
68,2867,697.43,697.43,4.394449154672439,4.812184355372417,3.737669618283368,4.164468798758133,0.5347559598600028,69.0
68,2956,581.03,581.03,4.574710978503383,4.912654885736052,4.919980925828125,4.873735781324986,0.2151011229618776,121.0
72,1062,188.24,187.24,6.133398042996649,6.240275845170769,6.29156913955832,6.1919504055848265,0.0888416480843312,406.0
72,1109,309.43,311.43,6.410174881966167,6.38856140554563,6.270988431858299,6.3594779764301475,0.0614336279139705,526.0
72,1198,171.75,338.53,0.0,0.0,3.367295829986474,0.8418239574966185,1.683647914993219,0.0
72,1207,386.06,386.06,5.017279836814924,5.940171252720432,4.406719247264253,5.067361278809511,0.6395376790665329,230.0
72,1216,416.13,418.13,4.394449154672439,5.247024072160486,3.332204510175204,4.24525273056015,0.7991804461690026,42.0
72,1230,410.34,411.34,5.247024072160486,4.6913478822291435,5.37989735354046,5.080553903468887,0.3025826989615172,136.0
72,1247,446.23,445.23,0.0,2.6390573296152584,3.295836866004329,2.1434878813087117,1.4621475798787715,0.0
72,1248,160.11,158.11,4.23410650459726,3.332204510175204,3.332204510175204,3.8232411699050264,0.5707664109222064,42.0
72,1311,146.5,340.53,4.418840607796598,0.0,3.295836866004329,2.605681918725784,1.876514127295357,95.0
72,1438,196.0,194.0,4.812184355372417,2.6390573296152584,4.574710978503383,4.1111983178219145,0.9946638090651,95.0
72,1445,484.03,728.53,5.501258210544727,5.7430031878094825,2.6390573296152584,3.4708296819923667,2.7094843530134876,0.0
72,1525,319.13,320.13,4.418840607796598,4.394449154672439,4.68213122712422,4.206906374942116,0.5975032567952577,96.0
72,1543,485.03,484.03,3.713572066704308,3.737669618283368,3.367295829986474,3.6390517833143794,0.1815264219093349,42.0
72,1558,562.63,562.63,5.54907608489522,5.003946305945459,6.476972362889683,5.766966418413125,0.6343431194552401,148.0
72,1571,641.23,640.23,3.737669618283368,4.6913478822291435,0.0,2.107254375128128,2.4641993372796143,40.0
72,1727,466.63,466.63,6.100318952020064,5.8289456176102075,5.783825182329737,5.851705472690677,0.1750142671772157,256.0
72,1754,320.16,318.16,6.698268054115413,6.630683385642372,6.432940092739179,6.526003237804528,0.1664395512379327,593.0
72,1770,486.03,486.03,0.0,0.0,0.0,0.0,0.0,0.0
72,1778,193.06,194.06,6.431331081933479,6.218600119691729,5.8664680569332965,6.130071581416261,0.2476583254623922,377.0
72,1803,188.18,283.27,4.394449154672439,4.700480365792417,4.406719247264253,4.748677552767415,0.516024413536363,121.0
72,1847,196.0,195.0,4.248495242049359,4.248495242049359,4.553876891600541,4.467787235326075,0.2755852187780478,80.0
72,1878,320.13,319.13,2.772588722239781,3.7612001156935624,4.248495242049359,3.635871048919067,0.6196718291489655,0.0
72,1885,158.11,152.35,6.57507584059962,6.777646593635117,6.851184927493743,6.717079095519722,0.1219178100520339,690.0
72,1902,445.23,447.23,2.6390573296152584,0.0,0.0,1.3367768826793671,1.5438339444838685,0.0
72,1962,562.6,564.6,5.54907608489522,5.976350909297934,6.761572768804055,6.292102766659936,0.6375668644452539,283.0
72,1971,346.35,346.35,5.313205979041787,5.318119993844216,4.68213122712422,5.056528021436569,0.3136805023778991,122.0
72,1993,158.11,145.5,6.411818267709897,6.536691597591305,6.473890696352274,6.499020182153531,0.0712481901799522,271.0
72,2126,453.02,507.31,0.0,0.0,3.713572066704308,1.6215401972360222,1.9113952384134427,40.0
72,2139,291.03,292.03,2.6390573296152584,2.772588722239781,3.7612001156935624,2.986358722447096,0.520382125022346,14.0
72,2290,297.79,297.79,6.555356891810665,6.129050210060545,6.270988431858299,6.222572432337274,0.2611479653486603,311.0
72,2304,486.03,485.03,2.70805020110221,3.367295829986474,3.367295829986474,3.037673015544342,0.3806156412984168,13.0
72,2306,242.5,336.62,2.6390573296152584,3.332204510175204,0.0,2.421208476623693,1.6742984632512838,95.0
72,2322,388.0,388.0,5.375278407684165,5.170483995038151,5.384495062789089,5.210728087811864,0.2219151415607098,162.0
72,2444,485.03,728.53,5.3230099791384085,5.3230099791384085,4.418840607796598,4.459362322078299,1.2025835712513997,0.0
72,2490,290.03,291.03,5.780743515792329,6.293419278846481,5.493061443340548,5.804049619035141,0.3467890124976459,96.0
72,2492,389.03,387.03,2.70805020110221,0.0,3.332204510175204,2.1870762280949063,1.487441760318705,13.0
72,2494,195.0,195.0,4.6913478822291435,4.406719247264253,4.553876891600541,4.514665817089548,0.1366979448521411,108.0
72,2539,157.14,157.14,5.973809611869261,5.8998973535824915,5.093750200806762,5.58568389348567,0.4225481819567476,433.0
72,2569,243.53,338.56,5.605802066295998,5.602118820879701,5.934894195619588,5.786675537475457,0.2128583358667012,325.0
72,2577,321.13,321.13,0.0,3.737669618283368,4.406719247264253,3.042435139070693,2.046717586115527,26.0
72,2581,564.6,562.6,5.0106352940962555,5.902633333401366,6.593044534142437,6.029924345004905,0.7555754853509515,312.0
72,2631,163.93,164.93,3.295836866004329,2.6390573296152584,4.248495242049359,3.6475271712333006,0.8323125860504019,55.0
72,2640,321.13,319.13,4.406719247264253,3.295836866004329,2.70805020110221,3.7411208014928334,0.8886518631455317,14.0
72,2664,247.35,339.56,6.073044534100405,5.780743515792329,5.648974238161206,5.812241369648524,0.1825993818077483,459.0
72,2704,320.13,321.13,0.0,3.737669618283368,3.367295829986474,2.6180653195640797,1.7540878464043606,0.0
72,2707,239.62,238.62,6.647688373563329,6.317164686747284,6.57507584059962,6.452256296154124,0.1871502698103942,379.0
72,2760,161.99,242.53,4.248495242049359,0.0,3.295836866004329,2.579230207573367,1.8248092902259432,68.0
72,2826,379.33,379.33,6.342121418721152,6.839476438228843,6.53813982376767,6.609083113559661,0.2167497312242113,540.0
72,2867,486.03,727.53,5.017279836814924,4.394449154672439,2.6390573296152584,3.6724609126794703,1.220061595612952,0.0
72,2956,591.73,592.73,0.0,0.0,2.70805020110221,0.6770125502755525,1.354025100551105,0.0
73,1062,146.53,154.29,5.602118820879701,5.017279836814924,5.552959584921617,5.403693988284509,0.2661253186312271,271.0
73,1109,262.87,263.87,5.940171252720432,5.905361848054571,5.25227342804663,5.5684890653488655,0.4105091965896398,270.0
73,1207,367.63,368.63,4.553876891600541,4.574710978503383,4.23410650459726,4.395550519969323,0.1951247059325679,69.0
73,1216,416.13,416.13,3.367295829986474,4.406719247264253,3.367295829986474,3.6092869433103822,0.5326877222187645,28.0
73,1230,356.96,356.96,4.248495242049359,3.367295829986474,4.23410650459726,4.0210010203075885,0.4358562422203451,122.0
73,1247,445.23,447.23,0.0,0.0,3.295836866004329,1.5171063970610277,1.764779645356182,28.0
73,1248,155.26,155.26,4.248495242049359,3.295836866004329,0.0,2.8263830559368133,1.9239814676667832,27.0
73,1445,582.03,726.53,4.248495242049359,0.0,0.0,1.895174938056141,2.22010108898999,0.0
73,1525,321.13,319.13,2.70805020110221,2.772588722239781,3.332204510175204,3.1316038750553754,0.478615080404589,27.0
73,1543,484.09,483.09,5.0106352940962555,4.574710978503383,5.375278407684165,4.915276261519055,0.3572194975954894,161.0
73,1558,512.19,513.19,5.44673737166631,5.003946305945459,6.037870919922137,5.606522700654083,0.4775845088217133,109.0
73,1727,382.18,384.18,5.313205979041787,5.384495062789089,4.700480365792417,5.209065179136622,0.3428930514944206,217.0
73,1754,292.03,292.03,6.455198563340122,6.102558594613569,6.100318952020064,6.232266135458014,0.1687526681359816,501.0
73,1770,440.38,442.38,2.6390573296152584,2.772588722239781,3.367295829986474,2.1947354704603783,1.497007890999441,55.0
73,1778,159.08,156.17,5.25227342804663,5.37989735354046,4.804021044733257,5.1340145635361365,0.2479955127820767,188.0
73,1878,321.13,320.13,4.219507705176107,3.9889840465642745,3.295836866004329,3.535846486839992,0.7152066647944508,0.0
73,1885,118.34,119.34,5.697093486505405,5.556828061699537,5.37989735354046,5.583565618784022,0.1513766739501184,338.0
73,1902,445.23,446.23,0.0,2.70805020110221,0.0,1.5188365077721708,1.7743317755301344,0.0
73,1962,512.19,512.19,5.099866427824199,5.598421958998375,6.29156913955832,5.7645707786562514,0.5289903345027099,163.0
73,1971,290.06,290.06,6.073044534100405,5.823045895483019,5.181783550292085,5.5812245130089995,0.4365041166386598,203.0
73,1993,121.31,120.31,5.648974238161206,5.54907608489522,5.318119993844216,5.554153472572832,0.1694396196588714,244.0
73,2126,509.31,508.31,0.0,3.367295829986474,3.737669618283368,2.4693885426274056,1.69357457339361,0.0
73,2139,291.03,291.03,3.7612001156935624,2.772588722239781,3.332204510175204,3.308322294523756,0.4066763739916783,94.0
73,2290,254.17,253.17,6.293419278846481,6.102558594613569,6.535241271013659,6.23439307601886,0.2333639953797733,513.0
73,2304,483.09,482.09,4.564348191467836,3.7612001156935624,3.7612001156935624,4.080213731863055,0.3922620446757974,54.0
73,2306,272.57,336.62,0.0,2.70805020110221,2.70805020110221,2.282418117227182,1.59373350246086,42.0
73,2322,359.87,360.87,5.093750200806762,4.553876891600541,3.713572066704308,4.515419881226007,0.5811345801661042,149.0
73,2444,726.53,727.53,3.332204510175204,3.332204510175204,2.772588722239781,2.359249435647546,1.5948030619841516,28.0
73,2490,281.36,279.36,5.384495062789089,5.247024072160486,4.804021044733257,5.002562789546554,0.3777607605738076,69.0
73,2492,447.23,445.23,3.367295829986474,3.332204510175204,4.23410650459726,3.788278637483761,0.5066067277242285,96.0
73,2539,117.37,117.37,4.219507705176107,3.713572066704308,4.553876891600541,4.220351454538349,0.3644060401099937,82.0
73,2569,243.5,339.53,6.553933404025811,5.976350909297934,5.247024072160486,5.9371425563186735,0.535224529968515,675.0
73,2577,319.13,320.13,0.0,2.772588722239781,0.0,0.6931471805599457,1.3862943611198812,13.0
73,2581,511.19,512.19,4.804021044733257,5.438079308923196,6.129050210060545,5.422317639390303,0.5455477934988784,107.0
73,2631,151.35,151.35,4.23410650459726,3.737669618283368,4.812184355372417,4.136290148486652,0.5053025094682598,68.0
73,2640,321.13,320.13,3.7612001156935624,4.406719247264253,3.332204510175204,3.803423984959332,0.4456714744013486,40.0
73,2664,234.8,340.53,6.0063531596017325,5.44673737166631,5.181783550292085,5.413038479593762,0.4333057698286341,323.0
73,2704,321.13,319.13,4.248495242049359,3.737669618283368,4.574710978503383,4.146556882392815,0.3538299273292316,40.0
73,2707,209.58,207.58,4.248495242049359,5.375278407684165,5.3230099791384085,4.909532877775269,0.5392765710064263,163.0
73,2760,184.36,260.93,4.219507705176107,3.9889840465642745,3.737669618283368,3.81049955900702,0.395527607028824,109.0
73,2826,327.92,325.92,5.170483995038151,4.394449154672439,3.7612001156935624,4.604970866552729,0.662062133856956,96.0
73,2867,728.53,726.53,3.7612001156935624,3.295836866004329,3.332204510175204,3.430361500512075,0.2212243627998792,15.0
74,1062,166.84,152.35,5.318119993844216,5.384495062789089,4.6913478822291435,5.208010561946411,0.3479189651717931,445.0
74,1109,295.85,295.85,5.181783550292085,5.652489180268651,4.912654885736052,4.991608830368224,0.598693893370822,311.0
74,1207,360.9,359.9,4.564348191467836,3.7612001156935624,5.017279836814924,4.538753124837185,0.550453219741808,54.0
74,1216,290.03,416.13,3.295836866004329,3.713572066704308,0.0,2.5763114496782418,1.7287930323648903,0.0
74,1230,354.08,353.08,4.219507705176107,3.737669618283368,4.68213122712422,4.30350488227177,0.425885636989704,121.0
74,1247,445.23,446.23,0.0,2.6390573296152584,0.0,0.6597643324038146,1.319528664807629,14.0
74,1248,153.26,153.26,3.332204510175204,4.248495242049359,3.367295829986474,3.7955255217020736,0.5149698614799085,28.0
74,1445,581.03,728.53,4.553876891600541,3.9889840465642745,0.0,2.8127277848167567,2.0279360602483445,0.0
74,1525,321.13,320.13,2.772588722239781,3.713572066704308,2.6390573296152584,3.1231284871364555,0.5051218744966623,14.0
74,1543,484.09,484.09,3.332204510175204,3.737669618283368,2.70805020110221,3.3728740990662724,0.4805537454361972,42.0
74,1558,513.19,512.19,5.087596335232384,4.912654885736052,6.2422232654551655,5.472862181146202,0.6014410252423102,136.0
74,1571,582.03,581.03,0.0,3.367295829986474,3.332204510175204,2.7297520113344462,1.8655052224334092,14.0
74,1727,423.95,422.95,4.812184355372417,4.68213122712422,4.007333185232471,4.5764174531155914,0.3840233209429955,67.0
74,1754,288.09,288.09,5.860786223465865,5.7430031878094825,5.648974238161206,5.796914461264036,0.1263734467320264,405.0
74,1770,454.93,454.93,0.0,0.0,0.0,0.0,0.0,26.0
74,1778,174.66,152.32,4.90527477843843,5.181783550292085,4.574710978503383,4.870512718209733,0.250412838889355,189.0
74,1878,320.13,319.13,4.219507705176107,3.713572066704308,3.9889840465642745,3.920815983534563,0.2325875431775931,96.0
74,1885,119.34,118.34,5.181783550292085,5.3230099791384085,5.442417710521793,5.443302836833184,0.2764782650759675,215.0
74,1902,388.03,445.23,0.0,0.0,0.0,0.0,0.0,0.0
74,1962,511.19,513.19,5.497168225293202,5.0106352940962555,6.214608098422191,5.664986955723519,0.526847769659353,203.0
74,1971,292.03,292.03,5.493061443340548,5.087596335232384,5.0106352940962555,4.721782484668379,0.9739007235949794,109.0
74,1993,119.31,121.31,5.598421958998375,5.093750200806762,5.3230099791384085,5.316863891747544,0.2107639807229568,53.0
74,2104,605.28,607.28,4.418840607796598,0.0,2.70805020110221,1.781722702224702,2.172674623462239,28.0
74,2126,436.53,507.31,4.23410650459726,2.6390573296152584,2.70805020110221,3.088450689388627,0.7657142531670348,13.0
74,2139,282.33,280.33,3.332204510175204,0.0,0.0,1.5100636778193537,1.7621912065233292,41.0
74,2290,260.96,260.96,5.860786223465865,6.131226489483141,5.605802066295998,5.884496507991359,0.2177216345028187,96.0
74,2304,484.09,484.09,0.0,2.772588722239781,2.772588722239781,2.2193454886636923,1.5028978398200046,13.0
74,2306,241.53,335.62,2.70805020110221,0.0,0.0,0.6770125502755525,1.3540251005511068,13.0
74,2322,363.81,361.81,3.737669618283368,3.367295829986474,2.6390573296152584,3.5407158464204245,0.7422839680832403,80.0
74,2444,581.03,726.53,4.007333185232471,3.7612001156935624,2.6390573296152584,3.261661990039138,0.7259102324407312,13.0
74,2490,279.36,281.36,4.564348191467836,5.003946305945459,5.017279836814924,5.019658944392193,0.3793285097374571,54.0
74,2492,447.23,447.23,2.70805020110221,0.0,3.713572066704308,2.5398229715224714,1.75987922455319,41.0
74,2539,122.25,123.25,4.564348191467836,3.332204510175204,3.9889840465642745,4.225704146255559,0.7293032904802245,69.0
74,2569,248.32,285.24,5.017279836814924,5.501258210544727,4.394449154672439,4.980905624032086,0.453469933358997,190.0
74,2577,321.13,321.13,0.0,0.0,0.0,0.833051127543801,1.6661022550876068,0.0
74,2581,512.19,512.19,4.564348191467836,3.367295829986474,5.971261839790462,4.8510410179473755,1.1491111995497445,108.0
74,2631,153.26,155.26,4.406719247264253,3.9889840465642745,0.0,2.9407497809537513,2.006473885358735,28.0
74,2640,321.13,321.13,4.912654885736052,4.23410650459726,4.418840607796598,4.319793516208555,0.4953590077334369,81.0
74,2664,250.32,284.24,5.3230099791384085,5.598421958998375,4.553876891600541,5.268432697183925,0.4937457189094187,176.0
74,2704,319.13,319.13,2.772588722239781,2.772588722239781,2.70805020110221,2.063306911395443,1.375874351654657,26.0
74,2707,208.61,207.61,5.181783550292085,5.241747015059643,5.313205979041787,5.347306431165541,0.2104281077600691,283.0
74,2760,184.36,261.93,2.70805020110221,0.0,0.0,0.677012550275553,1.354025100551107,68.0
74,2826,325.92,326.92,5.493061443340548,5.181783550292085,5.099866427824199,5.28980162106148,0.1807619839291133,176.0
74,2867,581.03,726.53,3.713572066704308,3.367295829986474,0.0,1.7702169741726954,2.0489530789043044,0.0
74,2956,581.03,582.03,3.7612001156935624,3.7612001156935624,4.553876891600541,4.0163152923879855,0.3741153907133931,42.0
75,1062,158.11,152.32,6.366470447731438,6.295266001439646,6.498282149476434,6.443350704256769,0.1411482821370318,703.0
75,1109,310.43,311.43,6.714170529909472,6.680854678790215,6.732210706467206,6.650281652879793,0.1195026330084567,825.0
75,1207,325.98,325.98,4.406719247264253,3.737669618283368,4.574710978503383,4.181608257320869,0.3797622164707285,42.0
75,1216,413.25,414.25,5.375278407684165,5.442417710521793,4.700480365792417,5.133864080203325,0.3439474523909865,96.0
75,1230,356.05,354.05,4.919980925828125,4.820281565605037,4.553876891600541,4.799853540368034,0.1697704745902082,109.0
75,1247,447.23,447.23,4.219507705176107,0.0,2.6390573296152584,2.6549412876212326,1.890382872195144,94.0
75,1248,152.32,152.32,4.23410650459726,4.23410650459726,4.820281565605037,4.3239569400080065,0.3477235192645582,135.0
75,1445,726.53,727.53,5.25227342804663,5.552959584921617,4.700480365792417,5.05154843613827,0.4235568606195078,81.0
75,1525,319.13,321.13,5.0106352940962555,5.493061443340548,5.556828061699537,5.310577087357107,0.2585168834444779,150.0
75,1543,482.09,482.09,4.574710978503383,5.170483995038151,4.564348191467836,4.849284875060438,0.3248286548582302,150.0
75,1558,548.08,549.08,5.017279836814924,4.68213122712422,5.905361848054571,5.411851436419024,0.6657366918418469,175.0
75,1571,581.03,583.03,5.0106352940962555,5.44673737166631,5.937536205082426,5.4437015560963635,0.3810071041603256,134.0
75,1727,447.23,447.23,5.170483995038151,5.905361848054571,5.739792912179234,5.592149585048394,0.315826006767596,312.0
75,1754,330.83,328.83,6.320768294250582,6.434546518787453,6.29156913955832,6.236695326544712,0.2328500004415324,756.0
75,1770,441.38,442.38,3.713572066704308,3.367295829986474,3.7612001156935624,3.7077630147371545,0.2568348635974385,108.0
75,1778,162.99,160.11,5.497168225293202,5.746203190540153,5.384495062789089,5.487719114440213,0.1868043605703585,203.0
75,1878,321.13,319.13,5.940171252720432,5.863631175598097,5.247024072160486,5.536144175321444,0.4280920762953016,189.0
75,1885,137.8,135.8,6.18826412308259,6.1903154058531475,5.8289456176102075,6.04596901396097,0.1760961990813652,541.0
75,1902,446.23,445.23,0.0,0.0,3.7612001156935624,1.8747174334942327,2.164758544190936,26.0
75,1962,548.08,548.08,5.552959584921617,6.102558594613569,6.664409020350408,6.232655811150838,0.5190496114857367,270.0
75,1971,329.86,328.86,4.812184355372417,5.0106352940962555,4.700480365792417,4.904262554016963,0.1800243530017606,175.0
75,1993,135.86,135.86,6.159095388491933,5.8289456176102075,5.902633333401366,5.966120987843192,0.1415933128249595,176.0
75,2104,581.03,583.03,4.804021044733257,5.093750200806762,4.418840607796598,4.782199052177258,0.2771694999345528,136.0
75,2126,436.53,492.79,4.812184355372417,3.7612001156935624,4.820281565605037,4.354754431851543,0.5436820576028468,162.0
75,2139,291.03,292.03,4.219507705176107,3.7612001156935624,4.6913478822291435,4.306483148674838,0.4140140259305532,82.0
75,2290,284.24,284.24,6.648984550024776,6.716594773520978,6.778784897685177,6.749151697570702,0.0867933658809254,555.0
75,2304,482.09,483.09,4.574710978503383,4.553876891600541,4.219507705176107,4.6119905007760575,0.36369979350526,81.0
75,2306,266.81,335.62,2.772588722239781,0.0,3.7612001156935624,2.561840226159413,1.767520923979587,53.0
75,2322,353.11,352.11,4.23410650459726,4.820281565605037,3.7612001156935624,4.144197075397355,0.5028410237981621,95.0
75,2444,728.53,728.53,5.170483995038151,4.68213122712422,3.713572066704308,4.393380118524787,0.6578852127926973,26.0
75,2490,290.03,290.03,5.241747015059643,4.700480365792417,5.176149732573829,5.00591297296608,0.2503433465294054,68.0
75,2492,455.93,455.93,3.7612001156935624,4.02535169073515,2.70805020110221,3.7647375497496895,0.7797216544087717,67.0
75,2539,142.65,142.65,5.087596335232384,5.181783550292085,4.912654885736052,5.126261187599733,0.1721583018961844,148.0
75,2569,238.62,323.07,6.748759547491679,5.739792912179234,5.697093486505405,6.079218108914864,0.487243710700452,809.0
75,2577,236.74,281.33,0.0,0.0,0.0,0.0,0.0,0.0
75,2581,549.08,548.08,5.44673737166631,5.605802066295998,6.699500340161678,6.062203692077462,0.6277208685329729,324.0
75,2631,150.41,150.41,4.23410650459726,4.553876891600541,5.44673737166631,4.7023579365918735,0.5201603962746115,122.0
75,2640,319.13,320.13,5.3230099791384085,5.780743515792329,5.863631175598097,5.782674868640869,0.3477241362621872,203.0
75,2664,242.5,314.31,6.698268054115413,6.068425588244111,5.783825182329737,5.98260404455743,0.5544693268950988,364.0
75,2704,320.13,321.13,5.8664680569332965,6.163314804034641,5.598421958998375,5.7952911012219825,0.2816555980913185,391.0
75,2707,210.55,210.55,6.2166061010848646,6.340359303727752,6.102558594613569,6.212459851319833,0.0982244436719719,499.0
75,2760,183.36,260.93,5.318119993844216,4.6913478822291435,5.318119993844216,5.007017058927498,0.3592500733394492,258.0
75,2826,326.92,325.92,6.133398042996649,6.163314804034641,5.860786223465865,6.023758818894896,0.1477509598880149,513.0
75,2867,581.03,727.53,5.170483995038151,4.553876891600541,3.295836866004329,3.932061988436308,1.1289124710946838,0.0
75,2956,589.82,588.82,4.919980925828125,4.219507705176107,5.176149732573829,4.805228285504122,0.4098084053659943,81.0
76,1062,192.09,192.09,5.8289456176102075,5.780743515792329,6.003887067106539,5.904365816903904,0.1165899342101822,420.0
76,1109,281.33,280.33,6.240275845170769,6.434546518787453,5.860786223465865,6.136105443216671,0.2529311763336191,432.0
76,1198,254.14,256.14,5.099866427824199,5.0106352940962555,4.394449154672439,3.6262377191482233,2.43775080911343,54.0
76,1207,363.75,365.75,4.553876891600541,4.574710978503383,4.574710978503383,4.738893069163484,0.3423944589865229,53.0
76,1216,436.56,435.56,2.772588722239781,0.0,0.0,0.6931471805599453,1.3862943611198906,69.0
76,1230,348.26,388.0,2.70805020110221,3.713572066704308,2.772588722239781,3.2269457641876516,0.5625250345716395,26.0
76,1247,445.23,446.23,2.6390573296152584,0.0,2.70805020110221,2.0137894329549195,1.3429201826929105,0.0
76,1248,163.93,163.93,3.7612001156935624,3.367295829986474,3.7612001156935624,3.728761938027187,0.2712487784390865,54.0
76,1311,215.34,215.34,5.971261839790462,5.3230099791384085,4.418840607796598,4.862695511252209,0.9837850627865896,149.0
76,1438,195.0,194.0,4.820281565605037,4.68213122712422,5.176149732573829,4.808109854225907,0.2683943096664288,121.0
76,1445,484.03,728.53,4.574710978503383,5.442417710521793,3.367295829986474,3.346106129752912,2.387527825527545,0.0
76,1525,321.13,321.13,5.438079308923196,4.6913478822291435,4.574710978503383,4.879080631257035,0.3850710341113195,80.0
76,1543,484.03,485.03,3.9889840465642745,5.0106352940962555,4.02535169073515,4.486237989305951,0.5546179261547656,28.0
76,1558,563.6,562.6,3.332204510175204,4.564348191467836,5.438079308923196,4.70897255527774,1.0125413035815929,95.0
76,1727,466.63,464.63,5.318119993844216,5.739792912179234,5.598421958998375,5.523603543486255,0.1842765334189377,107.0
76,1754,319.16,318.16,5.746203190540153,5.442417710521793,5.552959584921617,5.329072866121737,0.5183409050832553,204.0
76,1770,486.03,484.03,2.6390573296152584,0.0,2.6390573296152584,2.012675845367575,1.3432596133509145,0.0
76,1778,193.03,193.03,5.7430031878094825,5.976350909297934,5.552959584921617,5.77457844735237,0.1765108407623785,285.0
76,1803,112.52,198.88,5.099866427824199,5.384495062789089,4.007333185232471,4.825969757804544,0.5936681950463312,80.0
76,1847,195.0,196.0,3.332204510175204,3.737669618283368,4.574710978503383,4.052233324607448,0.6198484639084774,40.0
76,1878,320.13,320.13,2.772588722239781,4.406719247264253,3.295836866004329,3.2785505412809055,0.8037438182813523,13.0
76,1885,159.14,157.14,6.270988431858299,5.8998973535824915,6.53813982376767,6.1867241322826505,0.2798930392217885,661.0
76,1902,446.23,446.23,2.772588722239781,3.367295829986474,2.70805020110221,3.140376705008193,0.4838110575418399,26.0
76,1962,563.6,564.6,5.087596335232384,4.574710978503383,6.51471269087253,5.457377296219237,0.8310364154922056,94.0
76,1971,349.2,350.2,3.737669618283368,4.418840607796598,4.912654885736052,4.368971089770068,0.4823710570780227,42.0
76,1993,158.14,157.14,5.598421958998375,5.375278407684165,5.863631175598097,5.609862590790084,0.1996823207223208,42.0
76,2126,484.03,484.03,2.70805020110221,0.0,4.02535169073515,2.5251744304559587,1.7672624513188089,14.0
76,2139,290.03,292.03,3.737669618283368,3.295836866004329,4.418840607796598,3.925210583533414,0.509727528930628,54.0
76,2290,259.99,260.99,6.270988431858299,6.163314804034641,6.003887067106539,6.22373998964291,0.1901944190369832,310.0
76,2304,485.03,485.03,4.553876891600541,3.7612001156935624,4.574710978503383,4.327157148398522,0.3835787447850208,80.0
76,2306,244.5,337.62,0.0,2.772588722239781,0.0,1.5261983081037465,1.7770490536924997,13.0
76,2322,388.0,390.0,4.700480365792417,3.332204510175204,3.713572066704308,4.035176524336093,0.6243143183331623,40.0
76,2444,485.03,727.53,4.90527477843843,5.44673737166631,0.0,2.588003037526185,2.996532983238663,0.0
76,2490,291.03,292.03,4.68213122712422,4.574710978503383,4.804021044733257,4.616895624406278,0.1685479760117786,109.0
76,2492,389.03,388.03,3.295836866004329,0.0,0.0,0.8239592165010818,1.647918433002156,42.0
76,2494,196.0,195.0,4.6913478822291435,5.0106352940962555,4.68213122712422,4.955548428093204,0.3561036871386325,107.0
76,2539,158.11,159.11,5.25227342804663,4.804021044733257,4.812184355372417,4.96977853056214,0.2111745805357205,161.0
76,2569,242.53,323.07,5.602118820879701,4.820281565605037,5.003946305945459,5.1670234268724595,0.3374984850548355,270.0
76,2577,319.13,319.13,4.007333185232471,3.295836866004329,4.23410650459726,3.717370266502315,0.4750922372134732,41.0
76,2581,564.6,562.6,4.418840607796598,4.219507705176107,6.214608098422191,5.267390628119941,1.0979263344065002,109.0
76,2631,164.93,164.93,4.418840607796598,4.418840607796598,4.700480365792417,4.3248404242697935,0.3985255458667505,40.0
76,2640,321.13,320.13,3.367295829986474,4.02535169073515,4.23410650459726,4.1348522277637345,0.6366478821653552,27.0
76,2664,253.23,323.07,5.602118820879701,4.804021044733257,5.003946305945459,5.023054349670659,0.4082013160644406,244.0
76,2704,321.13,321.13,4.406719247264253,4.248495242049359,4.02535169073515,4.228668171161505,0.1564847864009654,67.0
76,2707,232.8,233.8,6.368187186350492,6.342121418721152,6.129050210060545,6.289130875469868,0.1087345574886444,636.0
76,2760,162.99,242.53,4.574710978503383,3.9889840465642745,4.418840607796598,4.247467204524182,0.2949210183124786,231.0
76,2826,377.33,377.33,5.783825182329737,6.163314804034641,5.318119993844216,5.691629547688331,0.3682108313272359,243.0
76,2867,727.53,727.53,4.406719247264253,4.6913478822291435,0.0,2.967663962933295,2.151514978755244,40.0
77,1062,169.78,156.2,4.919980925828125,5.0106352940962555,5.438079308923196,5.172926376996497,0.2470836307790871,404.0
77,1109,170.72,311.43,4.6913478822291435,5.181783550292085,4.700480365792417,4.8139357563594665,0.2453462491802849,69.0
77,1207,368.63,368.63,2.6390573296152584,2.772588722239781,4.007333185232471,3.4594549612210272,0.8879618744438915,0.0
77,1216,418.13,416.13,4.248495242049359,4.02535169073515,0.0,2.068461733196127,2.390190528600421,13.0
77,1230,350.23,348.23,4.02535169073515,3.737669618283368,4.007333185232471,3.6023529559665617,0.6555369246046168,42.0
77,1247,447.23,445.23,2.6390573296152584,0.0,2.772588722239781,2.046058693523705,1.3654907939397622,15.0
77,1248,153.26,153.26,3.737669618283368,3.295836866004329,4.394449154672439,3.791406314310876,0.4527784632709867,0.0
77,1445,728.53,727.53,4.406719247264253,3.367295829986474,2.70805020110221,3.297528869863787,0.8021099101520508,15.0
77,1525,321.13,320.13,3.367295829986474,3.295836866004329,3.737669618283368,3.7018803903846065,0.5082311989468841,15.0
77,1543,482.09,484.09,4.007333185232471,4.574710978503383,4.418840607796598,4.30509811917714,0.2460475038736343,108.0
77,1558,512.19,511.19,3.295836866004329,4.02535169073515,6.042632833682381,4.715247403928766,1.2733204127083515,150.0
77,1571,583.03,581.03,0.0,3.737669618283368,2.70805020110221,2.4444810823901957,1.6837800644290477,14.0
77,1727,268.75,423.95,6.270988431858299,5.602118820879701,5.003946305945459,5.47024996615723,0.6037244659480828,203.0
77,1754,284.27,282.27,6.61338421837956,6.698268054115413,6.364750756851911,6.49884278577333,0.1854955051511351,512.0
77,1770,486.03,485.03,0.0,0.0,0.0,0.6597643324038146,1.3195286648076323,0.0
77,1778,170.75,156.2,5.602118820879701,5.241747015059643,4.90527477843843,5.232731041167464,0.2865611455477663,189.0
77,1878,321.13,320.13,3.713572066704308,3.367295829986474,4.23410650459726,3.8836205266160375,0.4207803419641713,41.0
77,1885,122.28,119.34,6.0063531596017325,5.7430031878094825,5.556828061699537,5.802204435628029,0.1961946462348266,203.0
77,1902,447.23,446.23,0.0,0.0,2.6390573296152584,1.3529115129637597,1.5631585080692327,15.0
77,1962,513.19,512.19,5.099866427824199,5.093750200806762,6.18826412308259,5.440444526313502,0.5161041580766011,150.0
77,1971,290.06,289.06,5.648974238161206,5.375278407684165,5.863631175598097,5.6215764451104615,0.2004494824826013,244.0
77,1993,120.31,119.31,5.438079308923196,5.241747015059643,5.598421958998375,5.400314565529905,0.1546958115461173,176.0
77,2126,437.53,507.31,3.713572066704308,0.0,0.0,1.7523522331771602,2.0306160596754723,27.0
77,2139,291.03,290.03,3.737669618283368,2.6390573296152584,3.713572066704308,3.364398711147352,0.5123090588715346,15.0
77,2290,260.96,260.96,6.366470447731438,6.129050210060545,6.39024066706535,6.254246953585119,0.1436392030071364,108.0
77,2304,482.09,483.09,3.332204510175204,3.7612001156935624,3.737669618283368,3.642185965608876,0.2069517870497668,28.0
77,2306,243.53,337.62,2.6390573296152584,0.0,4.248495242049359,1.7218881429161543,2.0940184895594944,54.0
77,2322,368.63,367.63,4.406719247264253,4.219507705176107,4.6913478822291435,4.335731631351163,0.2836346641097065,28.0
77,2444,727.53,728.53,2.70805020110221,4.68213122712422,2.6390573296152584,2.507309689460422,1.9212933832229615,15.0
77,2490,259.02,258.02,5.241747015059643,5.093750200806762,5.087596335232384,5.1865258825593,0.1155734464205419,176.0
77,2492,446.23,447.23,3.332204510175204,3.737669618283368,3.295836866004329,3.6535515591280654,0.4443187899362774,14.0
77,2539,120.34,121.25,5.181783550292085,5.3230099791384085,5.0106352940962555,5.133177165085418,0.1492735507046431,243.0
77,2569,242.5,338.53,6.39024066706535,6.368187186350492,6.068425588244111,6.22439779241561,0.1789953376951742,487.0
77,2577,321.13,319.13,0.0,2.772588722239781,0.0,0.6931471805599448,1.3862943611198897,0.0
77,2581,512.19,511.19,5.181783550292085,4.6913478822291435,5.786897381366708,5.167666026996048,0.4601392545773303,40.0
77,2631,151.32,152.32,4.394449154672439,4.6913478822291435,5.313205979041787,4.893788187129299,0.4265992939912849,135.0
77,2640,320.13,319.13,3.9889840465642745,3.332204510175204,4.406719247264253,3.8663943555717752,0.4505212055071784,15.0
77,2664,243.5,338.53,5.786897381366708,6.161207321695077,5.552959584921617,5.8411738658953745,0.2509576007484217,242.0
77,2704,320.13,321.13,3.7612001156935624,3.737669618283368,4.219507705176107,3.771418317284878,0.3489710926944335,41.0
77,2707,206.67,206.67,5.176149732573829,5.093750200806762,5.241747015059643,5.048444543891113,0.2516031989500421,189.0
77,2760,184.36,261.93,4.68213122712422,2.70805020110221,2.772588722239781,3.5425258339246706,0.966764201475448,42.0
77,2826,326.92,326.92,5.384495062789089,5.82600010738045,5.087596335232384,5.405275371135082,0.3082902795938284,204.0
77,2867,726.53,727.53,4.700480365792417,2.70805020110221,0.0,1.8521326417236563,2.2881193347912547,15.0
80,1062,188.24,187.24,6.697034247666484,6.432940092739179,6.214608098422191,6.41633768326961,0.2072796297955839,431.0
80,1109,276.48,275.48,6.2422232654551655,6.453624998892692,6.102558594613569,6.266875785666922,0.1443238087085677,487.0
80,1198,135.8,186.3,5.003946305945459,4.919980925828125,4.574710978503383,4.763128775469377,0.232295284191559,68.0
80,1207,385.09,385.09,4.812184355372417,4.6913478822291435,4.812184355372417,4.6374557743928095,0.2748667233126899,190.0
80,1216,290.03,418.13,5.087596335232384,3.737669618283368,3.367295829986474,3.9765334625516338,0.7597885301818699,0.0
80,1230,390.0,389.0,4.6913478822291435,5.181783550292085,4.248495242049359,4.585283594936675,0.4525042268489737,68.0
80,1247,446.23,447.23,2.772588722239781,0.0,3.367295829986474,2.228118318616509,1.511636275145679,26.0
80,1248,164.93,163.93,2.70805020110221,4.007333185232471,3.737669618283368,3.610509262795581,0.6140886204794794,94.0
80,1311,186.3,284.27,5.37989735354046,4.406719247264253,4.02535169073515,4.623524879666021,0.5716496215323309,150.0
80,1438,196.0,194.0,4.6913478822291435,4.90527477843843,4.700480365792417,4.678985908564147,0.1995804434514994,122.0
80,1445,727.53,727.53,5.093750200806762,4.219507705176107,0.0,2.3283144764957173,2.7120928681506835,26.0
80,1525,321.13,320.13,3.737669618283368,2.6390573296152584,4.564348191467836,3.797392595353956,0.8440027460678261,42.0
80,1543,484.03,485.03,3.295836866004329,3.737669618283368,3.332204510175204,3.531727777539116,0.2520077063051068,54.0
80,1558,562.6,562.6,4.912654885736052,5.093750200806762,6.295266001439646,5.585481449814969,0.6843751494727783,42.0
80,1571,639.23,639.23,2.772588722239781,2.70805020110221,2.6390573296152584,2.0299240632393123,1.3543806571400034,13.0
80,1727,466.63,464.63,6.18826412308259,6.47543271670409,6.129050210060545,6.237960609584789,0.1601498679913245,499.0
80,1754,319.16,318.16,6.683360945766275,6.612041034833092,6.1903154058531475,6.439176454577703,0.2447633288181575,526.0
80,1770,485.03,486.03,2.70805020110221,0.0,2.6390573296152584,1.3367768826793671,1.5438339444838705,41.0
80,1778,193.06,192.06,6.413458957167357,6.18826412308259,5.655991810819852,6.082113154768073,0.3176826870448394,311.0
80,1803,194.03,227.01,4.912654885736052,5.181783550292085,5.181783550292085,4.920735308396119,0.3654085264129457,96.0
80,1847,195.0,194.0,5.0106352940962555,4.219507705176107,4.820281565605037,4.683138948000405,0.337153228811359,67.0
80,1878,319.13,321.13,4.02535169073515,3.295836866004329,3.713572066704308,3.4357027061364995,0.5697771283285908,0.0
80,1885,158.17,158.17,6.630683385642372,6.295266001439646,6.556778356158042,6.537102865255617,0.1674938238413287,797.0
80,1902,445.23,445.23,3.367295829986474,3.7612001156935624,2.6390573296152584,2.441888318823824,1.6929911261335298,40.0
80,1962,564.6,562.6,5.497168225293202,5.940171252720432,6.894670039433482,6.2022454700842,0.611212856103342,203.0
80,1971,345.35,346.35,5.375278407684165,5.44673737166631,4.553876891600541,4.906096978250094,0.5969149245949599,96.0
80,1993,159.14,158.14,6.073044534100405,6.822197390620491,6.53813982376767,6.476818111210211,0.3088089325169302,257.0
80,2104,641.23,640.23,3.332204510175204,3.295836866004329,0.0,2.4809695605459656,1.6540685546893032,13.0
80,2126,486.03,508.31,2.772588722239781,2.772588722239781,3.367295829986474,2.8878826510203237,0.325748582379147,40.0
80,2139,291.03,290.03,2.70805020110221,4.406719247264253,0.0,2.8372189882409304,2.0396994843384983,0.0
80,2290,212.43,290.03,6.2422232654551655,6.29156913955832,6.073044534100405,6.118326249011798,0.1922208386473468,95.0
80,2304,486.03,486.03,3.295836866004329,2.70805020110221,3.367295829986474,2.3427957242732536,1.5895482086592108,15.0
80,2306,243.5,336.62,0.0,0.0,2.6390573296152584,0.659764332403815,1.3195286648076336,41.0
80,2322,389.0,388.0,4.90527477843843,4.919980925828125,5.087596335232384,4.954531704484342,0.0889802258723111,121.0
80,2444,486.03,728.53,5.181783550292085,5.25227342804663,2.6390573296152584,4.2085786059118835,1.2516617348914936,0.0
80,2490,290.03,290.03,5.746203190540153,6.244166900663736,5.655991810819852,5.785882531829236,0.3224006632779063,190.0
80,2492,388.03,388.03,4.007333185232471,3.295836866004329,4.007333185232471,3.8861524352666335,0.4078047138855242,15.0
80,2494,195.0,196.0,4.248495242049359,4.23410650459726,4.553876891600541,4.464190050963049,0.279468295807194,94.0
80,2539,160.11,158.11,5.54907608489522,5.605802066295998,5.438079308923196,5.535508386252408,0.0702419424946031,270.0
80,2569,272.63,338.56,6.317164686747284,6.102558594613569,5.7430031878094825,5.987405962634261,0.271991024535986,431.0
80,2577,321.13,320.13,4.23410650459726,3.737669618283368,3.9889840465642745,3.992023338669344,0.2029316001334266,27.0
80,2581,563.6,564.6,5.700443573390687,5.37989735354046,6.748759547491679,5.997576949029476,0.594661394042323,148.0
80,2631,163.02,161.02,4.248495242049359,4.007333185232471,4.23410650459726,4.062783761893163,0.2293960898653463,69.0
80,2640,319.13,319.13,2.6390573296152584,3.367295829986474,3.367295829986474,3.2778296519678936,0.4602503914332275,0.0
80,2664,272.63,339.56,6.93537044601511,6.517671272912275,6.2166061010848646,6.457713785426832,0.3548707671783918,690.0
80,2704,320.13,321.13,4.23410650459726,3.737669618283368,3.367295829986474,3.775068017140166,0.3552395663542244,42.0
80,2707,224.07,225.07,6.573680166960646,6.591673732008658,6.037870919922137,6.435341160664778,0.2659120850567366,580.0
80,2760,161.99,242.53,4.394449154672439,4.02535169073515,4.219507705176107,4.2147040639399505,0.1507854643955724,177.0
80,2826,379.33,378.33,6.663132695990803,6.894670039433482,6.879355804460439,6.8591452518481715,0.1411489712524662,594.0
80,2867,728.53,728.53,4.700480365792417,4.574710978503383,0.0,2.3187978360739496,2.678009371885172,13.0
80,2956,640.23,640.23,0.0,0.0,3.367295829986474,0.8418239574966185,1.683647914993237,13.0
81,1062,153.26,155.2,6.133398042996649,6.07073772800249,5.493061443340548,5.823904793334515,0.3250704539217696,690.0
81,1109,297.82,296.82,5.8664680569332965,5.934894195619588,5.823045895483019,5.852826382350653,0.063652001353683,323.0
81,1207,360.87,360.87,4.007333185232471,4.553876891600541,4.23410650459726,4.139129174280958,0.3372619745093522,190.0
81,1216,291.03,418.13,3.737669618283368,5.087596335232384,3.713572066704308,4.075009533978406,0.675337851880743,163.0
81,1230,359.9,360.9,4.406719247264253,3.713572066704308,3.9889840465642745,4.1320289920823585,0.3431635635454502,54.0
81,1247,447.23,445.23,3.7612001156935624,0.0,0.0,1.617312579198943,1.916364812750297,0.0
81,1248,143.59,142.59,3.9889840465642745,3.737669618283368,2.70805020110221,3.4326351829885455,0.5616366679098302,42.0
81,1445,728.53,726.53,4.02535169073515,4.553876891600541,4.23410650459726,4.131726788409314,0.3534880236540239,13.0
81,1525,319.13,319.13,4.02535169073515,3.332204510175204,3.7612001156935624,3.708082095827056,0.2856545810726343,15.0
81,1543,483.09,482.09,4.23410650459726,5.003946305945459,4.6913478822291435,4.623437221059925,0.3185743983123901,148.0
81,1558,513.19,511.19,5.318119993844216,5.087596335232384,5.501258210544727,5.378194151479331,0.2273075161859614,80.0
81,1571,583.03,583.03,5.003946305945459,4.007333185232471,4.564348191467836,4.39574021696956,0.483067745537965,40.0
81,1727,423.95,423.95,5.017279836814924,5.8664680569332965,5.384495062789089,5.4675904443542525,0.3591126655184149,162.0
81,1754,292.03,291.03,6.4967749901858625,6.410174881966167,6.453624998892692,6.426113826292763,0.0652335430945485,555.0
81,1770,485.03,485.03,2.6390573296152584,3.295836866004329,3.295836866004329,2.9674470978097944,0.379191842132469,0.0
81,1778,158.14,161.08,5.493061443340548,5.556828061699537,4.804021044733257,5.377475590148299,0.3881360583369587,460.0
81,1878,320.13,321.13,4.574710978503383,4.418840607796598,4.007333185232471,4.0920451503797315,0.5391967071722515,55.0
81,1885,117.37,119.31,6.18826412308259,6.295266001439646,6.186208623900494,6.168406453882318,0.1209286535041216,337.0
81,1902,447.23,446.23,4.248495242049359,0.0,0.0,1.7391363607878922,2.1043499857634234,15.0
81,1962,513.19,513.19,5.003946305945459,5.438079308923196,6.161207321695077,5.63519228541154,0.5181469148965758,161.0
81,1971,290.06,289.06,5.863631175598097,5.37989735354046,5.973809611869261,5.740885332886993,0.2579798845420405,188.0
81,1993,119.37,118.4,6.340359303727752,6.431331081933479,6.244166900663736,6.294266152005011,0.11708395984711,365.0
81,2104,583.03,583.03,4.23410650459726,3.713572066704308,3.737669618283368,4.062424095263193,0.4117304361568232,122.0
81,2126,436.53,507.31,0.0,3.737669618283368,2.6390573296152584,1.5941817369746567,1.8946535411010583,55.0
81,2139,291.03,291.03,3.737669618283368,3.7612001156935624,3.713572066704308,3.737527854741152,0.019444758615625,53.0
81,2290,260.96,259.96,6.498282149476434,6.343880434126331,6.2422232654551655,6.394912851248735,0.1247321054119614,94.0
81,2304,483.09,484.09,2.6390573296152584,4.219507705176107,4.394449154672439,3.473017879769765,0.9656194992908212,81.0
81,2306,243.53,337.62,3.295836866004329,0.0,2.6390573296152584,2.3167746764486976,1.577019501909154,69.0
81,2322,359.93,358.93,4.6913478822291435,4.406719247264253,4.02535169073515,4.48185996624045,0.3472361735639506,136.0
81,2444,727.53,727.53,4.553876891600541,5.170483995038151,2.772588722239781,3.966061359716236,1.0922542561140547,40.0
81,2490,280.36,279.36,5.087596335232384,5.003946305945459,5.176149732573829,5.16304685913519,0.1635203960533805,149.0
81,2492,447.23,445.23,4.248495242049359,3.713572066704308,4.812184355372417,4.295242727847585,0.4546726830415472,42.0
81,2539,118.37,118.37,5.093750200806762,5.598421958998375,5.6937321388027,5.301546466053219,0.4150260443534973,244.0
81,2569,242.5,283.24,6.104793232414985,5.54907608489522,5.313205979041787,5.515206374289688,0.4348138630179349,392.0
81,2577,319.13,321.13,0.0,4.248495242049359,3.7612001156935624,3.0609504655850452,2.0531540787465614,26.0
81,2581,512.19,512.19,4.553876891600541,5.017279836814924,6.073044534100405,5.284315676464105,0.6507731207692361,68.0
81,2631,149.38,149.38,5.003946305945459,4.6913478822291435,4.68213122712422,4.79740244266781,0.1499042976075104,107.0
81,2640,319.13,320.13,4.820281565605037,5.093750200806762,4.68213122712422,4.750720560200068,0.286094079934705,27.0
81,2664,246.41,338.53,5.940171252720432,5.648974238161206,4.820281565605037,5.396394197265126,0.4966231138681123,338.0
81,2704,319.13,321.13,4.219507705176107,5.0106352940962555,3.295836866004329,4.382481542805538,0.814074671525321,121.0
81,2707,206.61,207.61,6.133398042996649,6.003887067106539,5.971261839790462,5.940259032540576,0.2042252564177256,485.0
81,2760,184.36,262.93,5.25227342804663,2.6390573296152584,4.394449154672439,4.133568788595921,1.0903105408492062,149.0
81,2826,326.92,325.92,5.552959584921617,6.131226489483141,5.8664680569332965,5.87138708173941,0.2401179840999611,242.0
81,2867,727.53,726.53,4.406719247264253,3.367295829986474,2.70805020110221,2.6205163195882344,1.8817517102981636,27.0
83,1062,157.14,156.17,6.368187186350492,6.295266001439646,6.47543271670409,6.352468584088132,0.0917939777184599,540.0
83,1109,300.7,301.7,6.270988431858299,6.293419278846481,6.29156913955832,6.268644242488707,0.0348772264880383,487.0
83,1207,366.72,365.72,5.0106352940962555,4.418840607796598,4.553876891600541,4.855358025604148,0.4637217033066415,244.0
83,1216,413.25,413.25,4.812184355372417,5.099866427824199,3.367295829986474,4.24822966997185,0.83770186376652,26.0
83,1230,365.75,363.75,5.384495062789089,5.093750200806762,5.438079308923196,5.2334011023334925,0.2089125246329288,244.0
83,1247,447.23,445.23,0.0,4.219507705176107,4.23410650459726,2.806550733003287,1.9926735241311235,28.0
83,1248,149.44,148.44,0.0,0.0,4.553876891600541,2.078769251823526,2.4220717471370734,67.0
83,1445,727.53,726.53,4.912654885736052,5.442417710521793,4.418840607796598,4.627895705584453,0.725888055563725,53.0
83,1525,321.13,320.13,4.23410650459726,3.332204510175204,4.564348191467836,4.029910813201143,0.5214685280317376,28.0
83,1543,483.09,483.09,4.574710978503383,4.6913478822291435,3.9889840465642745,4.41847087877335,0.3073173731498617,82.0
83,1558,547.08,547.08,5.54907608489522,4.700480365792417,6.068425588244111,5.5551538430832785,0.6095609273625288,148.0
83,1571,582.03,582.03,4.553876891600541,4.219507705176107,3.295836866004329,4.122015517644393,0.5676516747427273,109.0
83,1727,445.23,446.23,5.438079308923196,5.442417710521793,5.697093486505405,5.531666647711404,0.1216457839622955,257.0
83,1754,330.83,329.83,6.218600119691729,6.53813982376767,6.073044534100405,6.254512150160599,0.1992097955577396,485.0
83,1770,486.03,486.03,2.772588722239781,2.6390573296152584,2.772588722239781,2.8878826510203237,0.325748582379147,26.0
83,1778,159.08,153.29,5.940171252720432,6.102558594613569,5.746203190540153,5.860355554535701,0.2010572472840844,352.0
83,1878,321.13,319.13,5.003946305945459,5.442417710521793,4.68213122712422,4.837000737191895,0.5162953754906295,134.0
83,1885,140.71,139.71,6.317164686747284,6.476972362889683,6.57507584059962,6.389369253329794,0.1710925813773331,905.0
83,1902,446.23,445.23,3.7612001156935624,3.367295829986474,3.367295829986474,3.30096049419218,0.4367164901862041,42.0
83,1962,547.08,549.08,4.919980925828125,5.652489180268651,6.432940092739179,5.76961368323409,0.6500426084641281,123.0
83,1971,328.86,329.86,5.3230099791384085,4.912654885736052,5.3230099791384085,5.249188538234016,0.2308201556693023,377.0
83,1993,133.92,133.92,6.1903154058531475,5.973809611869261,6.269096283706261,6.125411722418195,0.1304969484789284,271.0
83,2104,582.03,582.03,3.7612001156935624,3.7612001156935624,2.772588722239781,3.5709932500477946,0.5429927560825591,95.0
83,2126,435.53,509.31,3.332204510175204,2.772588722239781,4.6913478822291435,3.70537320134482,0.833441471959484,82.0
83,2139,290.03,292.03,3.713572066704308,4.418840607796598,4.02535169073515,4.041274387617132,0.2894538531139747,26.0
83,2290,297.79,298.79,6.240275845170769,6.683360945766275,6.240275845170769,6.405170572919994,0.2116860028075176,190.0
83,2304,482.09,484.09,2.772588722239781,3.737669618283368,3.713572066704308,3.3799168183079464,0.4528538194332535,94.0
83,2306,242.53,337.62,3.367295829986474,2.6390573296152584,2.772588722239781,2.8717480207359305,0.334834352886278,42.0
83,2322,365.72,365.72,4.804021044733257,4.919980925828125,4.804021044733257,4.960307248584106,0.2415329386052519,149.0
83,2444,727.53,728.53,4.553876891600541,4.820281565605037,2.70805020110221,3.9608521935003376,0.9486254832690696,108.0
83,2490,292.03,290.03,4.812184355372417,4.919980925828125,5.783825182329737,5.189434369647481,0.4362567220982652,284.0
83,2492,456.93,454.93,0.0,3.295836866004329,4.02535169073515,2.654256355685953,1.8026120235123355,42.0
83,2539,134.86,134.86,5.783825182329737,6.003887067106539,6.0063531596017325,5.74113735101904,0.3944803932856964,312.0
83,2569,242.5,323.07,7.187657164114956,6.270988431858299,5.823045895483019,6.2671472182057455,0.6519762792382596,1000.0
83,2577,321.13,320.13,3.713572066704308,4.219507705176107,0.0,3.1883403343713628,2.1731636530828804,26.0
83,2581,547.08,548.08,5.438079308923196,4.6913478822291435,6.432940092739179,5.7317795101858575,0.8288619793240393,189.0
83,2631,146.47,148.47,4.564348191467836,4.68213122712422,4.007333185232471,4.315286447264249,0.3588301678734589,96.0
83,2640,319.13,320.13,5.099866427824199,5.093750200806762,5.0106352940962555,4.905773132630954,0.3271630287016474,121.0
83,2664,233.83,323.07,7.415776975415394,5.905361848054571,5.318119993844216,6.059420194078139,0.9355004100965796,620.0
83,2704,320.13,320.13,5.697093486505405,5.375278407684165,5.605802066295998,5.497844984881839,0.1830016622422395,216.0
83,2707,199.88,228.01,5.700443573390687,6.218600119691729,6.366470447731438,6.05576258647407,0.2962456838431227,501.0
83,2760,182.36,260.93,5.0106352940962555,5.170483995038151,4.248495242049359,4.665930258945257,0.4946782732287749,135.0
83,2826,327.92,325.92,5.501258210544727,6.068425588244111,6.003887067106539,5.858589272340311,0.2535304340404422,405.0
83,2867,726.53,727.53,4.23410650459726,4.564348191467836,0.0,2.199613674016274,2.543470794377311,53.0
83,2956,581.03,581.03,4.219507705176107,4.02535169073515,4.219507705176107,4.044484791947918,0.2388411938227028,68.0
86,1062,192.09,193.09,6.682108597449809,6.453624998892692,6.715383386334681,6.52382097083523,0.2197612380226197,514.0
86,1109,301.67,302.67,6.6293632534374485,6.593044534142437,6.2422232654551655,6.473990533742132,0.1768713586335709,553.0
86,1198,171.75,339.53,2.772588722239781,3.332204510175204,0.0,1.5261983081037462,1.7770490536925017,28.0
86,1207,383.18,382.18,4.919980925828125,3.737669618283368,5.375278407684165,4.609912049764978,0.703330776615238,136.0
86,1216,434.56,434.56,4.02535169073515,4.553876891600541,2.70805020110221,3.6636436533560937,0.800901325837796,54.0
86,1230,378.3,378.3,5.093750200806762,5.003946305945459,4.564348191467836,4.599928579125857,0.6196360752256398,82.0
86,1247,446.23,447.23,0.0,0.0,0.0,0.6770125502755525,1.3540251005511057,0.0
86,1248,165.93,164.93,2.70805020110221,0.0,3.332204510175204,2.169828010223168,1.4797670990757923,53.0
86,1311,171.75,204.73,0.0,3.367295829986474,3.367295829986474,2.612040931669314,1.748994815413653,55.0
86,1438,196.0,195.0,4.919980925828125,4.553876891600541,4.700480365792417,4.718704637253375,0.1509355030247199,68.0
86,1445,726.53,727.53,5.384495062789089,3.7612001156935624,3.367295829986474,3.1282477521172822,2.2608522437073995,26.0
86,1525,319.13,319.13,3.367295829986474,2.772588722239781,2.70805020110221,3.053807645828735,0.3629425926972425,40.0
86,1543,486.03,484.03,4.564348191467836,3.9889840465642745,3.332204510175204,3.977722109735616,0.5043869345776975,26.0
86,1558,563.63,563.63,5.247024072160486,4.90527477843843,6.535241271013659,5.774839597330618,0.8203017198412993,162.0
86,1571,640.23,640.23,2.70805020110221,0.0,0.0,1.3367768826793671,1.5438339444838698,13.0
86,1727,466.63,466.63,6.434546518787453,6.386879319362645,5.648974238161206,6.178155835441618,0.3621415348246552,445.0
86,1754,319.16,318.16,7.365180126021013,6.810142450115136,6.6293632534374485,6.872011693834968,0.3373970342674995,729.0
86,1770,485.03,486.03,3.332204510175204,0.0,2.70805020110221,1.5100636778193537,1.7621912065233298,13.0
86,1778,195.03,193.03,6.270988431858299,5.863631175598097,5.905361848054571,6.01219866023839,0.1830027406576204,175.0
86,1803,228.01,338.53,4.394449154672439,2.772588722239781,4.23410650459726,3.784703499948212,0.7303746375029987,0.0
86,1847,195.0,194.0,4.912654885736052,4.700480365792417,4.248495242049359,4.564019912062567,0.2991531711622422,176.0
86,1878,319.13,321.13,0.0,3.367295829986474,0.0,1.5015882899004331,1.7591887549072032,0.0
86,1885,158.14,159.14,5.940171252720432,5.905361848054571,5.780743515792329,5.862330628012587,0.0732816389999715,432.0
86,1902,445.23,445.23,2.772588722239781,0.0,2.772588722239781,1.3862943611198906,1.6007548451372586,14.0
86,1962,563.6,564.6,6.07073772800249,5.780743515792329,6.473890696352274,6.106982633690166,0.2842456413053553,243.0
86,1971,345.35,344.35,6.747586526829315,6.100318952020064,5.313205979041787,5.986234160055226,0.6018330590377723,230.0
86,1993,159.14,158.14,5.003946305945459,5.313205979041787,5.099866427824199,5.227520039037999,0.219191678900867,69.0
86,2126,509.31,507.31,0.0,0.0,3.367295829986474,1.7702169741726956,2.0489530789043036,0.0
86,2139,291.03,291.03,3.295836866004329,3.9889840465642745,3.295836866004329,3.4691236611443155,0.3465735902799768,68.0
86,2290,286.15,288.15,6.946975992135418,6.51471269087253,6.431331081933479,6.63026528528024,0.2260072542670308,350.0
86,2304,486.03,485.03,0.0,4.248495242049359,4.553876891600541,3.140893062335866,2.1192212374474124,26.0
86,2306,242.5,336.62,0.0,3.367295829986474,2.6390573296152584,1.5015882899004331,1.759188754907208,68.0
86,2322,385.12,386.12,5.556828061699537,5.181783550292085,5.442417710521793,5.246262591811668,0.3339974423257558,122.0
86,2444,540.35,727.53,4.804021044733257,4.820281565605037,2.70805020110221,3.083088202860127,2.282216539184392,0.0
86,2490,290.03,290.03,7.045776576879511,6.39024066706535,6.697034247666484,6.489024346773591,0.5184999767140781,420.0
86,2492,388.03,387.03,3.332204510175204,3.737669618283368,4.219507705176107,3.9240252702247336,0.4848654747697598,28.0
86,2494,194.0,196.0,4.418840607796598,3.737669618283368,4.219507705176107,4.156128293326358,0.2925030062271959,54.0
86,2539,159.14,159.14,5.003946305945459,4.219507705176107,5.25227342804663,4.84892709124908,0.4426950174051093,81.0
86,2569,268.75,339.56,6.073044534100405,5.54907608489522,5.442417710521793,5.541101189335404,0.4030938123876239,366.0
86,2577,320.13,319.13,2.70805020110221,2.70805020110221,0.0,2.031037650826658,1.3540251005511057,27.0
86,2581,564.6,564.6,6.318968113746434,5.905361848054571,7.104144092987527,6.502645663059585,0.5113683290331138,215.0
86,2631,163.93,165.93,4.564348191467836,3.9889840465642745,3.367295829986474,4.234476976208377,0.7150443473656085,28.0
86,2640,319.13,320.13,4.23410650459726,3.332204510175204,3.332204510175204,3.829339033186066,0.5789744612442999,27.0
86,2664,276.48,337.56,6.628041376179533,6.129050210060545,5.54907608489522,5.936061745014624,0.5519132677578688,418.0
86,2704,320.13,319.13,3.295836866004329,2.70805020110221,2.70805020110221,3.236510943201502,0.7204762270223758,0.0
86,2707,235.71,237.71,5.8664680569332965,5.247024072160486,5.598421958998375,5.506280016783486,0.2844390916958731,202.0
86,2760,163.99,241.53,4.564348191467836,3.367295829986474,2.772588722239781,3.3358225183273373,0.8780622483947829,0.0
86,2826,378.33,377.33,5.863631175598097,6.39024066706535,5.54907608489522,5.895922860837749,0.3554161007402025,323.0
86,2867,484.03,727.53,4.68213122712422,4.418840607796598,0.0,2.275242958730205,2.629422183682089,0.0
86,2956,486.03,630.53,0.0,0.0,0.0,0.0,0.0,0.0
88,1062,153.26,159.11,5.8998973535824915,6.159095388491933,5.552959584921617,5.815231641289312,0.2719305763882777,325.0
88,1109,279.39,310.43,5.438079308923196,5.501258210544727,5.170483995038151,5.339211396666641,0.1559930263632809,283.0
88,1207,349.23,349.23,4.700480365792417,3.713572066704308,5.099866427824199,4.375725726721299,0.6371451763495759,68.0
88,1216,417.13,417.13,5.003946305945459,4.418840607796598,2.6390573296152584,3.839420277340411,1.068987515049603,15.0
88,1230,368.63,367.63,4.406719247264253,4.418840607796598,4.219507705176107,4.189659906735317,0.3302469144680432,28.0
88,1247,446.23,446.23,0.0,3.713572066704308,3.332204510175204,1.7614441442198785,2.039890724149416,14.0
88,1248,146.5,145.5,3.737669618283368,3.7612001156935624,4.418840607796598,3.8212515429400007,0.4373330507378301,81.0
88,1445,726.53,727.53,3.737669618283368,4.007333185232471,3.737669618283368,2.870668105449803,1.917996013356606,14.0
88,1525,320.13,319.13,3.7612001156935624,0.0,0.0,1.7821239864200091,2.0640933364751497,40.0
88,1543,484.09,483.09,4.564348191467836,4.700480365792417,4.418840607796598,4.422750587572331,0.2998725380600683,55.0
88,1558,511.19,512.19,4.68213122712422,5.003946305945459,5.318119993844216,5.112733724645052,0.342050273662388,150.0
88,1571,581.03,581.03,2.70805020110221,2.6390573296152584,0.0,2.2711942872502093,1.5953097603467012,14.0
88,1727,421.95,422.95,5.493061443340548,5.602118820879701,4.406719247264253,5.105470109328157,0.5536382661744267,149.0
88,1754,282.3,282.3,6.591673732008658,6.610696044717759,6.556778356158042,6.531833829808738,0.1113590531352727,459.0
88,1770,456.93,455.93,0.0,2.6390573296152584,2.6390573296152584,2.15257979235143,1.471782935293687,26.0
88,1778,162.05,159.14,5.25227342804663,5.313205979041787,4.90527477843843,4.966300835049822,0.4214506799177415,189.0
88,1878,319.13,319.13,4.394449154672439,4.394449154672439,3.7612001156935624,4.065917622935688,0.3798535177786465,28.0
88,1885,118.34,122.28,5.170483995038151,5.783825182329737,5.3230099791384085,5.398859787587629,0.2662241946850159,217.0
88,1902,445.23,446.23,0.0,3.332204510175204,0.0,1.5100636778193532,1.7621912065233296,0.0
88,1962,513.19,511.19,4.6913478822291435,5.44673737166631,6.104793232414985,5.472963181117912,0.5892931852261487,256.0
88,1971,291.06,291.06,5.783825182329737,5.786897381366708,5.8289456176102075,5.67821854008711,0.2442107525937189,284.0
88,1993,118.37,118.37,4.919980925828125,5.176149732573829,4.919980925828125,4.855707707873583,0.3227671100792767,189.0
88,2104,581.03,582.03,4.007333185232471,2.772588722239781,4.394449154672439,3.4706053158117256,0.858347581555259,27.0
88,2126,437.53,489.85,4.02535169073515,3.332204510175204,3.332204510175204,3.61274020669478,0.3414133054355938,149.0
88,2139,275.48,276.48,2.6390573296152584,3.713572066704308,4.23410650459726,3.3236965255047597,0.7807262629448366,28.0
88,2290,242.53,242.53,6.07073772800249,6.295266001439646,6.476972362889683,6.278491131047529,0.1662267153039176,190.0
88,2304,483.09,482.09,2.70805020110221,3.737669618283368,3.737669618283368,3.238994539977181,0.5764228613468929,55.0
88,2306,292.03,335.62,2.70805020110221,0.0,2.70805020110221,1.3540251005511046,1.5634935125853788,0.0
88,2322,369.63,368.63,4.812184355372417,3.9889840465642745,4.248495242049359,3.939428461272066,0.8899388183689005,26.0
88,2444,727.53,728.53,2.772588722239781,3.713572066704308,2.70805020110221,2.298552747511575,1.599794015554858,26.0
88,2490,262.93,261.93,5.093750200806762,5.181783550292085,5.384495062789089,5.2445372019330385,0.1312470578511766,202.0
88,2492,445.23,446.23,3.737669618283368,3.7612001156935624,3.713572066704308,3.496257630730255,0.482837626699838,15.0
88,2539,116.43,121.25,4.23410650459726,3.737669618283368,4.820281565605037,3.1980144221214166,2.1774420362003353,54.0
88,2569,245.47,339.53,6.853299093186078,6.163314804034641,6.037870919922137,6.324662929451648,0.3624999671558813,647.0
88,2577,321.13,321.13,0.0,2.70805020110221,2.6390573296152584,1.3367768826793671,1.5438339444838682,13.0
88,2581,511.19,511.19,5.170483995038151,4.564348191467836,6.0063531596017325,5.295900764157379,0.5991962267208681,216.0
88,2631,151.35,150.35,4.812184355372417,4.912654885736052,3.737669618283368,4.427751025360299,0.5450583220400027,189.0
88,2640,319.13,319.13,4.007333185232471,3.713572066704308,3.295836866004329,3.858895681434426,0.4738938684713864,15.0
88,2664,246.44,328.89,6.269096283706261,6.040254711277414,5.375278407684165,5.810364366091845,0.4150762949531825,337.0
88,2704,321.13,320.13,3.367295829986474,3.367295829986474,4.564348191467836,2.8247349628601963,1.9658862619376147,81.0
88,2707,201.76,201.76,5.099866427824199,4.564348191467836,5.003946305945459,4.921360190513104,0.2417595839052657,202.0
88,2760,183.36,262.93,5.099866427824199,3.7612001156935624,2.6390573296152584,3.9299078945772816,1.0242767392221694,121.0
88,2826,325.92,325.92,4.553876891600541,5.384495062789089,3.367295829986474,4.580736905297758,0.8774503994300505,204.0
88,2867,582.03,728.53,3.332204510175204,3.7612001156935624,3.367295829986474,3.549592518534652,0.2314018146423872,0.0
88,2956,583.03,581.03,2.70805020110221,0.0,0.0,0.6770125502755525,1.3540251005511057,0.0
89,1062,189.18,189.18,6.2166061010848646,6.630683385642372,6.455198563340122,6.417239624449699,0.1730418448778569,555.0
89,1109,269.66,269.66,6.431331081933479,6.240275845170769,6.476972362889683,6.347213783791175,0.1248792138150537,742.0
89,1198,152.29,242.53,4.564348191467836,5.739792912179234,4.804021044733257,4.949877507652368,0.5356338534681135,269.0
89,1207,379.27,381.27,4.812184355372417,5.181783550292085,4.6913478822291435,4.876399338374671,0.2119562272204704,204.0
89,1216,418.13,416.13,5.181783550292085,5.442417710521793,4.23410650459726,4.716410237660902,0.7021553313350946,53.0
89,1230,378.33,378.33,4.406719247264253,5.170483995038151,4.68213122712422,4.8367327011647525,0.3573680061089018,148.0
89,1247,445.23,445.23,0.0,0.0,2.70805020110221,1.500971766776635,1.7497058381682975,0.0
89,1248,164.93,163.93,4.394449154672439,4.219507705176107,4.23410650459726,3.2120158411114517,2.1428099530842717,54.0
89,1311,219.28,219.28,5.497168225293202,5.493061443340548,5.501258210544727,5.484556312711197,0.0254337261592034,190.0
89,1438,195.0,196.0,4.820281565605037,4.406719247264253,5.017279836814924,4.704747907046899,0.2687966506619205,123.0
89,1445,728.53,726.53,5.493061443340548,5.099866427824199,2.6390573296152584,4.131955516696084,1.3804951129276477,42.0
89,1525,321.13,321.13,5.176149732573829,4.564348191467836,4.6913478822291435,4.836125173001715,0.2685123769081162,134.0
89,1543,486.03,485.03,4.02535169073515,4.564348191467836,3.332204510175204,4.085186250043697,0.5512056699091195,107.0
89,1558,563.6,562.6,5.093750200806762,4.820281565605037,6.498282149476434,5.700638645738396,0.8670117800057474,162.0
89,1571,640.23,640.23,4.248495242049359,5.0106352940962555,3.9889840465642745,4.3183665683612595,0.4755588134139049,26.0
89,1727,464.63,464.63,5.8289456176102075,5.7430031878094825,6.068425588244111,5.856049893998385,0.1458698553056472,458.0
89,1754,319.16,318.16,5.6937321388027,5.823045895483019,6.161207321695077,5.960325040003859,0.2390786996576357,419.0
89,1770,485.03,484.03,4.564348191467836,2.772588722239781,0.0,2.4939985608307187,1.880162310275379,42.0
89,1778,192.12,190.12,6.186208623900494,6.133398042996649,5.8998973535824915,6.057079301480558,0.1284973604367671,310.0
89,1803,121.31,216.34,5.497168225293202,5.384495062789089,5.313205979041787,5.30303727598475,0.2050064332919095,204.0
89,1847,196.0,194.0,4.564348191467836,3.9889840465642745,4.804021044733257,4.5098711274723975,0.3607810126725838,94.0
89,1878,320.13,320.13,4.007333185232471,0.0,0.0,1.9362507008789596,2.2384984793596825,55.0
89,1885,158.14,159.14,7.057036981697891,7.1459844677143876,6.880384082186005,7.017030462929138,0.1124664306803699,1187.0
89,1902,445.23,447.23,3.332204510175204,3.295836866004329,2.70805020110221,2.9937872267242502,0.3711420168622925,14.0
89,1962,563.6,640.23,6.073044534100405,5.6937321388027,7.684783943522785,6.7268593259794285,0.9906078021843624,243.0
89,1971,344.35,346.35,5.313205979041787,4.812184355372417,4.812184355372417,4.9095137638947595,0.2742312853652106,96.0
89,1993,156.17,157.17,6.47543271670409,6.476972362889683,6.630683385642372,6.524820385319778,0.073052447744592,135.0
89,2104,640.23,639.23,2.70805020110221,3.295836866004329,2.772588722239781,3.29273123600469,0.780211972148511,42.0
89,2126,332.71,532.56,2.70805020110221,0.0,0.0,1.500971766776635,1.7497058381683035,107.0
89,2139,380.3,379.3,0.0,2.6390573296152584,3.367295829986474,2.343412247397051,1.599548077560515,54.0
89,2290,187.27,303.67,6.38856140554563,6.517671272912275,6.535241271013659,6.474168128202922,0.066610328847708,68.0
89,2304,484.03,486.03,2.70805020110221,3.737669618283368,4.23410650459726,3.676294503679497,0.6768207744962497,15.0
89,2306,243.5,335.62,0.0,3.713572066704308,2.6390573296152584,2.281304529639837,1.5942697260786631,40.0
89,2322,387.06,388.06,4.912654885736052,4.68213122712422,5.384495062789089,5.158818246617304,0.441942112760212,244.0
89,2444,667.39,666.39,5.552959584921617,5.3230099791384085,0.0,3.4121395715749516,2.6004011093701433,54.0
89,2490,290.03,290.03,5.602118820879701,5.8664680569332965,5.697093486505405,5.748656495482153,0.1217346035662004,121.0
89,2492,388.03,388.03,0.0,2.6390573296152584,4.418840607796598,2.766307780661082,1.9949653475845557,55.0
89,2494,194.0,195.0,4.6913478822291435,4.248495242049359,3.737669618283368,4.271057997456531,0.4000249171031378,94.0
89,2539,156.17,156.17,5.739792912179234,5.501258210544727,5.438079308923196,5.604730835956598,0.1580747128621183,419.0
89,2569,238.62,337.56,6.593044534142437,5.384495062789089,5.438079308923196,5.683434724924734,0.6083883243259893,486.0
89,2577,320.13,319.13,0.0,3.367295829986474,2.70805020110221,2.4591365366955618,1.6960182176874492,26.0
89,2581,563.6,564.6,5.552959584921617,5.497168225293202,6.792344427470809,6.147514691128736,0.7193371710155059,297.0
89,2631,165.93,165.93,3.713572066704308,4.804021044733257,3.367295829986474,4.174268324199113,0.7454240403809401,67.0
89,2640,321.13,319.13,3.737669618283368,2.6390573296152584,4.394449154672439,3.797504177591916,0.8342624565518637,42.0
89,2664,241.53,338.56,6.498282149476434,5.375278407684165,5.384495062789089,5.702753801217827,0.5366042669960575,649.0
89,2704,321.13,320.13,3.9889840465642745,4.820281565605037,4.574710978503383,4.521114239116278,0.3686499916070347,69.0
89,2707,229.92,228.92,6.879355804460439,6.93537044601511,6.999422467507961,6.874377415937445,0.1364654912047604,892.0
89,2760,168.81,241.53,5.44673737166631,5.0106352940962555,4.804021044733257,5.041667122233563,0.282915423716605,189.0
89,2826,371.54,371.54,5.6937321388027,6.267200548541362,6.432940092739179,6.1526197202920265,0.319572812143186,364.0
89,2867,486.03,728.53,5.0106352940962555,4.219507705176107,3.7612001156935624,4.176228795417558,0.6012230098402738,0.0
89,2956,639.23,640.23,3.9889840465642745,4.219507705176107,3.737669618283368,3.9149333591820143,0.2382000843025166,54.0
91,1062,193.03,194.03,5.176149732573829,5.093750200806762,5.241747015059643,5.053031828558162,0.2427083020433921,122.0
91,1109,271.63,309.43,5.003946305945459,5.099866427824199,4.23410650459726,4.590817732275517,0.5406170970626835,107.0
91,1198,319.13,319.13,0.0,0.0,0.0,0.0,0.0,0.0
91,1207,390.0,390.0,5.099866427824199,5.003946305945459,2.70805020110221,4.4572856929216975,1.166928457352183,122.0
91,1216,417.13,417.13,0.0,2.6390573296152584,0.0,0.6597643324038146,1.3195286648076303,14.0
91,1230,389.0,388.0,0.0,0.0,0.0,0.0,0.0,0.0
91,1248,164.93,164.93,3.7612001156935624,4.219507705176107,3.713572066704308,4.022182260561604,0.3370815446524215,94.0
91,1311,170.75,339.53,0.0,0.0,2.70805020110221,0.6770125502755525,1.3540251005510984,28.0
91,1438,196.0,243.5,0.0,0.0,0.0,0.0,0.0,0.0
91,1445,486.03,726.53,4.90527477843843,4.248495242049359,3.295836866004329,3.11240172162303,2.1775976988389045,0.0
91,1525,319.13,319.13,0.0,2.6390573296152584,0.0,1.4837235489048968,1.734110911294266,0.0
91,1543,485.03,485.03,2.6390573296152584,0.0,0.0,0.6597643324038146,1.319528664807628,0.0
91,1558,564.6,563.6,5.170483995038151,5.0106352940962555,4.700480365792417,5.066523679428978,0.2881115333400447,163.0
91,1727,464.63,464.63,4.007333185232471,4.700480365792417,4.23410650459726,4.379157758531383,0.3166399950286372,108.0
91,1754,318.16,320.16,5.786897381366708,5.017279836814924,4.90527477843843,5.180021822679079,0.4078237495453715,310.0
91,1778,190.15,191.15,5.501258210544727,4.912654885736052,5.176149732573829,5.150174530737717,0.2580834759410498,135.0
91,1803,226.01,338.53,3.7612001156935624,2.70805020110221,0.0,1.6173125791989431,1.9163648127502957,0.0
91,1878,319.13,321.13,3.332204510175204,2.70805020110221,0.0,1.5100636778193537,1.762191206523329,0.0
91,1885,158.11,159.11,4.574710978503383,4.418840607796598,3.7612001156935624,4.32715714839852,0.3835787447850382,69.0
91,1962,564.6,563.6,5.6937321388027,5.176149732573829,5.181783550292085,5.426038650484316,0.2857998550221751,216.0
91,1971,346.35,346.35,4.812184355372417,3.713572066704308,0.0,3.1935629160315213,2.175781177095293,135.0
91,1993,158.11,159.11,4.007333185232471,4.700480365792417,4.6913478822291435,4.488259581213643,0.3275557709207431,28.0
91,2126,507.31,508.31,0.0,2.6390573296152584,2.772588722239781,1.35291151296376,1.5631585080692325,0.0
91,2290,297.79,297.79,5.780743515792329,5.648974238161206,5.181783550292085,5.448321213634427,0.3124371271065214,161.0
91,2304,484.03,485.03,2.70805020110221,0.0,0.0,0.6770125502755525,1.3540251005511066,0.0
91,2322,382.18,382.18,4.912654885736052,4.574710978503383,5.087596335232384,4.974493044652557,0.3151222335729766,189.0
91,2444,727.53,726.53,3.737669618283368,3.713572066704308,2.772588722239781,2.5559576018068646,1.7622299172543752,13.0
91,2490,291.03,290.03,5.54907608489522,4.68213122712422,5.0106352940962555,5.061447228015289,0.3594211732130212,188.0
91,2494,195.0,196.0,0.0,0.0,0.0,0.0,0.0,0.0
91,2539,142.59,144.59,4.418840607796598,4.406719247264253,3.713572066704308,4.2394931323904395,0.3506606026237531,13.0
91,2569,278.42,338.56,4.574710978503383,4.919980925828125,4.804021044733257,4.8028419587002045,0.16106473950289,108.0
91,2581,562.6,562.6,5.375278407684165,5.25227342804663,5.176149732573829,5.15193065325947,0.2460220527826906,188.0
91,2631,163.93,164.93,3.332204510175204,2.772588722239781,3.332204510175204,3.18320865214863,0.274282927414272,28.0
91,2640,319.13,319.13,2.6390573296152584,2.6390573296152584,2.6390573296152584,2.803252213712526,0.3283897681945336,14.0
91,2664,280.33,338.56,5.313205979041787,5.786897381366708,5.087596335232384,5.35736167767513,0.3014358619798244,204.0
91,2704,243.53,291.03,0.0,0.0,0.0,0.0,0.0,0.0
91,2707,243.53,243.53,4.574710978503383,4.418840607796598,4.394449154672439,4.348833481551223,0.241263951841551,40.0
91,2760,163.99,243.53,3.295836866004329,0.0,0.0,0.8239592165010827,1.647918433002166,14.0
91,2826,378.33,377.33,4.574710978503383,4.394449154672439,3.737669618283368,4.349544408422084,0.4258077790239135,67.0
92,1062,153.29,154.29,5.8664680569332965,5.552959584921617,5.54907608489522,5.631332947112417,0.1567886827375945,258.0
92,1109,311.43,311.43,5.181783550292085,5.181783550292085,4.564348191467836,4.960142544447015,0.2927784819757649,297.0
92,1207,360.87,359.87,4.23410650459726,4.219507705176107,4.219507705176107,4.223157405031396,0.007299399710679,67.0
92,1216,418.13,416.13,4.700480365792417,4.406719247264253,2.6390573296152584,3.7696153632117833,0.9560161668416848,53.0
92,1230,326.92,325.92,0.0,0.0,0.0,0.0,0.0,0.0
92,1247,447.23,445.23,0.0,0.0,0.0,0.6770125502755525,1.3540251005511048,14.0
92,1248,150.41,150.41,4.553876891600541,3.713572066704308,4.418840607796598,3.848584941800914,0.8449213435255072,95.0
92,1445,726.53,727.53,4.406719247264253,2.70805020110221,0.0,1.7786923620916162,2.1677733845312934,13.0
92,1525,321.13,319.13,0.0,0.0,0.0,0.8239592165010823,1.6479184330021652,0.0
92,1543,483.09,484.09,4.219507705176107,4.919980925828125,4.6913478822291435,4.628241935089399,0.2938603556002387,163.0
92,1558,513.19,512.19,5.313205979041787,5.44673737166631,5.7430031878094825,5.501051187265577,0.179607559458015,135.0
92,1727,423.95,422.95,5.493061443340548,5.902633333401366,5.384495062789089,5.505484213647661,0.2840642140360699,42.0
92,1754,292.03,290.03,6.663132695990803,6.536691597591305,6.729824070489475,6.639422435062778,0.0804524406714931,595.0
92,1770,485.03,486.03,2.6390573296152584,0.0,0.0,0.6597643324038146,1.319528664807628,15.0
92,1778,150.41,157.14,5.25227342804663,5.093750200806762,5.099866427824199,5.205292116090439,0.134979946182714,216.0
92,1878,321.13,319.13,2.772588722239781,0.0,3.332204510175204,1.5261983081037462,1.7770490536925023,15.0
92,1885,121.25,123.25,5.017279836814924,4.418840607796598,3.9889840465642745,4.296576151717339,0.55244993801388,122.0
92,1902,446.23,446.23,0.0,2.70805020110221,0.0,0.6770125502755525,1.3540251005511037,0.0
92,1962,511.19,513.19,5.313205979041787,4.90527477843843,5.971261839790462,5.393559415014942,0.439204134415172,108.0
92,1971,291.06,290.06,6.100318952020064,5.823045895483019,5.739792912179234,5.816319145140505,0.2101104334411341,296.0
92,1993,115.43,116.43,5.605802066295998,5.181783550292085,5.0106352940962555,5.004432153965111,0.5800126890825095,82.0
92,2126,437.53,507.31,0.0,0.0,2.6390573296152584,1.5015882899004331,1.7591887549072067,15.0
92,2139,290.03,291.03,2.70805020110221,3.7612001156935624,3.332204510175204,3.447609718383813,0.5632322617953138,0.0
92,2290,259.02,260.02,6.07073772800249,5.746203190540153,6.2422232654551655,5.960747341581887,0.2371056192262148,257.0
92,2304,484.09,482.09,4.820281565605037,4.219507705176107,4.248495242049359,4.426781280156775,0.2766789807669486,28.0
92,2306,78.57,337.62,4.90527477843843,0.0,3.295836866004329,2.0502779111106895,2.4569427647752105,0.0
92,2322,350.23,349.23,4.248495242049359,4.23410650459726,5.093750200806762,4.456211797375685,0.4250797225787676,69.0
92,2444,583.03,726.53,0.0,2.6390573296152584,0.0,0.6597643324038146,1.3195286648076336,0.0
92,2490,279.36,280.36,5.783825182329737,5.384495062789089,5.25227342804663,5.399185851434821,0.2704882034425073,107.0
92,2492,445.23,447.23,2.70805020110221,4.007333185232471,3.295836866004329,3.5091429857685403,0.632959728128773,28.0
92,2539,119.34,120.34,4.248495242049359,3.9889840465642745,3.737669618283368,3.995620523032368,0.2086987638155835,55.0
92,2569,249.29,335.65,6.476972362889683,6.473890696352274,6.102558594613569,6.264327180240516,0.2470714935762683,258.0
92,2577,321.13,321.13,0.0,0.0,0.0,0.0,0.0,14.0
92,2581,511.19,512.19,5.493061443340548,5.438079308923196,6.040254711277414,5.726572414790186,0.3052595580909063,176.0
92,2631,130.01,149.41,4.804021044733257,4.700480365792417,4.02535169073515,4.388801197998993,0.4217987329754619,148.0
92,2640,320.13,320.13,3.332204510175204,2.772588722239781,2.70805020110221,2.896358038939244,0.2921527430370417,14.0
92,2664,251.23,337.62,6.455198563340122,6.431331081933479,6.068425588244111,6.175289606014466,0.3363734690392681,312.0
92,2704,321.13,321.13,0.0,0.0,2.70805020110221,0.6770125502755525,1.3540251005511048,14.0
92,2707,199.82,201.82,4.68213122712422,4.919980925828125,4.812184355372417,4.831737848515203,0.1112038486509476,107.0
92,2760,183.36,262.93,0.0,2.6390573296152584,3.367295829986474,1.501588289900433,1.759188754907205,13.0
92,2826,327.92,327.92,4.820281565605037,5.602118820879701,4.812184355372417,5.061305008988352,0.3720216837130515,67.0
92,2867,485.03,767.33,0.0,0.0,0.0,0.0,0.0,0.0
93,1062,154.23,153.26,5.973809611869261,6.037870919922137,5.181783550292085,5.744322316103306,0.3902330676243322,231.0
93,1109,309.43,311.43,5.823045895483019,6.386879319362645,6.2166061010848646,6.1082211188830655,0.2456960766413136,352.0
93,1207,362.78,362.78,3.9889840465642745,2.6390573296152584,5.003946305945459,4.182963527487297,1.145425399581297,94.0
93,1216,416.13,417.13,3.737669618283368,4.919980925828125,3.7612001156935624,4.033105681627341,0.5915698138996874,27.0
93,1230,345.38,344.38,5.25227342804663,5.0106352940962555,4.553876891600541,4.766320213948196,0.4505978441332223,40.0
93,1247,445.23,445.23,2.6390573296152584,2.70805020110221,3.367295829986474,2.871748020735931,0.334834352886277,0.0
93,1248,153.26,154.26,3.7612001156935624,3.737669618283368,3.7612001156935624,3.812263474058693,0.1183347472232791,82.0
93,1445,727.53,865.27,4.02535169073515,3.713572066704308,3.295836866004329,3.755936167502016,0.3368392902505277,41.0
93,1525,321.13,320.13,3.737669618283368,0.0,0.0,0.934417404570842,1.8688348091416815,28.0
93,1543,483.09,483.09,4.418840607796598,3.332204510175204,4.394449154672439,3.713386118436613,0.8401413811663444,54.0
93,1558,511.19,513.19,4.812184355372417,5.087596335232384,5.8998973535824915,5.363917463751786,0.5011136449503834,107.0
93,1571,583.03,583.03,4.418840607796598,5.087596335232384,4.219507705176107,4.536196314000422,0.3794199001681741,69.0
93,1727,422.95,422.95,5.247024072160486,5.375278407684165,5.598421958998375,5.3492185428542145,0.1854525834322604,258.0
93,1754,292.03,290.03,6.453624998892692,6.102558594613569,6.340359303727752,6.297952224668415,0.1463081900763592,527.0
93,1770,485.03,484.03,2.772588722239781,0.0,3.713572066704308,2.463364154732641,1.6875914877575668,28.0
93,1778,162.02,177.51,5.605802066295998,5.8289456176102075,5.176149732573829,5.46448037216013,0.3072613092619944,297.0
93,1878,321.13,321.13,4.418840607796598,4.248495242049359,4.919980925828125,4.495441482586631,0.2928499780316503,68.0
93,1885,121.31,119.31,5.598421958998375,5.746203190540153,5.937536205082426,5.756291135607609,0.1391052219539692,350.0
93,1902,447.23,445.23,2.70805020110221,2.772588722239781,2.70805020110221,2.0471722811110507,1.3651205822042447,15.0
93,1962,511.19,512.19,5.241747015059643,5.017279836814924,6.318968113746434,5.619473079800874,0.5981206003595059,285.0
93,1971,290.06,290.06,6.008813185442595,5.384495062789089,5.605802066295998,5.578079073392367,0.313013825515388,285.0
93,1993,119.34,119.34,5.648974238161206,5.697093486505405,5.937536205082426,5.721430687657184,0.149196908646512,175.0
93,2104,594.64,593.64,4.219507705176107,4.418840607796598,4.564348191467836,4.229067142786212,0.3715974102615182,55.0
93,2126,460.78,460.78,3.332204510175204,2.6390573296152584,3.737669618283368,3.0869971969222725,0.5430781023752971,41.0
93,2139,282.33,280.33,3.713572066704308,2.772588722239781,3.713572066704308,3.4902332428354903,0.4789562139422757,42.0
93,2290,260.96,259.96,6.591673732008658,6.576469569048224,6.495265555937008,6.400236265519078,0.3113563835939692,229.0
93,2304,482.09,482.09,4.02535169073515,4.248495242049359,3.7612001156935624,4.0105950584276355,0.1991839458410221,28.0
93,2306,241.53,307.55,3.7612001156935624,0.0,0.0,1.6173125791989436,1.916364812750295,15.0
93,2322,360.9,360.9,4.219507705176107,4.6913478822291435,4.919980925828125,4.684027822917951,0.3268315596527921,53.0
93,2444,581.03,726.53,4.804021044733257,3.9889840465642745,3.332204510175204,3.708314950643736,0.8983940521164272,0.0
93,2490,279.36,279.36,5.438079308923196,5.247024072160486,5.648974238161206,5.378965292384243,0.2103080460971403,175.0
93,2492,447.23,447.23,3.295836866004329,3.295836866004329,2.772588722239781,3.0180781638376626,0.3218085335892355,0.0
93,2539,119.34,120.34,4.6913478822291435,4.820281565605037,3.7612001156935624,4.591644941083626,0.578493354154961,134.0
93,2569,243.53,340.53,5.786897381366708,6.037870919922137,5.37989735354046,5.715164366412289,0.2739771927052746,485.0
93,2577,320.13,319.13,3.9889840465642745,3.295836866004329,4.418840607796598,3.7498745965923823,0.5528680899959869,69.0
93,2581,511.19,513.19,5.37989735354046,5.170483995038151,6.104793232414985,5.665381935148832,0.4603509825962285,135.0
93,2631,148.41,150.41,4.564348191467836,4.804021044733257,3.9889840465642745,4.444048472640492,0.3424282617517992,122.0
93,2640,320.13,321.13,4.820281565605037,4.812184355372417,5.003946305945459,4.587496073406805,0.5893069022456534,54.0
93,2664,242.5,338.53,5.746203190540153,5.937536205082426,5.497168225293202,5.641350670926217,0.2486519003030836,338.0
93,2704,319.13,319.13,4.007333185232471,4.02535169073515,4.394449154672439,4.047083536583406,0.2610520807084031,40.0
93,2707,204.67,206.67,5.493061443340548,5.318119993844216,5.375278407684165,5.374916455977679,0.0836508420411101,188.0
93,2760,183.36,262.93,4.007333185232471,4.219507705176107,4.007333185232471,3.998843547833653,0.1873599201726527,42.0
93,2826,326.92,326.92,5.556828061699537,5.863631175598097,5.783825182329737,5.736019332951652,0.1299922218333679,283.0
93,2867,727.53,727.53,3.332204510175204,4.23410650459726,3.7612001156935624,3.673701740113125,0.4211944941083404,13.0
93,2956,582.03,583.03,3.295836866004329,3.737669618283368,3.9889840465642745,3.4326351829885455,0.5616366679098301,0.0
94,1062,158.17,151.35,5.181783550292085,5.438079308923196,5.438079308923196,5.439596435382291,0.2117493144192736,432.0
94,1109,282.27,283.27,5.493061443340548,5.552959584921617,5.170483995038151,5.384878750609682,0.1729619591793321,311.0
94,1207,355.02,356.02,4.919980925828125,4.02535169073515,5.093750200806762,4.73976593579954,0.4832692343768818,122.0
94,1216,416.13,418.13,4.007333185232471,4.007333185232471,2.6390573296152584,3.3404434752956025,0.770572849473409,26.0
94,1230,364.75,365.75,3.9889840465642745,3.737669618283368,4.406719247264253,4.364095722812576,0.6962881946232391,123.0
94,1247,447.23,447.23,0.0,2.70805020110221,0.0,0.6770125502755525,1.3540251005511064,0.0
94,1248,151.35,150.35,4.248495242049359,3.367295829986474,2.6390573296152584,3.3876713169138553,0.6608805890391525,80.0
94,1445,726.53,728.53,4.02535169073515,4.553876891600541,0.0,2.144807145583923,2.485991432739757,13.0
94,1525,319.13,320.13,3.332204510175204,2.772588722239781,2.6390573296152584,3.0190137680513613,0.3657271661664597,15.0
94,1543,484.09,482.09,3.295836866004329,3.367295829986474,4.219507705176107,3.775537026585754,0.513482568856571,55.0
94,1558,513.19,513.19,4.820281565605037,4.6913478822291435,6.293419278846481,5.35086767141976,0.7452459607357691,94.0
94,1571,581.03,582.03,0.0,0.0,0.0,0.0,0.0,0.0
94,1727,423.95,423.95,5.25227342804663,5.598421958998375,5.318119993844216,5.315641395423995,0.2107306275190962,163.0
94,1754,290.03,290.03,6.161207321695077,6.218600119691729,6.102558594613569,6.146231157653486,0.0556061677660069,541.0
94,1770,427.83,485.03,2.772588722239781,0.0,2.70805020110221,1.3701597308354978,1.5823435533377004,13.0
94,1778,157.17,158.11,5.241747015059643,5.241747015059643,5.099866427824199,5.070960205933975,0.2558822319987265,242.0
94,1878,319.13,321.13,0.0,3.332204510175204,4.02535169073515,2.841222346535706,1.921421756528767,0.0
94,1885,119.31,120.31,5.746203190540153,5.176149732573829,5.54907608489522,5.410478250761838,0.2854398313901983,177.0
94,1902,445.23,445.23,0.0,2.772588722239781,0.0,0.6931471805599453,1.386294361119891,0.0
94,1962,512.19,511.19,5.176149732573829,5.3230099791384085,6.270988431858299,5.5921425256422275,0.4852331148159834,217.0
94,1971,291.06,291.06,5.170483995038151,5.605802066295998,5.493061443340548,5.395638370929121,0.1924834418016585,148.0
94,1993,122.28,121.28,5.863631175598097,5.438079308923196,5.556828061699537,5.558454238476249,0.2169324903076638,189.0
94,2126,437.53,472.42,3.367295829986474,0.0,3.7612001156935624,1.782123986420009,2.0640933364751515,28.0
94,2139,292.03,292.03,3.332204510175204,3.7612001156935624,4.007333185232471,3.715484481698701,0.2806296733588586,0.0
94,2290,261.96,259.96,6.244166900663736,6.343880434126331,6.317164686747284,6.259109627755123,0.0951032099609519,230.0
94,2304,482.09,483.09,2.70805020110221,0.0,3.295836866004329,2.3427957242732536,1.589548208659209,26.0
94,2306,241.53,313.31,3.367295829986474,2.70805020110221,2.70805020110221,2.195849058047724,1.4965227080477204,55.0
94,2322,352.11,353.11,4.574710978503383,5.099866427824199,4.820281565605037,4.878034702186886,0.2337657147309917,175.0
94,2444,582.03,728.53,3.332204510175204,4.248495242049359,0.0,2.5549392704599554,1.826386560524196,0.0
94,2490,280.36,281.36,4.90527477843843,5.3230099791384085,5.25227342804663,5.231823889322445,0.2320597719857702,270.0
94,2492,447.23,447.23,3.295836866004329,2.70805020110221,4.219507705176107,3.3798079095717455,0.6246216022366051,28.0
94,2539,119.31,120.31,3.737669618283368,4.553876891600541,4.418840607796598,4.352716870868231,0.4258561078738825,107.0
94,2569,250.32,339.53,6.133398042996649,6.100318952020064,5.44673737166631,5.845224485018427,0.330590723045954,297.0
94,2577,320.13,320.13,0.0,0.0,0.0,0.0,0.0,0.0
94,2581,512.19,513.19,5.438079308923196,5.25227342804663,5.860786223465865,5.526991755533807,0.2553980779145324,244.0
94,2631,153.26,153.26,3.737669618283368,4.23410650459726,3.295836866004329,3.75720327614463,0.383272397575625,55.0
94,2640,321.13,320.13,2.6390573296152584,4.418840607796598,4.007333185232471,3.763553792302151,0.7754870076518187,15.0
94,2664,248.35,338.53,5.823045895483019,5.902633333401366,4.919980925828125,5.549654934908531,0.4456593039342585,311.0
94,2704,320.13,321.13,2.6390573296152584,0.0,3.7612001156935624,2.4418883188238243,1.6929911261335313,42.0
94,2707,205.64,207.64,5.940171252720432,5.497168225293202,5.8664680569332965,5.8096754326416296,0.2110253179742548,285.0
94,2760,184.36,260.93,4.02535169073515,3.332204510175204,3.332204510175204,3.332204510175204,0.5659523030068861,107.0
94,2826,325.92,327.92,5.934894195619588,5.497168225293202,5.655991810819852,5.661220573358045,0.1938517998157356,229.0
94,2867,728.53,727.53,0.0,3.367295829986474,0.0,1.5015882899004334,1.7591887549072052,28.0
97,1062,161.08,156.2,6.317164686747284,6.386879319362645,6.129050210060545,6.183247892438241,0.2180400440853699,419.0
97,1109,302.64,303.64,6.317164686747284,6.364750756851911,6.473890696352274,6.289923301764502,0.2016614083882303,649.0
97,1207,356.99,357.99,4.68213122712422,5.181783550292085,4.68213122712422,4.84158189253639,0.2359660295239483,177.0
97,1216,413.25,412.25,5.003946305945459,4.90527477843843,2.70805020110221,4.29799556599737,1.0757403918489932,82.0
97,1230,348.29,348.29,3.713572066704308,4.574710978503383,5.017279836814924,4.577377296992019,0.6114578069577795,148.0
97,1247,445.23,445.23,4.007333185232471,4.406719247264253,2.70805020110221,3.622349615896352,0.7448588056069991,41.0
97,1248,155.26,153.26,4.02535169073515,3.295836866004329,3.367295829986474,3.730647722830803,0.4695410002985447,28.0
97,1445,726.53,727.53,5.37989735354046,5.501258210544727,4.418840607796598,4.822245054611515,0.7369065991637094,82.0
97,1525,320.13,319.13,3.713572066704308,4.564348191467836,4.574710978503383,4.4141630703521955,0.4799820121619601,68.0
97,1543,484.09,483.09,4.700480365792417,4.219507705176107,4.23410650459726,4.285769655532514,0.2983992840275755,68.0
97,1558,549.08,549.08,5.442417710521793,5.3230099791384085,6.61338421837956,5.929792802941878,0.643320021659006,175.0
97,1571,583.03,582.03,4.248495242049359,5.0106352940962555,4.700480365792417,4.694973116885768,0.3238917720220022,150.0
97,1727,447.23,445.23,5.384495062789089,5.697093486505405,5.652489180268651,5.606952467091461,0.1496852294864316,177.0
97,1754,329.83,329.83,6.455198563340122,6.042632833682381,6.003887067106539,6.1800796459551925,0.2058394978660247,501.0
97,1770,465.63,464.63,0.0,2.772588722239781,0.0,1.3862943611198906,1.6007548451372575,41.0
97,1778,155.26,150.38,6.003887067106539,5.247024072160486,5.442417710521793,5.629832239292317,0.3464415030460763,257.0
97,1878,319.13,319.13,5.442417710521793,5.093750200806762,4.919980925828125,5.177105566300828,0.2229364176960393,230.0
97,1885,135.86,134.86,6.431331081933479,6.2422232654551655,6.762729506931879,6.516741809990724,0.2281432689266315,607.0
97,1902,446.23,447.23,0.0,0.0,0.0,0.0,0.0,15.0
97,1962,548.08,549.08,5.937536205082426,5.823045895483019,6.839476438228843,6.210570451062363,0.4550632271115805,284.0
97,1971,327.86,328.86,5.54907608489522,5.6937321388027,5.937536205082426,5.730034335239895,0.1604327415107576,366.0
97,1993,136.8,135.8,6.2166061010848646,6.665683717782408,6.6293632534374485,6.491319517799353,0.2052212507378298,501.0
97,2104,583.03,583.03,4.553876891600541,5.442417710521793,4.23410650459726,4.850221275439436,0.5539802138379348,122.0
97,2126,437.53,490.85,4.007333185232471,3.367295829986474,2.6390573296152584,3.437838990779393,0.5936470675555654,26.0
97,2139,291.03,292.03,0.0,3.713572066704308,3.7612001156935624,3.0123707902253125,2.046762747244895,42.0
97,2290,272.6,271.6,6.240275845170769,6.665683717782408,6.573680166960646,6.484102346371497,0.183661299733209,473.0
97,2304,484.09,484.09,3.332204510175204,3.332204510175204,3.9889840465642745,3.725472077241011,0.4663012429444076,28.0
97,2306,241.53,306.55,0.0,3.713572066704308,2.772588722239781,2.2985527475115757,1.599794015554858,13.0
97,2322,363.81,363.81,4.394449154672439,5.003946305945459,4.812184355372417,4.78264018545461,0.2704342263157018,162.0
97,2444,726.53,728.53,5.0106352940962555,3.295836866004329,4.007333185232471,4.012868740904105,0.7269658414164737,82.0
97,2490,292.03,291.03,5.384495062789089,5.655991810819852,5.780743515792329,5.6295809689766685,0.1714377336542488,283.0
97,2492,454.93,455.93,0.0,3.7612001156935624,3.7612001156935624,2.704559274347864,1.8163360366458987,15.0
97,2539,133.92,131.92,5.384495062789089,5.863631175598097,5.860786223465865,5.637832543093712,0.2601667425252165,175.0
97,2569,240.62,323.07,6.792344427470809,5.8664680569332965,5.556828061699537,6.009671610396666,0.5394381130321156,810.0
97,2577,320.13,321.13,2.70805020110221,3.295836866004329,4.406719247264253,3.7043313904087616,0.8458016685469832,134.0
97,2581,548.08,548.08,5.181783550292085,5.497168225293202,6.476972362889683,5.902780675453774,0.6631289293930701,217.0
97,2631,141.62,142.62,4.564348191467836,4.68213122712422,3.367295829986474,4.326280782701918,0.6419324358538876,55.0
97,2640,320.13,319.13,5.181783550292085,5.241747015059643,4.406719247264253,5.017999206918906,0.408499148716021,109.0
97,2664,248.38,321.07,6.495265555937008,5.6937321388027,5.375278407684165,5.752753368522546,0.5134656724678165,540.0
97,2704,321.13,319.13,4.812184355372417,5.247024072160486,5.087596335232384,5.097137944456232,0.2038522543553543,135.0
97,2707,194.0,217.28,6.29156913955832,6.2166061010848646,6.129050210060545,6.251353159263556,0.1023602859059586,500.0
97,2760,183.36,261.93,4.418840607796598,4.23410650459726,3.9889840465642745,4.331015596520588,0.2929006497789171,123.0
97,2826,325.92,325.92,6.244166900663736,6.386879319362645,5.863631175598097,6.184711074072054,0.2243763885671581,339.0
97,2867,728.53,726.53,5.099866427824199,5.093750200806762,3.713572066704308,4.15380972410937,1.16369256818418,28.0
97,2956,437.53,629.53,0.0,0.0,0.0,0.0,0.0,0.0
99,1062,191.15,190.15,6.61338421837956,6.715383386334681,6.214608098422191,6.525038514823619,0.2171102595475856,690.0
99,1109,261.93,291.03,6.473890696352274,6.879355804460439,6.39024066706535,6.550064205862557,0.2224730673780721,689.0
99,1198,170.75,211.46,5.442417710521793,4.812184355372417,4.700480365792417,5.0825902098426985,0.3804687768409644,161.0
99,1207,386.12,384.12,5.602118820879701,5.438079308923196,5.017279836814924,5.450120288606826,0.3143139557605825,283.0
99,1216,436.56,435.56,4.6913478822291435,5.003946305945459,3.7612001156935624,4.462735864635151,0.5297759520691411,82.0
99,1230,380.27,381.27,5.598421958998375,5.8664680569332965,5.700443573390687,5.678602418554394,0.1402099750777108,188.0
99,1247,446.23,445.23,0.0,3.737669618283368,2.772588722239781,2.30457713540634,1.6069282495565576,0.0
99,1248,164.93,164.93,2.772588722239781,2.6390573296152584,3.737669618283368,3.345855543683917,0.7682678791925432,54.0
99,1311,243.53,242.53,3.7612001156935624,4.418840607796598,4.700480365792417,3.2201302723206444,2.182532047396798,94.0
99,1438,195.0,195.0,4.564348191467836,5.003946305945459,4.406719247264253,4.787790869312844,0.3617955181556293,95.0
99,1445,728.53,728.53,5.973809611869261,5.82600010738045,0.0,3.6097167622162423,2.856167694969078,26.0
99,1525,319.13,319.13,5.780743515792329,5.37989735354046,5.099866427824199,5.453366720519651,0.287201734873416,150.0
99,1543,484.03,486.03,3.367295829986474,4.553876891600541,4.02535169073515,3.9150241197566182,0.5036183231059679,96.0
99,1558,564.6,564.6,4.812184355372417,5.0106352940962555,7.257707677160043,6.007116098810921,1.2740956608123457,202.0
99,1571,641.23,640.23,4.6913478822291435,3.9889840465642745,4.812184355372417,4.435252881553799,0.3837083416355706,94.0
99,1727,464.63,464.63,6.0063531596017325,6.29156913955832,6.040254711277414,6.094011982589901,0.132607896513926,405.0
99,1754,318.16,318.16,5.8664680569332965,6.037870919922137,5.552959584921617,5.865912930344696,0.2215348826936709,366.0
99,1770,484.03,485.03,0.0,2.6390573296152584,2.772588722239781,2.293211541887151,1.6086455398463584,54.0
99,1778,190.18,188.18,6.431331081933479,6.959398512133975,6.431331081933479,6.541045523680522,0.2820546873318174,649.0
99,1803,123.19,170.75,4.912654885736052,4.804021044733257,4.418840607796598,4.638589286515627,0.257590490831561,150.0
99,1847,195.0,195.0,4.394449154672439,4.406719247264253,4.919980925828125,4.631292593124519,0.2706190886609373,40.0
99,1878,319.13,319.13,3.737669618283368,0.0,2.6390573296152584,2.534481765898047,1.7689010513168066,27.0
99,1885,158.14,158.14,7.284820912568604,7.179307969504034,6.837332814685591,7.077943391016365,0.1962486170966333,1041.0
99,1902,446.23,446.23,2.772588722239781,3.332204510175204,2.70805020110221,2.896358038939244,0.2921527430370442,28.0
99,1962,564.6,562.6,5.247024072160486,5.598421958998375,7.3031700512368,6.348924166745355,1.079306496669041,258.0
99,1971,349.2,349.2,5.181783550292085,5.655991810819852,4.564348191467836,5.122429971953039,0.4475413348184702,107.0
99,1993,157.14,149.41,6.366470447731438,6.748759547491679,6.38856140554563,6.472667680032847,0.1843349122837557,202.0
99,2126,510.25,510.25,4.02535169073515,2.6390573296152584,3.332204510175204,3.192300563191348,0.6313433826416885,0.0
99,2139,291.03,290.03,4.394449154672439,4.394449154672439,3.9889840465642745,4.191716600618357,0.2340953893132356,54.0
99,2290,269.66,271.66,6.79346613258001,6.823286122355687,6.456769655572163,6.598572551189611,0.2488392811383228,283.0
99,2304,484.03,486.03,2.6390573296152584,4.394449154672439,3.737669618283368,3.7513206517920814,0.792467139058274,13.0
99,2306,244.5,335.62,0.0,0.0,0.0,0.0,0.0,69.0
99,2322,389.0,388.0,5.697093486505405,4.23410650459726,5.786897381366708,5.413908394387949,0.7927658679356596,447.0
99,2444,726.53,726.53,5.937536205082426,5.976350909297934,2.6390573296152584,4.331383291558851,1.8778936174907397,26.0
99,2490,292.03,291.03,5.860786223465865,5.973809611869261,6.07073772800249,5.912084187786775,0.1416578501153399,229.0
99,2492,389.03,389.03,0.0,2.6390573296152584,3.9889840465642745,2.480969560545965,1.743398799149808,41.0
99,2494,195.0,195.0,4.68213122712422,4.394449154672439,4.248495242049359,4.432948717777568,0.1810020342014471,40.0
99,2539,157.17,151.38,6.0063531596017325,5.438079308923196,5.8289456176102075,5.794684983547427,0.2485921581706632,175.0
99,2569,243.53,323.07,6.824373670043086,5.823045895483019,5.602118820879701,6.009108941943129,0.5520552419335544,567.0
99,2577,319.13,321.13,4.394449154672439,4.820281565605037,4.418840607796598,4.546862054918654,0.1953002985510188,40.0
99,2581,562.6,564.6,4.90527477843843,4.564348191467836,7.365812837209472,5.870456580490867,1.351006888692472,230.0
99,2631,158.11,158.11,4.02535169073515,4.248495242049359,4.6913478822291435,4.303422514265753,0.2791913826719229,40.0
99,2640,319.13,319.13,3.7612001156935624,2.772588722239781,2.70805020110221,3.2388527764349653,0.5765872844010085,15.0
99,2664,239.59,321.07,6.683360945766275,5.087596335232384,5.7430031878094825,5.583560508603295,0.8293688716183277,688.0
99,2704,320.13,320.13,5.170483995038151,4.23410650459726,5.181783550292085,4.8475987736651875,0.4450491035736798,82.0
99,2707,241.59,241.59,7.02197642307216,7.0587581525186645,6.697034247666484,6.838559598076383,0.2386418119236586,701.0
99,2760,163.99,243.53,5.099866427824199,4.564348191467836,4.700480365792417,4.525591150841955,0.5723346284958841,108.0
99,2826,379.33,378.33,6.2166061010848646,6.18826412308259,6.432940092739179,6.27000839559045,0.1108342343903721,567.0
99,2867,726.53,728.53,5.017279836814924,4.574710978503383,2.772588722239781,3.915104100890604,1.0549416863049328,42.0
99,2956,591.73,590.73,4.02535169073515,4.248495242049359,0.0,2.068461733196127,2.390190528600421,0.0
101,1062,194.06,193.06,6.102558594613569,5.934894195619588,5.598421958998375,6.012333426599723,0.3397851329507144,298.0
101,1109,296.85,296.85,6.317164686747284,6.161207321695077,5.700443573390687,6.045675662234896,0.2633029539135816,582.0
101,1198,194.03,195.03,4.007333185232471,4.553876891600541,3.713572066704308,4.070528832192448,0.3507282226789808,95.0
101,1207,384.18,383.18,6.131226489483141,5.8289456176102075,5.746203190540153,5.87255011999081,0.1757369984817748,283.0
101,1216,423.95,423.95,4.418840607796598,4.23410650459726,2.6390573296152584,2.823001110502279,2.0445939057909657,28.0
101,1230,385.09,385.09,5.54907608489522,5.493061443340548,5.598421958998375,5.386458566418143,0.323663893719198,176.0
101,1247,387.03,446.23,0.0,0.0,0.0,0.0,0.0,0.0
101,1248,157.17,156.17,0.0,2.6390573296152584,3.367295829986474,2.5601149160497485,1.8270385103030748,26.0
101,1311,202.73,340.53,4.418840607796598,4.564348191467836,4.553876891600541,4.482878711384354,0.0886917564573105,67.0
101,1438,195.0,196.0,5.313205979041787,4.394449154672439,4.574710978503383,4.709060750954538,0.4107325994275199,161.0
101,1445,728.53,726.53,5.652489180268651,4.564348191467836,0.0,3.213973675337936,2.478576526418943,15.0
101,1525,320.13,319.13,3.713572066704308,4.418840607796598,3.332204510175204,3.69920542371283,0.5123347016931477,82.0
101,1543,486.03,486.03,3.737669618283368,4.007333185232471,3.713572066704308,3.54165626783059,0.5714689671788489,81.0
101,1558,564.6,563.6,5.493061443340548,5.37989735354046,6.037870919922137,5.692903985067253,0.3082730526532426,80.0
101,1571,581.03,583.03,0.0,0.0,0.0,0.0,0.0,0.0
101,1727,464.63,464.63,6.161207321695077,6.295266001439646,5.934894195619588,6.033592676640948,0.2442280817315001,296.0
101,1754,320.16,319.16,6.364750756851911,6.129050210060545,6.159095388491933,6.051463985081501,0.3484534304856674,296.0
101,1770,485.03,486.03,3.295836866004329,0.0,0.0,0.8239592165010823,1.6479184330021657,14.0
101,1778,191.09,191.09,6.2422232654551655,6.163314804034641,6.068425588244111,6.143570652438496,0.0766804187067623,431.0
101,1803,113.52,194.03,4.553876891600541,3.367295829986474,4.564348191467836,4.3740390517877765,0.7041178659946077,40.0
101,1847,196.0,196.0,5.247024072160486,4.68213122712422,5.241747015059643,4.963258385367142,0.3246248296484037,109.0
101,1878,321.13,319.13,3.9889840465642745,3.9889840465642745,3.713572066704308,3.5826493723620287,0.642319346832753,13.0
101,1885,158.14,157.14,6.432940092739179,6.269096283706261,6.293419278846481,6.340051603035958,0.0740440200580333,514.0
101,1902,447.23,447.23,2.70805020110221,0.0,0.0,0.6770125502755525,1.3540251005511048,0.0
101,1962,564.6,562.6,5.438079308923196,5.786897381366708,6.778784897685177,6.0976602268344315,0.5997774682108497,243.0
101,1971,350.2,349.2,5.099866427824199,4.406719247264253,4.574710978503383,4.723370252241063,0.3011116923251746,136.0
101,1993,158.14,158.14,6.068425588244111,5.3230099791384085,5.598421958998375,5.661462334300186,0.3077732402925555,81.0
101,2126,509.25,511.25,3.713572066704308,0.0,3.332204510175204,2.4545913247798232,1.6814059918405817,0.0
101,2139,291.03,290.03,4.007333185232471,3.713572066704308,0.0,2.9320596092923124,1.9596055555275913,15.0
101,2290,276.45,276.45,6.100318952020064,5.556828061699537,6.0063531596017325,5.777559386246912,0.3238754137996191,190.0
101,2304,486.03,486.03,3.367295829986474,3.332204510175204,4.23410650459726,3.5664528387335355,0.4454097329198089,15.0
101,2306,244.5,335.62,0.0,2.70805020110221,2.772588722239781,2.0299240632393123,1.354380657140004,55.0
101,2322,384.12,386.12,6.042632833682381,5.556828061699537,5.655991810819852,5.658837514935557,0.2801907010784476,310.0
101,2444,493.73,727.53,5.863631175598097,5.0106352940962555,3.295836866004329,4.375576961468472,1.2743716328580066,0.0
101,2490,290.03,291.03,4.6913478822291435,5.780743515792329,5.375278407684165,5.351049466851293,0.4700266049632777,175.0
101,2492,387.03,387.03,3.737669618283368,3.9889840465642745,2.772588722239781,3.559228001342698,0.5376412791520743,26.0
101,2494,195.0,195.0,5.087596335232384,5.181783550292085,4.912654885736052,5.1085770498267875,0.1470073984428124,189.0
101,2539,158.11,158.11,5.442417710521793,4.820281565605037,5.003946305945459,5.128417413558194,0.2727052642091641,177.0
101,2569,250.32,322.07,6.364750756851911,5.7430031878094825,5.786897381366708,5.886785126574188,0.3235204999890717,474.0
101,2577,320.13,319.13,2.6390573296152584,0.0,4.248495242049359,2.3989006931917065,1.7634221615199603,53.0
101,2581,564.6,564.6,5.37989735354046,5.54907608489522,6.933423025730715,6.185951941952233,0.8362040424141677,285.0
101,2631,165.93,164.93,3.9889840465642745,4.219507705176107,3.367295829986474,3.9488238217257416,0.4026276933491335,69.0
101,2640,319.13,319.13,3.332204510175204,3.9889840465642745,2.6390573296152584,3.323112599132485,0.5512052618132999,0.0
101,2664,265.84,323.07,6.777646593635117,5.934894195619588,5.82600010738045,6.080591519741223,0.4690417652213687,432.0
101,2704,319.13,320.13,0.0,3.295836866004329,2.772588722239781,2.2102535776209735,1.4940050851263766,0.0
101,2707,234.74,235.74,6.2166061010848646,6.244166900663736,6.240275845170769,6.201460519833589,0.0655856120729632,539.0
101,2760,162.99,243.53,4.394449154672439,2.6390573296152584,2.6390573296152584,3.25119208101954,0.8292602442113999,40.0
101,2826,379.33,378.33,6.295266001439646,6.80903930604298,6.413458957167357,6.513251383915911,0.2201894679743864,337.0
101,2867,726.53,726.53,5.37989735354046,5.017279836814924,2.772588722239781,3.292441478148792,2.4794459844956003,13.0
102,1062,157.14,178.54,6.240275845170769,5.905361848054571,5.82600010738045,5.986361853118763,0.1797282805021802,366.0
102,1109,276.48,277.48,5.7430031878094825,5.746203190540153,5.003946305945459,5.417325604217231,0.384393288418115,109.0
102,1207,365.75,364.75,4.804021044733257,4.6913478822291435,5.0106352940962555,4.988185398181241,0.3330680261704114,123.0
102,1216,414.25,413.25,4.02535169073515,4.418840607796598,2.70805020110221,3.8465872510578047,0.7758583236599554,13.0
102,1230,363.75,365.75,5.3230099791384085,5.0106352940962555,5.099866427824199,5.05938318644803,0.2150381044423064,121.0
102,1247,445.23,445.23,0.0,0.0,2.772588722239781,1.3862943611198904,1.6007548451372575,0.0
102,1248,139.74,153.26,2.6390573296152584,3.9889840465642745,3.367295829986474,3.322793518042584,0.551969839911156,15.0
102,1445,581.03,727.53,2.70805020110221,3.295836866004329,0.0,2.16073609918045,1.4703262865537476,0.0
102,1525,320.13,321.13,2.70805020110221,2.772588722239781,2.772588722239781,2.997724315966285,0.4942341598772153,13.0
102,1543,482.09,484.09,2.772588722239781,0.0,3.367295829986474,1.5349711380565647,1.7889833100273156,41.0
102,1558,549.08,549.08,4.394449154672439,3.9889840465642745,5.739792912179234,4.860336526815042,0.8081492075114616,68.0
102,1727,446.23,445.23,5.384495062789089,6.042632833682381,5.442417710521793,5.492353008704366,0.3962240411898632,204.0
102,1754,330.83,330.83,5.780743515792329,5.697093486505405,5.602118820879701,5.68223251533466,0.0762661626915218,271.0
102,1770,484.03,486.03,0.0,0.0,0.0,0.0,0.0,13.0
102,1778,135.83,162.05,5.087596335232384,5.652489180268651,5.25227342804663,5.226253457320929,0.316187598322734,163.0
102,1878,319.13,319.13,3.367295829986474,4.394449154672439,3.332204510175204,3.707904778279372,0.4930835877645045,81.0
102,1885,122.22,119.31,6.104793232414985,6.0063531596017325,6.040254711277414,6.111666776183445,0.1290304382310201,487.0
102,1902,388.03,445.23,0.0,0.0,0.0,0.0,0.0,0.0
102,1962,549.08,549.08,4.804021044733257,2.70805020110221,6.244166900663736,4.667223258058813,1.4610567679320443,54.0
102,1971,267.75,327.86,4.394449154672439,3.295836866004329,4.394449154672439,4.122863605653366,0.5513814995810741,107.0
102,1993,121.28,119.34,5.8289456176102075,5.655991810819852,5.786897381366708,5.792933040844815,0.1025143885035634,203.0
102,2126,437.53,507.31,3.295836866004329,0.0,2.70805020110221,2.1941189473365803,1.4862360671002297,0.0
102,2139,282.33,280.33,0.0,3.737669618283368,4.02535169073515,2.9470932499384173,1.9694036447883445,0.0
102,2290,261.93,299.79,5.655991810819852,5.937536205082426,5.501258210544727,5.661936452842156,0.1946655400879642,109.0
102,2304,484.09,484.09,0.0,2.772588722239781,3.713572066704308,1.6215401972360226,1.911395238413444,0.0
102,2306,242.53,336.62,3.332204510175204,0.0,2.70805020110221,1.5100636778193537,1.7621912065233305,14.0
102,2322,356.05,356.05,5.247024072160486,4.68213122712422,5.25227342804663,5.1570415247494115,0.3299643661344561,163.0
102,2444,583.03,726.53,2.70805020110221,4.007333185232471,0.0,2.371993027143616,1.6905718646436996,0.0
102,2490,291.03,290.03,4.812184355372417,3.9889840465642745,5.017279836814924,4.5593222116370535,0.4541237547002656,27.0
102,2492,455.93,456.93,2.70805020110221,2.772588722239781,3.737669618283368,3.238994539977182,0.5764228613468997,26.0
102,2539,129.07,128.07,2.6390573296152584,4.219507705176107,4.90527477843843,4.079429176207584,1.0002357462284253,109.0
102,2569,260.99,323.07,6.984716320118266,6.535241271013659,6.269096283706261,6.456731198690081,0.4064410225179619,581.0
102,2577,319.13,320.13,0.0,0.0,2.6390573296152584,0.6597643324038146,1.31952866480763,14.0
102,2581,549.08,547.08,5.087596335232384,4.23410650459726,6.163314804034641,5.217378176663344,0.7971596795464527,134.0
102,2631,154.26,153.26,3.367295829986474,3.737669618283368,3.9889840465642745,3.7753206700166473,0.2985429714869383,53.0
102,2640,321.13,319.13,3.713572066704308,3.367295829986474,3.713572066704308,3.638910019772163,0.1824627616415562,81.0
102,2664,255.17,322.07,6.536691597591305,6.53813982376767,5.497168225293202,6.0444504282370435,0.57095264927992,500.0
102,2704,320.13,321.13,2.6390573296152584,3.295836866004329,0.0,2.5422501750542126,1.8168359234604736,15.0
102,2707,193.06,194.06,5.8289456176102075,5.54907608489522,5.241747015059643,5.516626522307845,0.2442945137090397,203.0
102,2760,182.36,260.93,0.0,2.70805020110221,4.23410650459726,2.5594983929259496,1.818388145007709,69.0
102,2826,325.92,327.92,5.099866427824199,4.406719247264253,4.68213122712422,4.799838049077231,0.3177261896845125,67.0
102,2867,726.53,726.53,0.0,3.7612001156935624,0.0,1.773351156467192,2.0551655173692733,15.0
104,1062,182.39,181.39,6.342121418721152,6.434546518787453,6.410174881966167,6.426128523096762,0.072485975531241,472.0
104,1109,283.24,284.24,6.682108597449809,6.763884908562435,6.163314804034641,6.499467428898129,0.276027253014639,728.0
104,1198,206.64,205.64,5.973809611869261,5.655991810819852,6.133398042996649,5.906707660320965,0.200503717526958,325.0
104,1207,382.21,381.21,4.219507705176107,5.0106352940962555,5.017279836814924,4.734692679579108,0.3756302070073309,150.0
104,1216,436.56,436.56,4.6913478822291435,5.017279836814924,4.394449154672439,4.358820345972928,0.7301490600711921,55.0
104,1230,374.45,373.45,5.655991810819852,4.700480365792417,5.25227342804663,4.9570633274587514,0.6286157121063028,230.0
104,1247,446.23,445.23,2.6390573296152584,3.367295829986474,3.332204510175204,3.0277865980041794,0.376020027723972,26.0
104,1248,163.02,163.02,4.007333185232471,4.406719247264253,3.9889840465642745,3.942583077261868,0.4292332029781471,82.0
104,1311,147.44,212.46,6.0063531596017325,5.8289456176102075,5.973809611869261,5.898233392852735,0.1084614882125123,512.0
104,1438,194.0,194.0,4.248495242049359,4.248495242049359,4.418840607796598,4.333667924922978,0.0983489427693656,54.0
104,1445,686.79,686.79,5.700443573390687,5.598421958998375,0.0,3.657767510641066,2.6723223118000408,68.0
104,1525,319.13,319.13,4.553876891600541,5.003946305945459,4.700480365792417,4.666255702650668,0.2550780533930425,122.0
104,1543,486.03,485.03,4.406719247264253,4.02535169073515,4.68213122712422,4.218850570204296,0.4069436331836468,123.0
104,1558,562.6,562.6,5.241747015059643,5.087596335232384,6.697034247666484,5.8031465554647506,0.7687551227332062,188.0
104,1571,590.73,592.73,4.820281565605037,3.7612001156935624,4.248495242049359,3.900641411396935,0.8676956158303436,0.0
104,1727,464.63,464.63,6.413458957167357,6.270988431858299,6.2166061010848646,6.171219668110064,0.2712735982324849,472.0
104,1754,320.16,318.16,6.576469569048224,6.413458957167357,6.104793232414985,6.314509140666302,0.2200415277675001,460.0
104,1770,484.03,484.03,3.713572066704308,0.0,2.6390573296152584,1.5881573490798917,1.8855826704988428,15.0
104,1778,180.42,180.42,6.852242569051878,6.761572768804055,6.51471269087253,6.685478061777006,0.1505092903889011,620.0
104,1803,199.88,198.88,6.2422232654551655,6.38856140554563,6.18826412308259,6.223023332045948,0.1309877012825411,527.0
104,1847,195.0,196.0,4.553876891600541,3.295836866004329,2.772588722239781,3.4886267475049637,0.7547856600522607,27.0
104,1878,320.13,321.13,2.70805020110221,2.6390573296152584,3.295836866004329,3.219262725329764,0.7379584544496864,26.0
104,1885,157.14,158.14,7.057036981697891,6.961296045910167,7.124478262493424,7.061738845772252,0.0726757707717676,1066.0
104,1902,446.23,446.23,2.772588722239781,2.70805020110221,0.0,2.0471722811110507,1.3651205822042456,13.0
104,1962,562.63,562.63,5.860786223465865,5.602118820879701,6.921658184151129,6.261923981121875,0.6304686092193443,298.0
104,1971,346.35,346.35,5.375278407684165,4.820281565605037,4.248495242049359,4.986328356470821,0.5739930715171524,80.0
104,1993,156.17,158.17,6.714170529909472,6.647688373563329,6.516193076042964,6.608352217831607,0.0895296232428687,231.0
104,2126,484.03,507.31,2.772588722239781,3.713572066704308,3.7612001156935624,3.5021402550828036,0.4868856377694419,42.0
104,2139,287.18,287.18,4.02535169073515,3.367295829986474,4.219507705176107,3.837456211045275,0.3707093216469705,82.0
104,2290,286.15,288.15,6.732210706467206,6.985641817639208,6.866933284461882,6.811979626139776,0.1434072876807891,285.0
104,2304,485.03,486.03,4.007333185232471,4.02535169073515,4.68213122712422,4.2408278362853,0.3139836477952888,14.0
104,2306,242.5,377.33,0.0,0.0,0.0,0.8330511275438012,1.6661022550876023,122.0
104,2322,382.18,383.18,5.860786223465865,5.6937321388027,5.700443573390687,5.588707090870862,0.3349166814102475,582.0
104,2444,484.03,726.53,5.438079308923196,6.008813185442595,3.9889840465642745,3.858969135232516,2.7094873466348393,0.0
104,2490,291.03,290.03,6.368187186350492,6.037870919922137,5.700443573390687,5.950898791542181,0.3208523568667139,323.0
104,2492,389.03,389.03,3.9889840465642745,2.70805020110221,4.394449154672439,3.701263867260808,0.718775259887752,15.0
104,2494,196.0,196.0,4.02535169073515,3.9889840465642745,4.02535169073515,4.007167868649713,0.0209968691518123,69.0
104,2539,158.14,158.14,5.823045895483019,6.07073772800249,5.6937321388027,5.852640414442806,0.1576599181294562,243.0
104,2569,242.53,309.49,6.270988431858299,5.602118820879701,4.68213122712422,5.393129579169286,0.6978763868178481,404.0
104,2577,320.13,319.13,4.219507705176107,4.248495242049359,4.219507705176107,4.2704899517685035,0.0837616264077494,69.0
104,2581,562.6,563.6,5.181783550292085,5.25227342804663,6.6293632534374485,5.820006583215257,0.716937694280089,188.0
104,2631,161.99,163.99,4.574710978503383,4.219507705176107,5.170483995038151,4.742162246165775,0.4294174778195491,95.0
104,2640,320.13,321.13,4.406719247264253,4.418840607796598,4.02535169073515,4.484626970257096,0.4415515433356879,27.0
104,2664,254.14,299.73,6.244166900663736,6.51471269087253,6.042632833682381,6.062062449221239,0.4535257190539191,674.0
104,2704,320.13,320.13,4.68213122712422,4.406719247264253,4.700480365792417,4.44916600635334,0.3237538522426668,67.0
104,2707,235.74,236.74,6.630683385642372,6.682108597449809,6.729824070489475,6.6975506451027425,0.0524558565837762,1134.0
104,2760,168.81,242.53,5.937536205082426,3.9889840465642745,3.7612001156935624,4.5630171397020245,0.9766829858932532,379.0
104,2826,378.33,378.33,6.495265555937008,6.593044534142437,6.364750756851911,6.4974381111306645,0.0971117540122009,447.0
104,2867,726.53,728.53,5.746203190540153,5.3230099791384085,0.0,3.4443158426951928,2.6604245112203597,68.0
104,2956,640.23,639.23,4.248495242049359,3.367295829986474,2.70805020110221,3.578206329925579,0.6879148410756469,13.0
106,1062,155.26,154.29,5.905361848054571,5.556828061699537,5.0106352940962555,5.543317194310262,0.3828392093560018,258.0
106,1109,258.08,309.43,5.700443573390687,5.375278407684165,5.501258210544727,5.533452063329779,0.1347688777495875,312.0
106,1207,359.9,358.9,4.02535169073515,4.700480365792417,5.003946305945459,4.635490679461361,0.425626381030775,109.0
106,1216,418.13,418.13,4.6913478822291435,4.394449154672439,2.6390573296152584,2.93121359162921,2.1537950564129003,13.0
106,1230,342.47,340.47,4.248495242049359,4.394449154672439,3.7612001156935624,4.3020413892871545,0.4304645717871366,94.0
106,1247,446.23,447.23,0.0,3.295836866004329,3.737669618283368,2.435389171347477,1.677475191150409,14.0
106,1248,153.26,155.26,2.6390573296152584,3.367295829986474,2.6390573296152584,3.003176579800866,0.4204486942235665,28.0
106,1445,728.53,728.53,4.820281565605037,5.099866427824199,3.737669618283368,4.256278360424769,0.8344629829541601,109.0
106,1525,321.13,320.13,4.219507705176107,3.713572066704308,4.248495242049359,3.7051580858862594,0.7519779282500758,27.0
106,1543,484.09,484.09,4.418840607796598,4.23410650459726,4.219507705176107,4.224451627076278,0.1607747072772208,26.0
106,1558,512.19,511.19,4.812184355372417,4.804021044733257,6.267200548541362,5.464303890129074,0.7671315506723385,175.0
106,1571,581.03,581.03,5.181783550292085,4.02535169073515,4.248495242049359,4.502376843669284,0.5020805354103722,42.0
106,1727,421.95,422.95,5.318119993844216,5.313205979041787,5.438079308923196,5.271671279656031,0.1791547307945117,150.0
106,1754,292.03,292.03,6.133398042996649,6.214608098422191,6.186208623900494,6.213745764892479,0.0788851822950653,460.0
106,1770,426.83,484.03,2.70805020110221,2.70805020110221,4.219507705176107,2.408902026845132,1.7568988927146274,26.0
106,1778,161.02,152.35,5.241747015059643,5.556828061699537,5.0106352940962555,5.297276931098974,0.2305355527457575,285.0
106,1878,321.13,321.13,4.564348191467836,4.68213122712422,4.394449154672439,4.55390988794197,0.1188978284432568,69.0
106,1885,118.34,120.31,6.610696044717759,6.647688373563329,6.555356891810665,6.567234968357969,0.0837752157448237,756.0
106,1902,445.23,446.23,2.70805020110221,0.0,0.0,0.6770125502755525,1.3540251005511057,0.0
106,1962,512.19,513.19,5.318119993844216,5.497168225293202,6.2422232654551655,5.837732690859767,0.5024089972369469,229.0
106,1971,290.06,289.06,5.556828061699537,5.3230099791384085,5.700443573390687,5.488890005478199,0.1730070035879279,257.0
106,1993,117.37,118.37,6.1903154058531475,6.473890696352274,6.2422232654551655,6.227579108691781,0.1934860568283633,256.0
106,2104,582.03,581.03,4.007333185232471,2.70805020110221,4.406719247264253,3.7823589547078513,0.7405385161702962,40.0
106,2126,436.53,507.31,2.6390573296152584,2.70805020110221,3.295836866004329,3.2654462511295996,0.8234673782338081,41.0
106,2139,284.24,283.24,3.7612001156935624,3.737669618283368,3.7612001156935624,3.7434104790937,0.022775942552604,55.0
106,2290,261.96,261.96,6.364750756851911,6.2166061010848646,6.410174881966167,6.280689557346521,0.1294586582345972,204.0
106,2304,484.09,482.09,3.295836866004329,0.0,4.406719247264253,2.585403360720961,1.8716389083732248,13.0
106,2306,241.53,336.62,2.70805020110221,0.0,3.367295829986474,2.2119836883321167,1.50421385572174,42.0
106,2322,351.17,351.17,4.418840607796598,4.6913478822291435,4.574710978503383,4.647543561741888,0.2049014599571773,203.0
106,2444,728.53,726.53,3.295836866004329,4.23410650459726,2.70805020110221,3.3925495204697507,0.6297492446864905,13.0
106,2490,281.36,280.36,4.700480365792417,5.375278407684165,5.318119993844216,5.12190724203189,0.306099015867562,190.0
106,2492,446.23,445.23,3.367295829986474,0.0,2.6390573296152584,2.3255475064015156,1.5846304116767356,42.0
106,2539,121.28,119.31,5.0106352940962555,4.804021044733257,5.241747015059643,5.240441300485932,0.4779799436773895,269.0
106,2569,243.47,283.24,6.18826412308259,6.100318952020064,5.176149732573829,5.677939219959242,0.5404679142670592,404.0
106,2577,320.13,321.13,3.737669618283368,2.772588722239781,3.737669618283368,3.5592280013426985,0.5376412791520836,42.0
106,2581,513.19,511.19,4.418840607796598,5.318119993844216,6.295266001439646,5.534254958873861,0.8554755453702981,134.0
106,2631,155.26,154.26,3.7612001156935624,4.02535169073515,3.713572066704308,3.5520435185588073,0.5791324833321198,15.0
106,2640,320.13,319.13,5.017279836814924,4.23410650459726,4.553876891600541,4.746761695826202,0.4329911358838963,163.0
106,2664,235.71,332.77,6.100318952020064,5.438079308923196,4.418840607796598,5.301065735225086,0.6925364252147409,474.0
106,2704,321.13,321.13,3.332204510175204,4.812184355372417,0.0,3.09462384253622,2.151090897879589,68.0
106,2707,206.64,206.64,5.648974238161206,6.163314804034641,5.971261839790462,5.947476010397011,0.2158100841367111,392.0
106,2760,183.36,261.93,4.406719247264253,5.176149732573829,4.418840607796598,4.434844801479512,0.5878303093990855,54.0
106,2826,327.92,325.92,5.823045895483019,6.07073772800249,5.934894195619588,5.975430588301375,0.120383037328728,404.0
106,2867,728.53,728.53,2.70805020110221,4.68213122712422,0.0,1.8475453570566085,2.280511151341281,15.0
106,2956,581.03,582.03,3.295836866004329,4.02535169073515,2.6390573296152584,3.430361500512075,0.6076530490131771,67.0
108,1062,189.15,191.15,6.129050210060545,6.342121418721152,6.267200548541362,6.263884216017586,0.095133372468835,540.0
108,1109,290.06,291.06,6.610696044717759,6.716594773520978,6.473890696352274,6.594064338797658,0.1001541952486394,999.0
108,1198,198.88,234.74,4.553876891600541,5.602118820879701,5.786897381366708,5.409156308162412,0.5751548004606312,163.0
108,1207,369.63,368.63,4.418840607796598,4.219507705176107,4.912654885736052,4.442627725971216,0.327137303114404,95.0
108,1216,387.09,387.09,4.90527477843843,4.700480365792417,3.9889840465642745,4.405022720382568,0.4671850492350569,53.0
108,1230,388.0,389.0,3.295836866004329,4.219507705176107,4.248495242049359,4.045670105256598,0.5075640051311388,41.0
108,1247,446.23,445.23,4.553876891600541,3.332204510175204,3.737669618283368,3.907771051322896,0.5123724934590407,27.0
108,1248,160.05,161.05,3.7612001156935624,3.713572066704308,3.737669618283368,3.907820602119459,0.3412344570591386,55.0
108,1311,188.18,190.18,5.099866427824199,5.375278407684165,5.605802066295998,5.29520333240714,0.2444017210510026,122.0
108,1438,194.0,195.0,4.6913478822291435,4.02535169073515,3.9889840465642745,4.275033193550252,0.3325372455931075,148.0
108,1445,727.53,727.53,5.8664680569332965,6.161207321695077,3.713572066704308,4.990188787627197,1.20593661358216,55.0
108,1525,321.13,321.13,5.54907608489522,6.07073772800249,6.100318952020064,5.886533218074556,0.2563703153255291,298.0
108,1543,485.03,486.03,4.919980925828125,5.003946305945459,5.241747015059643,4.719811578384383,0.6845277851642988,94.0
108,1558,564.6,562.6,4.02535169073515,4.219507705176107,6.100318952020064,5.088497883343479,1.1189557463552868,55.0
108,1571,639.23,639.23,5.176149732573829,5.318119993844216,4.68213122712422,5.107168595397224,0.2892352368341784,123.0
108,1727,465.63,464.63,5.746203190540153,6.07073772800249,6.100318952020064,5.988782697621211,0.163718695607724,458.0
108,1754,319.16,318.16,6.576469569048224,6.4967749901858625,6.431331081933479,6.455435081978712,0.109632781117143,541.0
108,1770,485.03,484.03,3.737669618283368,0.0,2.70805020110221,2.5458473594172366,1.7652694914903635,41.0
108,1778,182.36,182.36,6.386879319362645,6.4967749901858625,6.342121418721152,6.346745762491184,0.1397203983176919,377.0
108,1803,203.73,204.73,5.0106352940962555,5.44673737166631,0.0,4.002583062671046,2.6786868364802583,134.0
108,1847,194.0,195.0,4.219507705176107,2.772588722239781,4.02535169073515,3.69466205846115,0.6427713787964909,27.0
108,1878,320.13,320.13,4.700480365792417,4.23410650459726,5.176149732573829,4.6687711986078355,0.3908435358949064,189.0
108,1885,157.14,144.56,7.247792581767846,7.303843225277705,7.455298485683291,7.332196001629299,0.0879186830040522,1473.0
108,1902,446.23,447.23,4.007333185232471,4.219507705176107,2.70805020110221,3.730968784518766,0.6899231509683329,68.0
108,1962,564.6,562.6,5.652489180268651,5.973809611869261,7.126087273299125,6.3626635298881125,0.6710690935866289,325.0
108,1971,340.47,341.47,5.44673737166631,5.54907608489522,5.552959584921617,5.432639147943808,0.1743194946321998,231.0
108,1993,159.14,145.56,6.947937068614969,7.091742115095153,7.010311867307229,6.9929123087921194,0.0756527103673227,365.0
108,2126,476.33,476.33,4.02535169073515,2.6390573296152584,4.23410650459726,3.7264621775450344,0.7322056928996272,67.0
108,2139,290.03,292.03,3.737669618283368,3.332204510175204,4.418840607796598,3.5319430164676073,0.745218333304973,40.0
108,2290,289.06,290.06,6.894670039433482,6.839476438228843,6.922643891475888,6.846653609906921,0.0852071074328298,878.0
108,2304,485.03,484.03,4.394449154672439,3.9889840465642745,4.248495242049359,4.363052502222778,0.3478959334646119,54.0
108,2306,242.5,336.62,2.772588722239781,3.295836866004329,2.6390573296152584,3.281580881413992,0.8094179907121314,122.0
108,2322,384.15,384.15,5.181783550292085,5.093750200806762,5.017279836814924,4.993736203759498,0.2183396194499532,202.0
108,2444,727.53,726.53,5.556828061699537,5.438079308923196,3.332204510175204,3.581777970199484,2.597312576737518,26.0
108,2490,292.03,291.03,5.501258210544727,5.783825182329737,5.501258210544727,5.584825297085202,0.1348867350097567,149.0
108,2492,293.0,389.03,4.912654885736052,4.700480365792417,6.61338421837956,5.458080384051007,0.8617802130661597,121.0
108,2494,195.0,195.0,4.248495242049359,4.23410650459726,4.804021044733257,4.376532624138995,0.2852378806409163,68.0
108,2539,160.11,151.38,6.53813982376767,6.517671272912275,6.763884908562435,6.589096900708421,0.1168979718683365,647.0
108,2569,235.71,339.56,6.340359303727752,5.247024072160486,5.375278407684165,5.6640984805937755,0.4883901962195645,526.0
108,2577,320.13,319.13,4.90527477843843,5.6937321388027,5.44673737166631,5.32187282599177,0.3335888597727841,216.0
108,2581,563.6,563.6,5.017279836814924,5.501258210544727,6.244166900663736,5.70836066900647,0.5594311383577881,271.0
108,2631,160.08,160.08,3.295836866004329,4.418840607796598,2.772588722239781,3.822821810193492,0.9484536564662336,150.0
108,2640,321.13,319.13,5.442417710521793,5.099866427824199,5.780743515792329,5.426880679231852,0.2794012452518596,94.0
108,2664,242.53,339.56,6.2422232654551655,5.241747015059643,5.442417710521793,5.434643086602255,0.599141039754413,634.0
108,2704,319.13,321.13,5.823045895483019,5.739792912179234,5.697093486505405,5.716433590115914,0.0904161033837656,310.0
108,2707,239.65,237.65,6.894670039433482,6.57507584059962,6.934397209928558,6.767456701936017,0.1745666086418097,933.0
108,2760,163.99,241.53,6.2166061010848646,5.3230099791384085,5.0106352940962555,5.49924718649646,0.5122376491581604,460.0
108,2826,378.33,377.33,6.29156913955832,6.516193076042964,6.683360945766275,6.491638969517912,0.1608838088126051,432.0
108,2867,728.53,727.53,5.438079308923196,5.780743515792329,3.295836866004329,4.305677472955517,1.530832529491737,68.0
108,2956,640.23,639.23,4.90527477843843,5.241747015059643,4.700480365792417,4.914921628665726,0.2334151505060454,123.0
109,1062,188.24,187.24,6.102558594613569,6.2166061010848646,6.47543271670409,6.231998863849793,0.1692866238404511,528.0
109,1109,282.33,282.33,6.008813185442595,6.159095388491933,6.133398042996649,6.142600725159359,0.1068597139446492,431.0
109,1198,192.12,227.01,5.697093486505405,4.700480365792417,4.804021044733257,5.003444813100874,0.4652190668667922,217.0
109,1207,380.24,382.24,4.406719247264253,5.181783550292085,4.574710978503383,4.713640414572216,0.3332451268300803,162.0
109,1216,355.08,417.13,5.170483995038151,5.384495062789089,3.295836866004329,4.459949992598961,0.9893786685372143,53.0
109,1230,369.6,368.6,4.574710978503383,5.313205979041787,4.804021044733257,4.679322423253394,0.5341595834770257,108.0
109,1247,445.23,445.23,2.70805020110221,3.295836866004329,2.70805020110221,3.232861243346214,0.7137437518262648,0.0
109,1248,163.02,163.02,4.219507705176107,3.332204510175204,3.9889840465642745,3.7091332819799785,0.4660785802000112,68.0
109,1311,149.41,148.41,6.269096283706261,6.042632833682381,5.8289456176102075,6.0188922326546095,0.1882383861777143,433.0
109,1438,195.0,195.0,0.0,0.0,3.737669618283368,1.996541215083181,2.314820274020662,0.0
109,1445,728.53,726.53,5.501258210544727,5.497168225293202,2.6390573296152584,4.415708864047085,1.3731765037390953,28.0
109,1525,319.13,321.13,4.394449154672439,4.919980925828125,4.6913478822291435,4.6061546426315765,0.2487640015330666,82.0
109,1543,486.03,484.03,4.007333185232471,4.574710978503383,4.02535169073515,4.290318186517886,0.3165597394900615,41.0
109,1558,564.6,562.6,4.02535169073515,4.564348191467836,6.342121418721152,5.234543615131468,1.1156053035407745,67.0
109,1727,464.63,465.63,5.093750200806762,5.860786223465865,5.093750200806762,5.42519395133701,0.3920517262490575,216.0
109,1754,318.22,316.22,5.937536205082426,6.218600119691729,6.068425588244111,6.041183291434675,0.1331227806184366,447.0
109,1770,486.03,485.03,2.772588722239781,0.0,2.70805020110221,2.19411894733658,1.4862360671002277,26.0
109,1778,189.15,189.15,6.131226489483141,6.214608098422191,6.161207321695077,6.2118503033320405,0.09235272882645,378.0
109,1803,183.39,206.61,6.18826412308259,6.008813185442595,6.159095388491933,6.135595330229402,0.0855602559836092,757.0
109,1847,194.0,196.0,3.295836866004329,3.332204510175204,4.394449154672439,3.8603327846621425,0.6310801327114348,14.0
109,1878,321.13,319.13,4.248495242049359,4.418840607796598,4.248495242049359,4.226203784614897,0.1773658816453085,69.0
109,1885,157.14,150.35,6.683360945766275,6.921658184151129,7.0587581525186645,6.848698845729538,0.1738134597760045,663.0
109,1902,447.23,446.23,0.0,0.0,3.367295829986474,0.8418239574966185,1.683647914993236,27.0
109,1962,564.6,563.6,5.375278407684165,5.241747015059643,6.8658910748834385,6.090568075521921,0.9047003806533044,123.0
109,1971,344.35,345.35,5.093750200806762,5.170483995038151,4.394449154672439,4.892834559063351,0.3493981306254091,80.0
109,1993,157.14,159.14,6.218600119691729,6.386879319362645,6.517671272912275,6.438128491351025,0.1767455533826435,203.0
109,2126,486.03,485.03,3.9889840465642745,4.02535169073515,2.70805020110221,3.373743665160354,0.7320402537636624,26.0
109,2139,284.21,284.21,2.70805020110221,4.007333185232471,3.7612001156935624,3.7177581641751702,0.7218406479930797,68.0
109,2290,299.79,299.79,6.068425588244111,6.07073772800249,6.2422232654551655,6.155902461789233,0.0996791478984257,42.0
109,2304,485.03,485.03,2.6390573296152584,4.564348191467836,3.737669618283368,3.741606707525403,0.8109758311849198,69.0
109,2306,244.5,336.62,2.6390573296152584,0.0,4.248495242049359,2.563712100412773,1.8314418438437037,94.0
109,2322,381.27,381.27,5.375278407684165,2.772588722239781,5.313205979041787,4.754475292666317,1.325295040299305,189.0
109,2444,484.03,728.53,5.598421958998375,6.133398042996649,3.332204510175204,4.459153308602502,1.6548456309346955,0.0
109,2490,290.03,291.03,4.912654885736052,5.3230099791384085,6.51471269087253,5.413913083546355,0.7593848071905677,163.0
109,2492,389.03,387.03,4.553876891600541,4.564348191467836,3.332204510175204,4.211219686979005,0.5911442067279924,54.0
109,2494,195.0,196.0,2.772588722239781,0.0,0.0,0.6931471805599453,1.386294361119888,15.0
109,2539,160.11,158.11,5.093750200806762,5.44673737166631,5.438079308923196,5.325394215133669,0.1644047099430721,216.0
109,2569,243.53,339.56,6.042632833682381,5.0106352940962555,4.219507705176107,5.023264349639945,0.7586168012545902,499.0
109,2577,321.13,320.13,3.713572066704308,3.737669618283368,3.295836866004329,3.346533970151816,0.513419079256556,0.0
109,2581,564.6,562.6,4.812184355372417,5.099866427824199,6.413458957167357,5.6843320020184676,0.8491375837602894,80.0
109,2631,159.11,160.11,4.02535169073515,5.0106352940962555,4.804021044733257,4.51852863354048,0.4646842392275387,40.0
109,2640,319.13,319.13,3.9889840465642745,4.418840607796598,3.737669618283368,3.964766584837137,0.3273333784472269,14.0
109,2664,257.05,339.56,6.102558594613569,4.564348191467836,4.418840607796598,5.043335932277597,0.7623068712402915,258.0
109,2704,320.13,319.13,4.553876891600541,4.406719247264253,4.007333185232471,4.065941547525399,0.5629406425987092,96.0
109,2707,241.59,241.59,6.434546518787453,6.161207321695077,6.39024066706535,6.344058793653308,0.1236772952228761,418.0
109,2760,163.99,243.53,5.093750200806762,4.564348191467836,4.418840607796598,4.623944901966949,0.3206266414874305,148.0
109,2826,379.33,377.33,6.037870919922137,6.39024066706535,5.648974238161206,5.932393751354336,0.3556320292514197,499.0
109,2867,726.53,728.53,5.552959584921617,4.820281565605037,3.332204510175204,3.4263614151754647,2.46402456910801,26.0
110,1062,157.2,158.17,5.823045895483019,6.131226489483141,5.598421958998375,5.8976413159716685,0.2375731995644598,595.0
110,1109,292.97,291.97,6.073044534100405,5.937536205082426,5.863631175598097,5.925789383097784,0.1081117091976743,485.0
110,1207,340.47,342.47,4.553876891600541,5.25227342804663,4.219507705176107,4.778313590013916,0.4771196890655131,108.0
110,1216,291.03,414.25,3.737669618283368,4.394449154672439,3.367295829986474,3.534617983139385,0.7327039413821619,0.0
110,1230,352.17,351.17,5.438079308923196,5.241747015059643,5.739792912179234,5.333068530474531,0.3471499378863135,297.0
110,1247,447.23,445.23,2.70805020110221,2.6390573296152584,4.02535169073515,2.3431148053631548,1.6872924811012078,26.0
110,1248,150.41,150.41,4.02535169073515,4.553876891600541,4.007333185232471,3.979691569435841,0.5005920433847298,41.0
110,1445,728.53,727.53,4.394449154672439,3.9889840465642745,3.713572066704308,3.6840156493890706,0.750673688667689,14.0
110,1525,320.13,319.13,3.367295829986474,3.367295829986474,3.367295829986474,3.4598892770606984,0.1851868941484781,26.0
110,1543,482.09,483.09,4.68213122712422,4.02535169073515,3.7612001156935624,4.057470787311624,0.4346588406071189,13.0
110,1558,512.19,512.19,5.241747015059643,5.442417710521793,6.267200548541362,5.704458332764023,0.4566884435368146,107.0
110,1571,583.03,581.03,2.6390573296152584,4.23410650459726,5.247024072160486,4.233093065436355,1.140811664650809,54.0
110,1727,447.23,446.23,5.700443573390687,5.493061443340548,5.384495062789089,5.488319621801122,0.1511918327297829,339.0
110,1754,329.83,329.83,5.976350909297934,6.340359303727752,6.042632833682381,6.157109832603583,0.1750239083996607,512.0
110,1770,484.03,485.03,3.713572066704308,2.6390573296152584,3.367295829986474,2.42998130657651,1.6807424638139037,0.0
110,1778,157.2,152.29,5.937536205082426,5.82600010738045,5.648974238161206,5.698101976041135,0.2431422069809332,405.0
110,1878,320.13,321.13,4.394449154672439,4.23410650459726,5.0106352940962555,4.548266961241624,0.3347499846562826,68.0
110,1885,117.37,118.37,5.937536205082426,6.2422232654551655,6.456769655572163,6.199434111951208,0.214557136744353,418.0
110,1902,447.23,446.23,2.70805020110221,0.0,3.367295829986474,2.351887635315972,1.5969034827187023,0.0
110,1962,513.19,511.19,5.700443573390687,5.823045895483019,6.699500340161678,6.152467282099507,0.4715358074144304,296.0
110,1971,292.03,290.03,5.8289456176102075,5.823045895483019,5.501258210544727,5.648916858539937,0.205893378604143,351.0
110,1993,118.34,118.34,5.973809611869261,5.739792912179234,5.937536205082426,5.9598507130533775,0.1837488410202847,312.0
110,2104,582.03,581.03,4.219507705176107,4.564348191467836,3.9889840465642745,4.334297033669014,0.2818183335698168,28.0
110,2126,436.53,436.53,3.332204510175204,4.02535169073515,3.295836866004329,3.7218748928779855,0.4788287092410255,27.0
110,2139,282.33,281.33,3.9889840465642745,3.737669618283368,3.332204510175204,3.705014572679102,0.2731600093046918,42.0
110,2290,231.89,260.96,6.699500340161678,6.893656354602635,6.556778356158042,6.6951546091411815,0.1445987025972381,352.0
110,2304,484.09,482.09,3.367295829986474,0.0,3.332204510175204,2.5079262125842203,1.6720326403153851,28.0
110,2306,242.53,335.62,3.332204510175204,2.772588722239781,2.772588722239781,2.2193454886636914,1.502897839820003,14.0
110,2322,359.87,361.87,5.8664680569332965,5.8998973535824915,5.605802066295998,5.654797887243068,0.3019702434975201,202.0
110,2444,728.53,727.53,5.003946305945459,4.406719247264253,4.02535169073515,4.299304339909606,0.5393404839028608,41.0
110,2490,254.14,255.14,4.804021044733257,5.648974238161206,5.552959584921617,5.332241211738622,0.3777733759693643,217.0
110,2492,456.93,454.93,3.737669618283368,3.332204510175204,3.737669618283368,3.642185965608876,0.2069517870497711,14.0
110,2539,117.4,118.4,5.003946305945459,4.406719247264253,4.700480365792417,4.6983192865315875,0.2440663717294043,107.0
110,2569,235.77,302.64,6.6293632534374485,5.780743515792329,5.0106352940962555,5.8003713947795905,0.6612314566298788,364.0
110,2577,320.13,319.13,2.70805020110221,4.406719247264253,2.6390573296152584,3.3728740990662724,0.852914498982759,28.0
110,2581,512.19,513.19,4.912654885736052,5.017279836814924,6.317164686747284,5.497525649276936,0.6594890001866365,270.0
110,2631,154.26,153.26,4.564348191467836,5.099866427824199,4.418840607796598,4.579290432921473,0.3724328699262701,81.0
110,2640,320.13,319.13,5.44673737166631,4.804021044733257,4.23410650459726,4.915253663392663,0.5250002661787684,204.0
110,2664,244.44,339.53,6.29156913955832,5.181783550292085,5.181783550292085,5.539098612671805,0.5237658183682415,352.0
110,2704,319.13,321.13,4.23410650459726,4.700480365792417,4.406719247264253,4.5634902508474955,0.3020778231448617,81.0
110,2707,202.76,201.76,6.073044534100405,6.244166900663736,6.267200548541362,6.212903132961717,0.0938691811754269,636.0
110,2760,182.36,262.93,4.574710978503383,2.772588722239781,4.248495242049359,3.827341752374208,0.7876925199563726,109.0
110,2826,327.92,327.92,6.042632833682381,6.040254711277414,5.976350909297934,5.889101669887733,0.263086370448243,122.0
110,2867,726.53,726.53,4.700480365792417,4.804021044733257,0.0,3.2000845691325006,2.2415403570129686,13.0
110,2956,582.03,582.03,4.23410650459726,4.564348191467836,4.394449154672439,4.360349773196724,0.1540853891829929,41.0
113,1062,155.23,157.17,6.386879319362645,6.295266001439646,6.476972362889683,6.357053491849559,0.0945591174061505,648.0
113,1109,293.0,293.0,5.501258210544727,6.037870919922137,5.3230099791384085,5.354004000301454,0.6138734358187711,283.0
113,1207,338.59,338.59,3.737669618283368,4.007333185232471,3.295836866004329,3.961215178563356,0.6338110956571384,82.0
113,1216,413.25,413.25,5.3230099791384085,4.6913478822291435,3.713572066704308,4.108995032293517,1.1448395629589263,42.0
113,1230,369.63,367.63,4.219507705176107,4.6913478822291435,5.017279836814924,4.755471406256734,0.3976368160198941,81.0
113,1247,389.03,445.23,0.0,0.0,0.0,0.0,0.0,0.0
113,1248,150.38,151.38,3.367295829986474,4.248495242049359,2.772588722239781,3.2741074988444563,0.714156258994557,53.0
113,1445,727.53,726.53,2.772588722239781,3.713572066704308,0.0,1.6215401972360222,1.9113952384134487,27.0
113,1525,321.13,319.13,3.332204510175204,3.737669618283368,0.0,2.444481082390195,1.6837800644290497,42.0
113,1543,484.09,482.09,4.912654885736052,5.099866427824199,5.0106352940962555,4.98395287334814,0.0900272361812509,121.0
113,1558,548.08,547.08,5.780743515792329,5.438079308923196,6.431331081933479,5.857724355610333,0.4151219664509976,204.0
113,1571,581.03,581.03,0.0,2.772588722239781,0.0,1.3862943611198906,1.600754845137258,0.0
113,1727,446.23,445.23,5.241747015059643,5.7430031878094825,5.442417710521793,5.4375444731323315,0.2196842959924059,162.0
113,1754,330.83,330.83,6.410174881966167,6.933423025730715,6.498282149476434,6.574662428186369,0.2418663350023166,904.0
113,1770,486.03,485.03,0.0,0.0,2.6390573296152584,0.6597643324038146,1.319528664807628,14.0
113,1778,153.29,156.17,6.07073772800249,5.971261839790462,5.934894195619588,5.908221393558098,0.1776859191574896,487.0
113,1878,319.13,321.13,4.02535169073515,3.295836866004329,3.367295829986474,3.349133646957041,0.5389586375695697,80.0
113,1885,138.71,139.71,5.493061443340548,5.556828061699537,5.375278407684165,5.40032941132452,0.1673072408068177,177.0
113,1902,445.23,447.23,0.0,0.0,0.0,0.9344174045708424,1.868834809141684,15.0
113,1962,549.08,547.08,5.384495062789089,5.552959584921617,6.553933404025811,5.786844965639093,0.5234930868914621,243.0
113,1971,327.86,328.86,5.493061443340548,5.652489180268651,5.176149732573829,5.454717145369058,0.1999883001856071,352.0
113,1993,130.95,130.95,4.90527477843843,3.9889840465642745,5.093750200806762,4.843126022149638,0.6025816402379506,215.0
113,2104,583.03,582.03,4.007333185232471,0.0,2.70805020110221,2.338610178987485,1.6813177828810013,14.0
113,2126,437.53,437.53,4.007333185232471,4.418840607796598,3.295836866004329,3.932335961066467,0.4665715509866069,14.0
113,2139,281.33,280.33,3.9889840465642745,4.418840607796598,3.713572066704308,3.958742196942372,0.3330775198363531,82.0
113,2290,298.79,299.79,6.343880434126331,6.455198563340122,6.536691597591305,6.487288703359329,0.1153782672163821,217.0
113,2304,484.09,482.09,4.804021044733257,4.406719247264253,4.007333185232471,4.238935773878337,0.4663261287593401,55.0
113,2306,242.53,337.62,0.0,3.332204510175204,2.772588722239781,2.2032108583792995,1.4953058400754382,67.0
113,2322,340.47,340.47,3.9889840465642745,4.804021044733257,3.7612001156935624,4.200675112260113,0.4488000515996502,107.0
113,2444,582.03,728.53,2.772588722239781,3.737669618283368,2.6390573296152584,2.2873289175346017,1.601515082577094,0.0
113,2490,291.03,291.03,5.863631175598097,5.976350909297934,6.131226489483141,5.9162351782954685,0.184490242455166,365.0
113,2492,454.93,455.93,3.737669618283368,2.772588722239781,3.7612001156935624,3.626391240203493,0.6134201639434788,15.0
113,2539,131.01,130.01,4.406719247264253,4.248495242049359,4.820281565605037,4.573944405130922,0.2916878493840754,80.0
113,2569,249.32,322.07,7.102499355774649,6.456769655572163,5.54907608489522,6.233586300905621,0.6927003796007295,999.0
113,2577,213.46,282.33,0.0,0.0,0.0,0.0,0.0,0.0
113,2581,549.08,547.08,5.176149732573829,5.003946305945459,5.976350909297934,5.453109689659268,0.4447460294421221,176.0
113,2631,149.44,147.44,4.700480365792417,5.017279836814924,5.25227342804663,4.79738533395752,0.4466952343720269,175.0
113,2640,320.13,321.13,4.23410650459726,3.713572066704308,3.713572066704308,3.7571366169980873,0.3574315099795633,28.0
113,2664,246.38,315.28,6.999422467507961,6.410174881966167,5.746203190540153,6.16324219132687,0.6776796845082638,863.0
113,2704,321.13,321.13,3.9889840465642745,4.248495242049359,3.9889840465642745,4.111492760088503,0.1419550142409111,13.0
113,2707,207.64,228.92,5.093750200806762,5.176149732573829,5.318119993844216,5.189625980565739,0.0935430408290877,242.0
113,2760,182.36,261.93,2.772588722239781,0.0,2.6390573296152584,2.1859626405075607,1.4879211500770737,69.0
113,2826,325.92,326.92,5.087596335232384,6.100318952020064,5.746203190540153,5.487849578651881,0.5239287047204244,95.0
113,2867,582.03,727.53,3.332204510175204,0.0,0.0,0.8330511275438007,1.666102255087604,0.0
124,1062,192.06,192.06,6.129050210060545,5.786897381366708,6.073044534100405,6.006715761362449,0.1512789779623554,350.0
124,1109,309.43,309.43,6.186208623900494,6.131226489483141,6.0063531596017325,6.106586716899734,0.0752988672892904,406.0
124,1198,171.75,195.03,4.564348191467836,3.295836866004329,3.367295829986474,3.9054825105327695,0.6669595389040108,80.0
124,1207,388.0,389.0,5.3230099791384085,4.68213122712422,4.406719247264253,4.8311288348157335,0.3876928948804106,136.0
124,1216,416.13,417.13,4.007333185232471,4.219507705176107,2.772588722239781,3.582908530705891,0.6595113075121016,14.0
124,1230,384.18,383.18,5.937536205082426,5.241747015059643,4.700480365792417,5.265386784056643,0.5093958660202318,175.0
124,1247,447.23,446.23,0.0,0.0,0.0,0.6770125502755525,1.3540251005511057,0.0
124,1248,159.11,158.11,3.295836866004329,3.332204510175204,3.737669618283368,3.653551559128065,0.4443187899362859,0.0
124,1311,84.39,171.75,0.0,4.406719247264253,3.713572066704308,3.0319061248002583,2.041134674462218,53.0
124,1438,195.0,194.0,3.295836866004329,0.0,3.7612001156935624,2.4240235778282875,1.680300501213272,55.0
124,1445,485.03,726.53,5.093750200806762,4.007333185232471,2.6390573296152584,3.628182359473569,1.154996860456171,0.0
124,1525,321.13,320.13,2.772588722239781,4.02535169073515,3.295836866004329,3.520690331385884,0.601164755508542,108.0
124,1543,486.03,485.03,4.574710978503383,3.367295829986474,3.332204510175204,3.7529702342371074,0.5777197995208594,67.0
124,1558,563.6,562.6,5.384495062789089,5.017279836814924,5.973809611869261,5.5503961547134315,0.4347308267336733,96.0
124,1571,592.73,592.73,3.367295829986474,3.332204510175204,3.295836866004329,3.191981482101447,0.2811131717336869,0.0
124,1727,465.63,466.63,5.971261839790462,6.267200548541362,5.384495062789089,5.861500836650983,0.3677195601886194,284.0
124,1754,318.16,320.16,6.959398512133975,6.2166061010848646,6.102558594613569,6.359414649081085,0.4026900198184859,676.0
124,1770,486.03,486.03,0.0,2.70805020110221,0.0,0.6770125502755525,1.3540251005511024,15.0
124,1778,191.15,189.15,6.498282149476434,5.973809611869261,6.29156913955832,6.238494076689291,0.2180870279664096,404.0
124,1803,190.18,255.14,4.007333185232471,3.7612001156935624,3.295836866004329,2.766092541732591,1.867513000165136,123.0
124,1847,196.0,194.0,4.007333185232471,3.9889840465642745,3.295836866004329,3.664862481946887,0.386034017861842,40.0
124,1878,319.13,321.13,0.0,0.0,0.0,0.0,0.0,13.0
124,1885,159.14,151.38,6.646390514847729,6.364750756851911,6.368187186350492,6.412579222477108,0.1622486645282519,850.0
124,1902,445.23,446.23,0.0,0.0,0.0,0.9403000289233906,1.880600057846781,0.0
124,1962,563.6,564.6,5.937536205082426,5.442417710521793,6.593044534142437,6.131732963443117,0.5489169567299665,352.0
124,1971,346.35,346.35,6.161207321695077,5.44673737166631,4.919980925828125,5.424602403556916,0.5361267771624305,215.0
124,1993,158.14,150.38,6.665683717782408,6.340359303727752,6.29156913955832,6.36470487069089,0.2144302999756212,176.0
124,2104,641.23,639.23,3.332204510175204,2.6390573296152584,3.295836866004329,2.316774676448698,1.5770195019091495,26.0
124,2126,485.03,507.31,3.737669618283368,3.295836866004329,2.6390573296152584,3.077905285879554,0.5378841899401302,14.0
124,2139,291.03,292.03,2.772588722239781,3.332204510175204,0.0,2.4545913247798232,1.6814059918405826,42.0
124,2290,275.51,274.51,6.646390514847729,5.971261839790462,6.39024066706535,6.418394184871487,0.3234472621373656,175.0
124,2304,485.03,484.03,2.70805020110221,3.713572066704308,3.367295829986474,3.2711887409493308,0.4174015351349718,0.0
124,2306,290.03,337.62,3.367295829986474,2.772588722239781,2.772588722239781,3.2299516149246266,0.5892218513925284,0.0
124,2322,383.21,383.21,6.003887067106539,4.574710978503383,5.44673737166631,5.35245762001633,0.5885477132262348,231.0
124,2444,484.03,728.53,5.3230099791384085,4.248495242049359,0.0,2.3928763052969426,2.7976608687685864,0.0
124,2490,292.03,292.03,6.53813982376767,5.902633333401366,6.342121418721152,6.040697982357662,0.5144653509262994,324.0
124,2492,389.03,388.03,3.737669618283368,3.295836866004329,3.737669618283368,3.3859412062027117,0.4588920764317898,28.0
124,2494,194.0,194.0,3.295836866004329,0.0,3.737669618283368,2.418140953475739,1.6740883816017178,13.0
124,2539,156.2,157.2,5.087596335232384,4.219507705176107,4.90527477843843,4.481487721387807,0.6338483265215333,81.0
124,2569,270.69,333.74,6.343880434126331,5.976350909297934,5.783825182329737,5.9494471661391755,0.2881679088180105,365.0
124,2577,321.13,319.13,2.70805020110221,2.6390573296152584,0.0,2.0137894329549195,1.34292018269291,14.0
124,2581,563.6,564.6,5.934894195619588,5.003946305945459,6.068425588244111,5.761284252432825,0.5081132296249761,95.0
124,2631,162.99,163.99,3.9889840465642745,4.700480365792417,4.219507705176107,4.2290763256913175,0.3312238167559672,121.0
124,2640,320.13,321.13,2.6390573296152584,3.295836866004329,3.332204510175204,3.009921857008643,0.3556594885744064,15.0
124,2664,263.87,336.59,6.807934943699926,6.008813185442595,5.6937321388027,6.001912123309605,0.5771948593799755,432.0
124,2704,320.13,321.13,3.367295829986474,3.7612001156935624,2.6390573296152584,3.274939446367624,0.4664062942924409,53.0
124,2707,241.53,242.53,5.82600010738045,5.605802066295998,5.786897381366708,5.692914784991193,0.133816435515109,297.0
124,2760,163.99,241.53,3.7612001156935624,2.772588722239781,2.772588722239781,3.150553606544363,0.4759941498765763,41.0
124,2826,377.33,377.33,5.940171252720432,6.476972362889683,5.973809611869261,6.091190709837159,0.2576761563022269,338.0
124,2867,727.53,727.53,5.37989735354046,4.219507705176107,0.0,3.2416752221757603,2.3131788395368704,15.0
124,2956,485.03,629.53,0.0,0.0,0.0,0.0,0.0,0.0
126,1062,191.09,193.09,6.186208623900494,6.129050210060545,6.495265555937008,6.204219387374946,0.2080334181062624,460.0
126,1109,280.39,280.39,6.163314804034641,6.102558594613569,6.073044534100405,6.0691135344577605,0.0954297256317437,540.0
126,1198,170.75,197.94,5.552959584921617,5.655991810819852,5.860786223465865,5.793074053455226,0.2427702057698918,296.0
126,1207,378.33,377.33,4.23410650459726,3.7612001156935624,5.017279836814924,4.428266705724541,0.5488511530344703,215.0
126,1216,436.56,434.56,4.820281565605037,4.564348191467836,2.6390573296152584,3.665686104075847,1.190044468104788,42.0
126,1230,372.51,373.51,4.406719247264253,4.90527477843843,4.23410650459726,4.524994355475121,0.2852204667696126,135.0
126,1247,446.23,447.23,0.0,3.295836866004329,0.0,1.500971766776635,1.7497058381682944,15.0
126,1248,163.93,148.44,3.713572066704308,3.7612001156935624,3.332204510175204,3.361508505547084,0.518490295655311,26.0
126,1311,192.12,190.12,5.655991810819852,6.102558594613569,6.040254711277414,5.916318293411033,0.2002503508783818,432.0
126,1438,195.0,195.0,3.713572066704308,3.332204510175204,0.0,1.7614441442198778,2.0398907241494153,96.0
126,1445,726.53,728.53,5.863631175598097,5.099866427824199,0.0,2.740874400855574,3.1802116397095683,67.0
126,1525,319.13,320.13,3.9889840465642745,4.02535169073515,5.241747015059643,4.372547314239082,0.5894459429471299,68.0
126,1543,485.03,483.09,3.9889840465642745,3.737669618283368,3.7612001156935624,3.806380849706143,0.1222397819533071,80.0
126,1558,563.6,564.6,5.313205979041787,4.6913478822291435,6.593044534142437,5.752764338145182,0.9059809842259466,134.0
126,1571,640.23,640.23,4.248495242049359,3.737669618283368,3.9889840465642745,3.922180243400328,0.2506696156470875,14.0
126,1727,464.63,464.63,5.7430031878094825,5.501258210544727,5.700443573390687,5.682900588277901,0.1261340096331835,188.0
126,1754,318.16,319.16,6.413458957167357,6.453624998892692,6.295266001439646,6.381775178587901,0.0681662848462721,729.0
126,1770,485.03,486.03,0.0,0.0,0.0,0.0,0.0,15.0
126,1778,188.21,187.21,6.318968113746434,6.453624998892692,6.29156913955832,6.320192088320578,0.0989194448106724,539.0
126,1803,157.17,220.19,5.247024072160486,5.602118820879701,5.82600010738045,5.557992765530043,0.2383819965499553,177.0
126,1847,196.0,196.0,4.219507705176107,3.7612001156935624,0.0,1.9951769552174177,2.3114171161008024,107.0
126,1878,320.13,320.13,3.367295829986474,4.553876891600541,4.219507705176107,3.963563123366858,0.5266270620626369,42.0
126,1885,159.14,159.14,6.665683717782408,6.664409020350408,6.792344427470809,6.701449527842475,0.0612107614299078,782.0
126,1902,446.23,447.23,0.0,0.0,2.6390573296152584,1.4928154599476156,1.7468274573059135,0.0
126,1962,562.6,563.6,5.6937321388027,5.099866427824199,7.229113877793302,6.222411432220521,0.994730669431474,458.0
126,1971,345.35,346.35,5.170483995038151,5.552959584921617,4.553876891600541,5.113367551033535,0.413712800843514,176.0
126,1993,154.26,155.26,6.51471269087253,6.516193076042964,6.810142450115136,6.676734822978517,0.1876188569185172,284.0
126,2126,486.03,511.25,4.007333185232471,4.219507705176107,3.295836866004329,3.7224933965998455,0.4605641593182886,15.0
126,2139,290.03,276.48,0.0,3.367295829986474,2.6390573296152584,2.436005694471276,1.6869088097358182,26.0
126,2290,290.09,288.09,6.8658910748834385,6.90875477931522,6.729824070489475,6.812720513315377,0.0881633162260053,810.0
126,2304,485.03,484.03,3.9889840465642745,3.295836866004329,3.713572066704308,3.4266107950937807,0.5573872361715362,67.0
126,2306,243.5,336.62,0.0,0.0,2.6390573296152584,1.5015882899004331,1.7591887549072027,176.0
126,2322,376.39,376.39,5.017279836814924,3.737669618283368,5.3230099791384085,4.880094286189624,0.7823758563405958,216.0
126,2444,484.03,728.53,5.54907608489522,6.2422232654551655,3.332204510175204,3.780875965131397,2.8095724072383157,0.0
126,2490,292.03,292.03,5.697093486505405,5.552959584921617,6.29156913955832,5.821156349698707,0.3238915498729935,217.0
126,2492,388.03,387.03,3.9889840465642745,3.367295829986474,3.713572066704308,3.4444755360893167,0.5529259871549073,82.0
126,2494,244.5,244.5,0.0,0.0,0.0,0.0,0.0,0.0
126,2539,160.11,160.11,5.556828061699537,5.973809611869261,5.6937321388027,5.791135266272982,0.1999740626109539,257.0
126,2569,241.53,308.52,5.8664680569332965,5.37989735354046,4.564348191467836,5.32799295312158,0.5494917881215413,852.0
126,2577,320.13,319.13,4.02535169073515,3.737669618283368,0.0,3.0028791377669695,2.0128097912383165,53.0
126,2581,564.6,562.6,4.812184355372417,5.093750200806762,6.432940092739179,5.625547363238249,0.7927682394761617,149.0
126,2631,158.11,158.11,3.713572066704308,4.564348191467836,3.737669618283368,4.001143480754946,0.3955853015443544,40.0
126,2640,319.13,320.13,4.394449154672439,3.7612001156935624,3.7612001156935624,4.037738972664206,0.3259600386423235,67.0
126,2664,242.53,306.52,6.104793232414985,5.0106352940962555,5.497168225293202,5.354154449134425,0.5786661949841329,837.0
126,2704,321.13,319.13,4.574710978503383,4.553876891600541,4.812184355372417,4.547316866881426,0.2311151381185383,53.0
126,2707,234.8,234.8,6.630683385642372,6.456769655572163,6.267200548541362,6.457136071527042,0.148856782223909,595.0
126,2760,163.99,241.53,5.181783550292085,4.248495242049359,4.418840607796598,4.632812656815565,0.4071385007241213,297.0
126,2826,377.33,377.33,6.318968113746434,6.073044534100405,6.411818267709897,6.240731576012168,0.1529433697491616,365.0
126,2867,486.03,728.53,5.093750200806762,4.804021044733257,0.0,3.1514553616605574,2.3545531502454526,0.0
126,2956,640.23,639.23,2.6390573296152584,4.248495242049359,4.02535169073515,3.5612771931437432,0.7281477773147595,13.0
129,1062,153.26,180.48,5.700443573390687,5.780743515792329,5.318119993844216,5.5128951277684655,0.2663194833174427,379.0
129,1109,285.21,286.21,5.8998973535824915,5.655991810819852,6.003887067106539,5.779151073302105,0.207911564962928,339.0
129,1207,355.99,355.99,3.9889840465642745,5.170483995038151,4.553876891600541,4.756637728061189,0.6086709790487151,123.0
129,1216,414.25,412.25,3.7612001156935624,4.812184355372417,3.737669618283368,3.077763522337337,2.1121399541777164,14.0
129,1230,367.63,368.63,4.68213122712422,4.553876891600541,3.7612001156935624,4.5002886350909455,0.5278450904159703,53.0
129,1247,445.23,445.23,3.9889840465642745,3.367295829986474,4.219507705176107,3.9560707059440534,0.4093288427130651,28.0
129,1248,151.35,152.35,4.007333185232471,3.713572066704308,2.772588722239781,3.563673522467531,0.5428736458611881,80.0
129,1445,726.53,726.53,3.9889840465642745,4.564348191467836,0.0,2.9713841870518296,2.0438818529198604,14.0
129,1525,320.13,319.13,4.23410650459726,3.7612001156935624,3.367295829986474,3.899177238718639,0.4188439429816269,40.0
129,1543,483.09,483.09,2.70805020110221,4.248495242049359,4.007333185232471,3.6812696860194007,0.6786278499892139,28.0
129,1558,549.08,549.08,3.737669618283368,4.919980925828125,5.700443573390687,5.045285003246299,0.9591148461534488,123.0
129,1571,589.82,587.82,4.564348191467836,4.553876891600541,4.394449154672439,4.312585964006046,0.39108222386992,96.0
129,1727,446.23,445.23,5.087596335232384,5.099866427824199,3.9889840465642745,4.839557589978235,0.5685882725008427,123.0
129,1754,328.83,330.83,5.82600010738045,5.652489180268651,5.318119993844216,5.622585355074004,0.2160500106001027,324.0
129,1770,485.03,484.03,2.772588722239781,3.332204510175204,0.0,1.5261983081037465,1.777049053692502,27.0
129,1778,158.17,157.2,4.912654885736052,5.648974238161206,5.3230099791384085,5.383403335299219,0.3494315713309078,244.0
129,1878,321.13,321.13,4.820281565605037,4.219507705176107,4.919980925828125,4.496280471836105,0.4407856110440314,122.0
129,1885,135.83,134.83,6.413458957167357,6.699500340161678,6.517671272912275,6.475404750524902,0.1803964198289085,527.0
129,1902,446.23,446.23,2.772588722239781,3.332204510175204,4.02535169073515,3.209548781063086,0.6118316037448756,15.0
129,1962,549.08,548.08,4.912654885736052,4.574710978503383,5.934894195619588,5.268687310031918,0.6323231573263334,135.0
129,1971,328.86,329.86,4.418840607796598,4.394449154672439,4.700480365792417,4.581488620908468,0.2072178365468651,163.0
129,1993,136.77,137.77,5.863631175598097,5.863631175598097,6.159095388491933,6.011891265345801,0.1711981765663206,285.0
129,2104,582.03,583.03,3.367295829986474,4.90527477843843,4.007333185232471,3.9983689650904215,0.6587667990792647,53.0
129,2126,437.53,478.21,4.248495242049359,3.713572066704308,2.70805020110221,3.60782940638736,0.6467249327527242,42.0
129,2139,241.53,292.03,3.332204510175204,3.332204510175204,3.295836866004329,3.1498258039924987,0.3409436168367807,14.0
129,2290,297.79,299.79,6.131226489483141,5.82600010738045,6.1903154058531475,5.936490990428778,0.2761929601483757,109.0
129,2304,483.09,483.09,2.772588722239781,3.332204510175204,4.23410650459726,3.408684150754143,0.6067737363848483,14.0
129,2306,242.53,336.62,2.6390573296152584,0.0,0.0,0.6597643324038157,1.3195286648076274,28.0
129,2322,344.38,343.38,3.737669618283368,4.804021044733257,4.912654885736052,4.369924309871957,0.5777752556400046,40.0
129,2444,583.03,728.53,3.295836866004329,2.6390573296152584,2.6390573296152584,2.976539008852512,0.3899730067814262,0.0
129,2490,292.03,291.03,4.406719247264253,4.68213122712422,5.0106352940962555,4.623483730789292,0.2902697252397491,107.0
129,2492,454.93,454.93,2.6390573296152584,0.0,3.295836866004329,2.5422501750542112,1.8168359234604716,28.0
129,2539,134.86,134.86,5.493061443340548,5.442417710521793,5.25227342804663,5.27325684008685,0.2663209623578866,177.0
129,2569,247.38,321.07,5.902633333401366,5.170483995038151,5.247024072160486,5.3081990715840135,0.4213134689843886,311.0
129,2577,319.13,321.13,2.6390573296152584,2.772588722239781,0.0,2.012675845367574,1.3432596133509105,26.0
129,2581,549.08,548.08,4.68213122712422,4.919980925828125,5.8664680569332965,5.210964654392452,0.5231379819094534,121.0
129,2631,153.26,153.26,0.0,4.553876891600541,0.0,2.2795562707670944,2.632208324483126,27.0
129,2640,319.13,319.13,5.170483995038151,4.574710978503383,4.248495242049359,4.636891776797858,0.3857159777228476,0.0
129,2664,220.19,322.07,6.003887067106539,5.181783550292085,5.099866427824199,5.2442212318629915,0.5499993622725572,393.0
129,2704,321.13,319.13,4.007333185232471,5.087596335232384,5.017279836814924,4.66652156222008,0.4991838238026352,108.0
129,2707,198.85,228.98,5.780743515792329,5.971261839790462,5.786897381366708,5.7285452861584165,0.2515541260683756,460.0
129,2760,195.0,261.93,3.7612001156935624,4.007333185232471,4.02535169073515,3.60823558031911,0.6572593041146689,94.0
129,2826,327.92,326.92,4.90527477843843,5.598421958998375,5.655991810819852,5.292580960588228,0.3894892381738041,149.0
129,2867,728.53,727.53,4.219507705176107,3.332204510175204,3.367295829986474,3.664169415905289,0.4131737003297576,27.0
129,2956,583.03,583.03,2.772588722239781,3.713572066704308,4.418840607796598,3.3860146815889864,0.8383038287043858,80.0
132,1062,193.09,193.09,6.386879319362645,6.295266001439646,6.340359303727752,6.369818570025552,0.0689866999240488,662.0
132,1109,293.97,291.97,6.47543271670409,6.922643891475888,6.042632833682381,6.377861792466212,0.4135260033895607,728.0
132,1198,248.38,248.38,5.093750200806762,5.3230099791384085,5.602118820879701,5.33547224499082,0.2080389059912992,150.0
132,1207,381.24,381.24,4.6913478822291435,4.90527477843843,3.9889840465642745,4.597406937991277,0.4149197963072971,68.0
132,1216,417.13,418.13,5.170483995038151,5.017279836814924,4.23410650459726,4.5457676130359745,0.6646485636570757,68.0
132,1230,354.11,353.11,5.003946305945459,5.0106352940962555,4.564348191467836,4.703259074026702,0.376073272469928,55.0
132,1247,446.23,445.23,2.6390573296152584,3.332204510175204,3.7612001156935624,3.0928798212748214,0.5525208987062301,67.0
132,1248,165.93,164.93,3.713572066704308,3.295836866004329,4.418840607796598,4.000740129752154,0.601000458301044,40.0
132,1311,105.79,254.14,5.54907608489522,5.598421958998375,4.6913478822291435,5.3839848531570365,0.4658402361796948,175.0
132,1438,196.0,195.0,3.9889840465642745,4.90527477843843,4.394449154672439,4.380703621068101,0.3874268870578229,82.0
132,1445,727.53,726.53,5.375278407684165,5.438079308923196,3.7612001156935624,4.578056862646073,0.9572019058176474,13.0
132,1525,321.13,319.13,5.902633333401366,5.652489180268651,5.860786223465865,5.728269240607271,0.1889566832424503,244.0
132,1543,486.03,486.03,3.332204510175204,4.02535169073515,3.713572066704308,3.8724922188528152,0.4615297040468182,53.0
132,1558,562.6,641.23,5.552959584921617,5.093750200806762,6.293419278846481,5.744499996124249,0.5315204301823527,68.0
132,1571,640.23,641.23,3.9889840465642745,4.700480365792417,5.093750200806762,4.544415941958972,0.4680166877513033,107.0
132,1727,464.63,465.63,5.497168225293202,6.2422232654551655,5.438079308923196,5.706611259458192,0.3679574432867843,176.0
132,1754,319.16,320.16,6.102558594613569,5.823045895483019,6.39024066706535,6.064004102470593,0.2458401764933643,432.0
132,1770,486.03,484.03,3.367295829986474,0.0,3.367295829986474,2.5254718724898555,1.683647914993236,55.0
132,1778,183.33,185.33,6.102558594613569,6.516193076042964,6.413458957167357,6.366689286652836,0.1815749721668129,433.0
132,1803,158.11,201.82,5.746203190540153,5.6937321388027,4.912654885736052,5.293217945170985,0.4946730614409342,203.0
132,1847,194.0,196.0,4.700480365792417,4.804021044733257,4.68213122712422,4.687745207279432,0.098218455364124,67.0
132,1878,319.13,319.13,4.418840607796598,3.9889840465642745,4.418840607796598,4.311376467488517,0.2149282806161575,94.0
132,1885,160.11,148.41,7.340186835320115,7.43955930913332,7.383368146992384,7.377764528648626,0.0452819056802146,1527.0
132,1902,446.23,446.23,3.295836866004329,0.0,4.23410650459726,2.715536970194198,1.8616499215527496,26.0
132,1962,563.6,549.08,6.037870919922137,5.605802066295998,7.247080584585756,6.490156924815616,0.7949112338135964,447.0
132,1971,345.35,346.35,5.556828061699537,5.247024072160486,5.438079308923196,5.373551217707462,0.1510758053924795,215.0
132,1993,157.17,151.38,6.9865664594064265,7.179307969504034,7.266827347520591,7.177141594244397,0.1343048044739071,715.0
132,2126,485.03,486.03,0.0,3.367295829986474,2.6390573296152584,2.55646521619446,1.822589043387836,26.0
132,2139,291.03,291.03,3.332204510175204,3.367295829986474,3.9889840465642745,2.6721210966814883,1.8067777216820209,0.0
132,2290,241.53,297.82,6.716594773520978,6.386879319362645,6.2166061010848646,6.4151098744240596,0.2134490606458824,217.0
132,2304,485.03,485.03,3.7612001156935624,4.248495242049359,3.332204510175204,3.67729892447615,0.4275888665809,95.0
132,2306,244.5,335.62,3.367295829986474,4.007333185232471,3.737669618283368,3.8401984688879183,0.3780605504712478,80.0
132,2322,385.15,385.15,5.501258210544727,5.493061443340548,5.241747015059643,5.33245421743792,0.1995802872864832,149.0
132,2444,485.03,726.53,5.37989735354046,5.181783550292085,0.0,3.317432776233689,2.5236396526366915,0.0
132,2490,290.03,292.03,5.655991810819852,6.129050210060545,6.133398042996649,5.944806571835728,0.2309298929269989,134.0
132,2492,389.03,387.03,3.7612001156935624,2.6390573296152584,3.9889840465642745,3.6959226616363834,0.7516758416687804,15.0
132,2494,194.0,195.0,4.564348191467836,5.247024072160486,4.700480365792417,4.828968418538499,0.295480368924069,82.0
132,2539,159.11,158.11,5.497168225293202,5.602118820879701,5.7430031878094825,5.656528854078031,0.1317047547863527,216.0
132,2569,241.53,337.56,6.53813982376767,4.700480365792417,5.099866427824199,5.378659087489528,0.800636692945995,528.0
132,2577,320.13,319.13,4.564348191467836,5.0106352940962555,4.23410650459726,4.7241715813484335,0.3999359556482951,163.0
132,2581,564.6,639.23,5.318119993844216,5.099866427824199,6.714170529909472,5.815845860265257,0.7453879837955637,297.0
132,2631,165.93,164.93,2.70805020110221,4.564348191467836,3.9889840465642745,3.817178906091698,0.7861518261781092,81.0
132,2640,321.13,320.13,5.247024072160486,5.093750200806762,5.099866427824199,5.088323896631875,0.1368795357303309,54.0
132,2664,239.59,338.56,6.270988431858299,5.25227342804663,4.90527477843843,5.250811904211686,0.7342276328778639,755.0
132,2704,319.13,313.34,5.241747015059643,5.375278407684165,5.247024072160486,5.2955423721871275,0.0635493253109418,310.0
132,2707,235.71,235.71,6.6293632534374485,6.664409020350408,6.682108597449809,6.512231351334518,0.2936104361322542,1000.0
132,2760,161.99,242.53,5.438079308923196,3.9889840465642745,4.700480365792417,4.586762856613998,0.6402830691364105,460.0
132,2826,377.33,377.33,6.364750756851911,6.495265555937008,6.159095388491933,6.420880180407815,0.2133239082112409,500.0
132,2867,727.53,726.53,4.219507705176107,5.556828061699537,0.0,3.2771350692627124,2.368382938504516,27.0
132,2956,641.23,640.23,4.219507705176107,3.295836866004329,5.099866427824199,4.252415038419269,0.7426242298107536,67.0
137,1062,187.27,186.27,6.762729506931879,6.792344427470809,6.317164686747284,6.642318217204114,0.220397674533246,730.0
137,1109,301.67,303.67,7.284820912568604,7.258412150595307,7.187657164114956,7.173046568297258,0.1470062809539344,1688.0
137,1198,170.75,198.85,6.133398042996649,6.516193076042964,5.700443573390687,6.134574703878223,0.3351548690269302,406.0
137,1207,383.15,384.15,4.90527477843843,4.418840607796598,5.099866427824199,4.811065844916066,0.2864766808338664,150.0
137,1216,417.13,418.13,5.700443573390687,5.976350909297934,4.90527477843843,5.399837274485494,0.5207924646406681,136.0
137,1230,375.39,375.39,4.23410650459726,4.406719247264253,5.093750200806762,4.492170614316384,0.4092245123251524,150.0
137,1247,446.23,447.23,3.9889840465642745,4.248495242049359,3.332204510175204,3.552185282101024,0.7206096767293227,28.0
137,1248,161.99,161.99,3.7612001156935624,4.406719247264253,4.248495242049359,4.208813803200943,0.3083344792437598,148.0
137,1311,162.99,192.12,6.320768294250582,6.413458957167357,5.556828061699537,6.119829859050016,0.386543906223521,647.0
137,1438,194.0,195.0,5.017279836814924,5.017279836814924,4.68213122712422,4.971793723948055,0.2061715780763914,121.0
137,1445,727.53,728.53,5.099866427824199,6.040254711277414,3.295836866004329,4.302136681836431,1.5285704990776503,28.0
137,1525,319.13,319.13,6.218600119691729,6.102558594613569,5.780743515792329,6.009199106429303,0.1917271977342611,338.0
137,1543,485.03,485.03,5.247024072160486,5.181783550292085,4.68213122712422,5.030393535918262,0.2526689200852643,148.0
137,1558,564.6,564.6,4.02535169073515,4.68213122712422,6.47543271670409,5.313413340641487,1.1520198463051572,67.0
137,1571,640.23,639.23,4.406719247264253,5.241747015059643,4.812184355372417,4.7879996249813646,0.3469812103443464,134.0
137,1727,466.63,464.63,6.293419278846481,6.129050210060545,6.38856140554563,6.212225453593699,0.1581185523150303,609.0
137,1754,320.16,318.16,6.948897222313312,6.8679744089702925,6.761572768804055,6.835004292222929,0.0910000098647871,1162.0
137,1770,485.03,484.03,4.23410650459726,4.23410650459726,4.02535169073515,4.264478222849376,0.2228215870596777,42.0
137,1778,189.21,187.21,6.9726062513017535,6.663132695990803,6.866933284461882,6.869287785694871,0.1463390388453435,662.0
137,1803,206.67,206.67,6.07073772800249,6.453624998892692,5.247024072160486,6.0230387733265625,0.5411473526930174,512.0
137,1847,194.0,194.0,4.564348191467836,4.574710978503383,0.0,3.34329141864212,2.2344665882639476,121.0
137,1878,319.13,320.13,0.0,5.087596335232384,4.6913478822291435,3.645741315548696,2.4362047437911056,109.0
137,1885,158.14,150.41,7.493317248862145,7.6787889981991535,7.3987862754199485,7.452347340843904,0.1839883887702577,1970.0
137,1902,447.23,445.23,3.295836866004329,3.737669618283368,3.332204510175204,3.5258451531865673,0.2450440224568155,68.0
137,1962,562.6,562.6,6.133398042996649,5.8289456176102075,7.462789157412448,6.670533881277844,0.8100205389421066,445.0
137,1971,345.35,346.35,5.44673737166631,5.501258210544727,5.318119993844216,5.426048721244612,0.0771963573734503,310.0
137,1993,158.14,158.14,7.365812837209472,7.228388451573604,7.1459844677143876,7.190763460645027,0.1440508465615556,621.0
137,2104,639.23,640.23,4.564348191467836,4.219507705176107,3.367295829986474,4.035033943298673,0.5040499059600765,53.0
137,2126,484.03,485.03,4.02535169073515,2.772588722239781,2.70805020110221,3.069644834079231,0.6378638678221942,55.0
137,2139,283.27,282.27,4.219507705176107,3.737669618283368,4.248495242049359,4.3233172251853045,0.5607971775753029,81.0
137,2290,289.06,290.06,7.374001859350161,7.559038255443384,7.432483807917119,7.45922175272444,0.0776489840265668,1417.0
137,2304,485.03,486.03,4.90527477843843,4.804021044733257,4.6913478822291435,4.803207015193312,0.0875814843486301,68.0
137,2306,244.5,336.62,2.70805020110221,3.295836866004329,3.713572066704308,3.3637821880235546,0.4819217693049059,81.0
137,2322,383.21,383.21,5.442417710521793,4.68213122712422,5.54907608489522,5.318935960855233,0.4296995152846951,256.0
137,2444,486.03,728.53,5.099866427824199,5.971261839790462,0.0,3.708082095827056,2.6338653808744477,0.0
137,2490,291.03,291.03,5.3230099791384085,5.598421958998375,5.82600010738045,5.515159506139755,0.2458056029127159,256.0
137,2492,388.03,388.03,4.68213122712422,3.295836866004329,4.700480365792417,4.313289859356087,0.6805664400747775,69.0
137,2494,196.0,196.0,4.804021044733257,5.241747015059643,5.25227342804663,4.9231226606279925,0.4096919890752519,122.0
137,2539,156.17,158.17,6.386879319362645,6.663132695990803,6.881411303642535,6.692189033420394,0.2242989649484402,690.0
137,2569,242.53,339.56,6.731018100482083,5.552959584921617,5.384495062789089,5.863074482630632,0.6013363136227468,689.0
137,2577,319.13,321.13,3.7612001156935624,4.90527477843843,4.919980925828125,4.668513038798125,0.6105024622793878,68.0
137,2581,562.6,562.6,5.170483995038151,5.375278407684165,6.906754778648554,5.987323042889183,0.8459158092275424,107.0
137,2631,163.02,162.02,4.574710978503383,5.313205979041787,4.418840607796598,4.8721352789084635,0.4413474397859502,175.0
137,2640,320.13,320.13,5.442417710521793,4.919980925828125,5.017279836814924,5.219211674614511,0.2929142574582932,121.0
137,2664,242.53,338.56,6.807934943699926,5.375278407684165,5.093750200806762,5.6642152264328285,0.7741331227471365,676.0
137,2704,320.13,321.13,5.3230099791384085,5.25227342804663,4.812184355372417,5.246472430388957,0.3257638463326837,215.0
137,2707,230.92,228.92,6.837332814685591,6.838405200847344,6.761572768804055,6.822652469380767,0.0413666792645721,890.0
137,2760,161.99,241.53,7.093404625868766,5.934894195619588,5.313205979041787,5.91490619859359,0.8381437807248087,742.0
137,2826,379.33,378.33,6.630683385642372,6.683360945766275,6.498282149476434,6.566487869944443,0.108275001815444,852.0
137,2867,486.03,728.53,5.181783550292085,5.093750200806762,3.713572066704308,3.4972764544507893,2.426521445023691,0.0
137,2956,641.23,641.23,4.6913478822291435,4.804021044733257,4.418840607796598,4.480385679997868,0.3544062446749103,69.0
139,1062,160.05,158.17,5.739792912179234,5.37989735354046,5.375278407684165,5.4980342246742655,0.1707564775396429,122.0
139,1109,311.43,311.43,5.003946305945459,5.25227342804663,5.181783550292085,5.0031785656968895,0.3041562392761368,163.0
139,1207,341.47,341.47,3.7612001156935624,4.248495242049359,4.418840607796598,4.335297712818893,0.4751994109062432,53.0
139,1216,290.03,417.13,3.7612001156935624,4.394449154672439,3.737669618283368,3.913629751085733,0.320738135500438,0.0
139,1230,361.87,361.87,4.574710978503383,4.812184355372417,4.68213122712422,4.809877639009542,0.2592712665091662,134.0
139,1247,445.23,447.23,0.0,0.0,2.6390573296152584,1.35291151296376,1.5631585080692316,0.0
139,1248,150.41,150.41,4.007333185232471,3.737669618283368,4.02535169073515,3.8828886524861383,0.1545734203963896,80.0
139,1445,581.03,727.53,0.0,2.772588722239781,0.0,0.6931471805599457,1.3862943611198912,15.0
139,1525,319.13,321.13,0.0,0.0,0.0,0.0,0.0,0.0
139,1543,483.09,483.09,3.367295829986474,4.553876891600541,3.713572066704308,3.9708100075851704,0.531500016138623,68.0
139,1558,511.19,512.19,4.700480365792417,5.003946305945459,5.823045895483019,5.242472569435672,0.4925084681323676,42.0
139,1571,291.03,582.03,0.0,0.0,0.0,0.0,0.0,0.0
139,1727,421.95,422.95,4.919980925828125,5.375278407684165,5.313205979041787,5.072649134919574,0.3292738932682557,41.0
139,1754,292.03,290.03,6.413458957167357,6.411818267709897,6.317164686747284,6.383170644672472,0.0452579270322456,621.0
139,1770,411.28,485.03,0.0,0.0,0.0,0.0,0.0,0.0
139,1778,158.14,158.11,4.418840607796598,5.313205979041787,5.384495062789089,5.109887907191471,0.4617772608080804,296.0
139,1878,320.13,321.13,3.332204510175204,3.737669618283368,3.737669618283368,3.630278953361562,0.1990407213242971,27.0
139,1885,119.34,118.34,4.812184355372417,5.181783550292085,4.394449154672439,5.011102217789198,0.5369183739029989,135.0
139,1902,447.23,446.23,0.0,0.0,0.0,0.0,0.0,0.0
139,1962,511.19,513.19,4.912654885736052,3.713572066704308,5.860786223465865,4.794590264533842,0.8812817202168585,94.0
139,1971,289.06,291.06,5.170483995038151,5.017279836814924,5.442417710521793,5.2513649875147586,0.1942449239050623,122.0
139,1993,116.43,117.43,5.375278407684165,5.181783550292085,5.3230099791384085,5.331702327195242,0.1120760646913821,81.0
139,2104,631.53,631.53,0.0,0.0,0.0,0.0,0.0,0.0
139,2126,436.53,484.06,3.7612001156935624,2.6390573296152584,3.737669618283368,3.2276289464579926,0.6050668925457536,27.0
139,2139,276.48,277.48,3.332204510175204,3.367295829986474,4.007333185232471,3.3537209316240895,0.530643290286175,28.0
139,2290,261.96,260.96,5.973809611869261,6.042632833682381,5.6937321388027,5.921631373413069,0.1552376787372002,149.0
139,2304,482.09,483.09,3.367295829986474,3.9889840465642745,4.553876891600541,3.810590319581624,0.5801328115518797,27.0
139,2306,335.62,337.62,0.0,0.0,0.0,0.0,0.0,0.0
139,2322,339.5,339.5,3.737669618283368,4.700480365792417,3.295836866004329,3.988373638814055,0.6063493588256486,177.0
139,2444,726.53,726.53,0.0,3.367295829986474,0.0,0.8418239574966185,1.6836479149932415,15.0
139,2490,281.36,281.36,5.093750200806762,5.375278407684165,5.7430031878094825,5.428322501711284,0.2702442427817165,163.0
139,2492,445.23,447.23,2.6390573296152584,3.367295829986474,2.772588722239781,2.887882651020324,0.3257485823791445,13.0
139,2539,123.25,121.25,4.248495242049359,3.737669618283368,5.0106352940962555,4.3539101905563955,0.5248392055307889,67.0
139,2569,244.44,323.07,6.386879319362645,6.593044534142437,6.473890696352274,6.395716189979475,0.196840514109913,555.0
139,2577,281.33,281.33,0.0,0.0,0.0,0.0,0.0,0.0
139,2581,513.19,513.19,4.574710978503383,4.919980925828125,5.934894195619588,5.027929331768829,0.6216165290373701,163.0
139,2631,155.26,155.26,3.7612001156935624,4.248495242049359,4.248495242049359,4.123074276097385,0.2413447749135785,27.0
139,2640,320.13,320.13,2.6390573296152584,3.295836866004329,0.0,2.490061471588685,1.753947542093926,14.0
139,2664,241.56,328.86,5.8664680569332965,6.476972362889683,5.860786223465865,5.9633002203625125,0.3570926492893187,445.0
139,2704,319.13,319.13,0.0,0.0,3.7612001156935624,0.9403000289233906,1.880600057846784,0.0
139,2707,207.58,207.58,4.394449154672439,5.313205979041787,4.804021044733257,4.899818128419967,0.3961165867371738,162.0
139,2760,262.93,261.93,0.0,0.0,3.332204510175204,1.4928154599476158,1.746827457305915,0.0
139,2826,327.92,327.92,4.6913478822291435,4.919980925828125,4.68213122712422,4.9194887744926445,0.3289467851510884,163.0
139,2867,582.03,727.53,2.70805020110221,2.70805020110221,3.295836866004329,2.1779843170521875,1.4781914275437569,0.0
143,1062,152.29,155.2,5.176149732573829,4.812184355372417,5.087596335232384,4.873692757743807,0.3405430584422634,175.0
143,1109,299.76,299.76,6.270988431858299,6.073044534100405,5.940171252720432,6.088157451730812,0.1365586920312777,406.0
143,1207,369.63,367.63,4.248495242049359,3.737669618283368,4.248495242049359,3.882624242096605,0.45936711713652,28.0
143,1216,290.03,412.25,4.02535169073515,4.219507705176107,4.394449154672439,4.214704063939951,0.1507854643955725,0.0
143,1230,329.83,330.83,3.713572066704308,4.007333185232471,0.0,2.8705263419075853,1.918009136580932,54.0
143,1247,445.23,446.23,0.0,3.367295829986474,3.7612001156935624,2.7105170030960863,1.815517861405952,40.0
143,1248,148.41,149.41,4.007333185232471,4.007333185232471,3.737669618283368,3.779907954683696,0.3030276739229123,42.0
143,1445,728.53,726.53,5.099866427824199,4.02535169073515,0.0,3.2157219342106793,2.2225209229263787,15.0
143,1525,321.13,321.13,4.820281565605037,5.017279836814924,5.501258210544727,5.037750992084277,0.3232291595827495,188.0
143,1543,484.09,482.09,4.02535169073515,4.564348191467836,3.737669618283368,4.183522186937653,0.3735629319179518,55.0
143,1558,547.08,547.08,4.919980925828125,4.406719247264253,5.44673737166631,4.946018209713737,0.4267772087759716,28.0
143,1571,582.03,581.03,4.812184355372417,4.219507705176107,4.02535169073515,4.405347985687878,0.3510606268508244,69.0
143,1727,445.23,446.23,5.099866427824199,5.602118820879701,5.552959584921617,5.394488703190982,0.2310373557547152,175.0
143,1754,328.83,330.83,5.976350909297934,5.648974238161206,5.82600010738045,5.808787609292332,0.1348297271269158,337.0
143,1770,426.83,484.03,0.0,2.6390573296152584,3.332204510175204,1.4928154599476156,1.7468274573059164,15.0
143,1778,155.23,160.08,5.313205979041787,5.318119993844216,4.919980925828125,4.992536876627682,0.4255290097148282,109.0
143,1878,320.13,320.13,5.37989735354046,5.087596335232384,5.241747015059643,5.237746929723032,0.1194207483127908,136.0
143,1885,137.74,139.74,5.552959584921617,6.008813185442595,5.780743515792329,5.837217361439568,0.2175958208761862,351.0
143,1902,446.23,447.23,0.0,3.7612001156935624,3.713572066704308,2.561840226159413,1.7675209239795855,13.0
143,1962,548.08,549.08,5.181783550292085,5.318119993844216,5.976350909297934,5.507303509588962,0.3482544983766514,41.0
143,1971,328.86,328.86,5.0106352940962555,4.90527477843843,4.90527477843843,5.018364569754937,0.1636578722921115,188.0
143,1993,138.77,136.77,5.934894195619588,6.068425588244111,5.783825182329737,5.892742537130793,0.1370733102097255,150.0
143,2104,582.03,581.03,4.02535169073515,4.553876891600541,3.7612001156935624,4.257944145064599,0.4382803023892617,69.0
143,2126,509.31,509.31,4.406719247264253,4.219507705176107,4.418840607796598,4.103090847555858,0.4989439877780779,0.0
143,2139,282.33,281.33,4.564348191467836,3.367295829986474,3.367295829986474,3.657786090403998,0.604601078195218,41.0
143,2290,298.79,297.79,5.82600010738045,6.073044534100405,6.186208623900494,6.0823550415112715,0.1850884312420658,203.0
143,2304,484.09,483.09,3.7612001156935624,3.332204510175204,3.332204510175204,3.603648295652061,0.3269401954881513,80.0
143,2306,242.53,336.62,3.713572066704308,3.367295829986474,3.737669618283368,3.8093445306926865,0.4401523144429354,15.0
143,2322,367.63,368.63,2.6390573296152584,4.23410650459726,4.007333185232471,3.3971368051367996,0.8411069569647921,26.0
143,2444,583.03,726.53,3.9889840465642745,4.248495242049359,3.367295829986474,3.734244907193827,0.4566667428677881,0.0
143,2490,292.03,291.03,5.003946305945459,4.700480365792417,4.68213122712422,4.847626051201889,0.1806584564099872,149.0
143,2492,454.93,454.93,4.007333185232471,3.332204510175204,4.394449154672439,3.935330008828146,0.4415577244373124,26.0
143,2539,134.83,136.83,4.219507705176107,5.181783550292085,5.318119993844216,4.908016533762115,0.488944151091902,109.0
143,2569,242.5,323.07,6.040254711277414,5.648974238161206,5.602118820879701,5.710105963803386,0.2238504919782256,337.0
143,2577,320.13,320.13,4.564348191467836,4.812184355372417,4.406719247264253,4.717712032334223,0.2977562747178581,109.0
143,2581,547.08,547.08,4.804021044733257,3.713572066704308,5.170483995038151,4.648337971228536,0.6420481572582905,95.0
143,2631,153.26,153.26,3.713572066704308,3.737669618283368,3.7612001156935624,3.627069666671392,0.2216763106428348,96.0
143,2640,320.13,319.13,4.418840607796598,4.90527477843843,4.812184355372417,4.760393630011468,0.2318921017460262,27.0
143,2664,243.5,323.07,5.8664680569332965,4.219507705176107,5.176149732573829,5.261487669253242,0.7597900052030465,257.0
143,2704,321.13,321.13,4.700480365792417,5.017279836814924,5.438079308923196,5.062397428084325,0.3028417788042492,94.0
143,2707,206.67,232.83,5.700443573390687,5.493061443340548,5.087596335232384,5.211362385857864,0.5008326966212544,176.0
143,2760,184.36,262.93,5.241747015059643,4.820281565605037,4.007333185232471,4.655809664374423,0.5168125448000579,15.0
143,2826,325.92,327.92,5.44673737166631,6.131226489483141,5.697093486505405,5.811579796861329,0.3021530922226788,244.0
143,2867,726.53,728.53,4.418840607796598,3.713572066704308,2.772588722239781,3.3860146815889864,0.8383038287043806,14.0
143,2956,581.03,582.03,4.418840607796598,3.367295829986474,4.02535169073515,4.263308785894466,0.7833675834089043,82.0
145,1062,162.05,159.08,5.54907608489522,6.647688373563329,6.129050210060545,6.1290325185930605,0.4505955146493655,756.0
145,1109,307.49,308.49,6.129050210060545,6.270988431858299,5.8664680569332965,6.0325344686125595,0.2018926748002592,473.0
145,1207,351.17,350.17,5.602118820879701,5.25227342804663,5.746203190540153,5.5623924194069225,0.2152787237510791,270.0
145,1216,414.25,413.25,5.017279836814924,4.418840607796598,3.737669618283368,3.293447515723723,2.2570066679973357,42.0
145,1230,367.63,367.63,4.6913478822291435,5.176149732573829,5.003946305945459,4.991298530388798,0.2119722224558645,82.0
145,1247,445.23,446.23,2.6390573296152584,3.713572066704308,3.737669618283368,2.5225747536507335,1.7580179851200632,26.0
145,1248,149.41,149.41,3.7612001156935624,3.737669618283368,4.820281565605037,3.9128389524392926,0.6362041297598869,40.0
145,1445,726.53,726.53,5.099866427824199,4.418840607796598,3.737669618283368,4.3159274597841595,0.5929485585300939,41.0
145,1525,320.13,320.13,4.23410650459726,4.418840607796598,4.553876891600541,4.360232627147914,0.155722610358338,15.0
145,1543,482.09,483.09,4.23410650459726,4.68213122712422,2.772588722239781,3.850599630166392,0.8204483307379585,109.0
145,1558,548.08,547.08,4.564348191467836,5.170483995038151,6.342121418721152,5.455789198941823,0.762887326655721,94.0
145,1571,602.43,601.43,0.0,0.0,0.0,0.0,0.0,0.0
145,1727,417.1,418.1,5.017279836814924,6.042632833682381,5.384495062789089,5.511631638541524,0.4284458784074229,216.0
145,1754,328.83,328.83,5.971261839790462,6.104793232414985,5.8998973535824915,5.928936334491793,0.1520258679329661,393.0
145,1770,445.23,446.23,3.295836866004329,2.772588722239781,0.0,2.5143524087020968,1.748705278500319,41.0
145,1778,160.05,160.08,6.07073772800249,6.102558594613569,5.746203190540153,5.893872830994017,0.225997523734368,378.0
145,1878,319.13,319.13,4.700480365792417,4.574710978503383,5.176149732573829,4.711447557885517,0.3342919234457622,81.0
145,1885,137.74,138.74,5.971261839790462,5.54907608489522,6.104793232414985,5.890666840545774,0.2389048954962037,485.0
145,1902,447.23,447.23,0.0,2.6390573296152584,2.6390573296152584,2.1434878813087117,1.4621475798787713,0.0
145,1962,548.08,549.08,5.442417710521793,5.170483995038151,6.364750756851911,5.824605189165609,0.6087902941017707,149.0
145,1971,329.86,328.86,5.25227342804663,5.3230099791384085,4.90527477843843,5.162760545165405,0.182620744563999,162.0
145,1993,132.89,133.89,6.317164686747284,6.186208623900494,5.976350909297934,6.114018782310911,0.1677145573465533,271.0
145,2104,437.53,435.53,0.0,0.0,0.0,0.0,0.0,0.0
145,2126,437.53,436.53,4.248495242049359,4.564348191467836,3.737669618283368,3.8307754435100856,0.783378716075842,67.0
145,2139,286.21,285.21,4.02535169073515,4.812184355372417,4.418840607796598,4.452563386376177,0.3282472271374387,69.0
145,2290,267.75,267.75,6.133398042996649,6.295266001439646,6.1903154058531475,6.2514646924130215,0.1124494624495084,67.0
145,2304,483.09,482.09,4.418840607796598,3.7612001156935624,2.6390573296152584,3.633167529952431,0.7367483759071288,68.0
145,2306,242.53,335.62,2.70805020110221,3.9889840465642745,3.9889840465642745,3.61180460248108,0.6119966512592234,53.0
145,2322,344.35,344.35,5.37989735354046,4.219507705176107,5.181783550292085,5.0685625130873,0.5804715883856828,148.0
145,2444,699.43,699.43,4.820281565605037,4.804021044733257,4.02535169073515,4.470940201417676,0.4031631422133289,68.0
145,2490,292.03,290.03,4.90527477843843,4.912654885736052,5.438079308923196,4.986839213831705,0.3178515492733877,94.0
145,2492,456.93,454.93,0.0,0.0,2.70805020110221,1.3367768826793671,1.5438339444838742,41.0
145,2539,134.86,135.86,5.313205979041787,5.442417710521793,5.375278407684165,5.419994545535741,0.1009425134248839,339.0
145,2569,244.5,323.07,6.6293632534374485,6.53813982376767,6.104793232414985,6.2053430986288305,0.493741977439466,648.0
145,2577,319.13,320.13,4.23410650459726,4.564348191467836,3.332204510175204,3.9670822061309168,0.5427487010569038,95.0
145,2581,548.08,548.08,5.384495062789089,4.919980925828125,6.51471269087253,5.777689454762016,0.7522280973875956,215.0
145,2631,149.44,149.44,4.812184355372417,4.68213122712422,4.820281565605037,4.831308110549482,0.1352766104601831,53.0
145,2640,319.13,320.13,5.017279836814924,5.0106352940962555,5.003946305945459,5.0874953576752135,0.1538460871521399,81.0
145,2664,244.5,301.67,6.61338421837956,5.934894195619588,5.786897381366708,5.879239836414484,0.587944946777986,419.0
145,2704,319.13,320.13,4.007333185232471,4.804021044733257,4.394449154672439,4.442537894026501,0.3352727656783224,229.0
145,2707,197.88,225.1,6.102558594613569,5.976350909297934,5.8664680569332965,5.971387203391307,0.0986796755859982,433.0
145,2760,184.36,260.93,4.418840607796598,4.6913478822291435,3.332204510175204,4.112431546358354,0.5912784257781393,41.0
145,2826,327.92,327.92,5.783825182329737,5.8998973535824915,5.8998973535824915,5.880947785553788,0.067474418306035,188.0
145,2867,583.03,728.53,4.219507705176107,4.23410650459726,3.9889840465642745,4.112482860392529,0.132356890557098,15.0
146,1062,160.11,155.2,6.553933404025811,6.4967749901858625,5.976350909297934,6.330119645589022,0.2610018122825434,607.0
146,1109,300.76,298.76,6.934397209928558,6.9975959829819265,6.747586526829315,6.889733881050059,0.1063682608759682,755.0
146,1207,358.9,358.9,4.394449154672439,4.812184355372417,5.017279836814924,4.5578116330230625,0.4492699014274734,107.0
146,1216,418.13,416.13,5.176149732573829,5.099866427824199,5.093750200806762,5.068760284910804,0.1152563697724164,96.0
146,1230,368.63,367.63,3.332204510175204,2.772588722239781,3.332204510175204,3.46092924746361,0.683488970495804,28.0
146,1247,445.23,445.23,3.295836866004329,3.713572066704308,2.6390573296152584,3.0891291158565264,0.510046679195591,40.0
146,1248,149.38,150.38,4.394449154672439,4.248495242049359,4.418840607796598,4.403915474029734,0.1251082812191224,108.0
146,1445,727.53,726.53,5.093750200806762,3.332204510175204,3.295836866004329,3.9276939058876423,0.8400981497263189,81.0
146,1525,321.13,321.13,4.90527477843843,5.0106352940962555,5.017279836814924,4.963292708794434,0.0588725209286473,215.0
146,1543,484.09,484.09,4.919980925828125,5.648974238161206,5.3230099791384085,5.31796562416705,0.3010091400996207,269.0
146,1558,511.19,513.19,5.493061443340548,4.219507705176107,5.700443573390687,5.289803978111873,0.7219817235330533,123.0
146,1571,581.03,582.03,5.318119993844216,5.170483995038151,4.812184355372417,5.02620234724701,0.2589731892924528,108.0
146,1727,421.95,423.95,5.697093486505405,5.598421958998375,5.605802066295998,5.649602749576296,0.0549202857729227,269.0
146,1754,291.03,292.03,6.293419278846481,6.680854678790215,6.648984550024776,6.452880657686016,0.2489168084693926,581.0
146,1770,454.93,454.93,4.02535169073515,4.418840607796598,4.007333185232471,4.114714667249173,0.2029284723291229,108.0
146,1778,157.17,161.08,5.605802066295998,5.44673737166631,5.497168225293202,5.432872803386899,0.1800707921176956,149.0
146,1878,307.55,306.55,5.552959584921617,5.655991810819852,5.602118820879701,5.616765506860256,0.0495416556354105,312.0
146,1885,117.37,118.37,6.102558594613569,6.159095388491933,6.102558594613569,6.158800252394343,0.079398830504858,339.0
146,1902,445.23,445.23,4.219507705176107,4.574710978503383,4.919980925828125,4.60138687293419,0.2921976818548456,41.0
146,1962,512.19,513.19,5.181783550292085,5.501258210544727,6.163314804034641,5.705041544185179,0.4463097691597585,177.0
146,1971,290.06,289.06,5.54907608489522,5.313205979041787,5.905361848054571,5.5380347436951665,0.2640539842790165,204.0
146,1993,122.28,121.28,6.1903154058531475,6.073044534100405,5.552959584921617,5.930420343232435,0.2774837266342549,202.0
146,2104,583.03,581.03,5.241747015059643,4.406719247264253,5.099866427824199,4.8599201430943095,0.381738845645753,176.0
146,2126,436.53,509.31,0.0,2.772588722239781,4.68213122712422,2.705503944837619,1.9722471004093705,108.0
146,2139,292.03,290.03,4.700480365792417,4.248495242049359,2.6390573296152584,3.9033461570480457,0.8884185250675161,54.0
146,2290,241.53,241.53,6.823286122355687,6.8679744089702925,6.664409020350408,6.779310580120111,0.088151614182768,473.0
146,2304,482.09,482.09,5.003946305945459,5.017279836814924,5.017279836814924,4.98779021632784,0.0504830419309787,108.0
146,2306,241.53,314.31,3.332204510175204,4.007333185232471,3.367295829986474,2.676708381348537,1.8112533714360768,40.0
146,2322,369.63,369.63,4.812184355372417,3.367295829986474,3.332204510175204,3.806314190559601,0.6923132720457846,28.0
146,2444,728.53,727.53,5.37989735354046,3.713572066704308,3.713572066704308,4.043584329233887,0.9057068731080472,96.0
146,2490,279.36,281.36,5.313205979041787,5.003946305945459,4.700480365792417,4.892877385595051,0.3371203443352495,190.0
146,2492,446.23,445.23,4.219507705176107,4.406719247264253,4.418840607796598,4.487585584668848,0.293027443786207,68.0
146,2539,121.31,121.31,5.605802066295998,5.384495062789089,5.003946305945459,5.271998408959327,0.2755024091933218,163.0
146,2569,243.5,338.53,6.267200548541362,5.905361848054571,5.823045895483019,5.9240129663674095,0.243791716875745,485.0
146,2577,319.13,319.13,4.418840607796598,5.241747015059643,4.418840607796598,4.720862318846525,0.3918632705128858,148.0
146,2581,511.19,511.19,5.556828061699537,4.919980925828125,6.042632833682381,5.647544887303133,0.5393717105046573,216.0
146,2631,146.47,148.47,5.017279836814924,4.248495242049359,4.394449154672439,4.645051289841212,0.3804376975351308,94.0
146,2640,319.13,321.13,5.780743515792329,6.073044534100405,6.040254711277414,5.999150338945929,0.1478115120038152,244.0
146,2664,244.47,339.53,6.163314804034641,6.161207321695077,5.786897381366708,5.985091281176658,0.2052987855137533,486.0
146,2704,321.13,321.13,5.181783550292085,5.497168225293202,5.7430031878094825,5.540436968893501,0.2653804338533051,242.0
146,2707,204.7,204.7,6.18826412308259,5.902633333401366,6.186208623900494,6.025776546941225,0.1890463263878832,325.0
146,2760,183.36,262.93,5.8664680569332965,5.099866427824199,5.313205979041787,5.242722086507106,0.4893697535574483,364.0
146,2826,326.92,326.92,6.318968113746434,6.697034247666484,6.456769655572163,6.538720153608723,0.1831487932042863,636.0
146,2867,728.53,727.53,4.90527477843843,4.23410650459726,3.7612001156935624,4.165445378605703,0.5412609833383218,81.0
146,2956,582.03,583.03,3.9889840465642745,4.812184355372417,5.25227342804663,4.785259541303926,0.5610374665174525,148.0
149,1062,154.29,156.17,5.438079308923196,5.8998973535824915,5.384495062789089,5.604891302950046,0.239395458457641,420.0
149,1109,311.43,311.43,5.099866427824199,5.552959584921617,4.820281565605037,5.212096496508755,0.3209000413281679,150.0
149,1207,367.63,368.63,4.02535169073515,4.68213122712422,3.9889840465642745,4.4041119725629425,0.468759365731845,14.0
149,1216,412.25,413.25,4.248495242049359,4.219507705176107,2.6390573296152584,2.7767650692101813,1.9980727119242785,41.0
149,1230,357.93,359.93,4.700480365792417,4.418840607796598,4.574710978503383,4.36380801694649,0.4179287014069266,204.0
149,1247,447.23,446.23,2.6390573296152584,2.772588722239781,2.70805020110221,2.7230712437992577,0.0637388705119981,0.0
149,1248,143.62,142.62,4.23410650459726,4.248495242049359,3.332204510175204,3.777660780706538,0.5356035108737197,54.0
149,1445,726.53,728.53,3.737669618283368,0.0,0.0,0.934417404570842,1.8688348091416844,15.0
149,1525,320.13,321.13,2.772588722239781,0.0,0.0,0.6931471805599453,1.386294361119896,0.0
149,1543,482.09,484.09,4.219507705176107,4.02535169073515,4.248495242049359,3.783102991893968,0.7691042256522683,40.0
149,1558,547.08,547.08,4.700480365792417,4.02535169073515,5.093750200806762,4.681214258943189,0.4658025014156646,80.0
149,1727,396.76,447.23,5.093750200806762,4.812184355372417,5.25227342804663,4.990557257239766,0.2204214057668321,121.0
149,1754,329.83,328.83,5.181783550292085,4.394449154672439,5.37989735354046,4.9690277460832775,0.4268586865467979,204.0
149,1770,486.03,486.03,2.772588722239781,3.332204510175204,0.0,1.5261983081037462,1.7770490536925014,0.0
149,1778,159.08,176.6,5.501258210544727,5.493061443340548,5.241747015059643,5.387318161996676,0.1301890301259365,123.0
149,1878,320.13,319.13,3.9889840465642745,3.332204510175204,2.772588722239781,3.3652682772414337,0.4971209576087911,13.0
149,1885,134.89,132.89,5.700443573390687,5.739792912179234,5.318119993844216,5.562854480688672,0.1957924105459742,487.0
149,1902,446.23,446.23,0.0,2.70805020110221,0.0,0.6770125502755525,1.3540251005511057,0.0
149,1962,549.08,548.08,4.90527477843843,3.9889840465642745,5.602118820879701,4.850413106080208,0.6615993531910982,55.0
149,1971,329.86,327.86,4.394449154672439,3.737669618283368,2.70805020110221,3.7721660540268447,0.7632514450768839,26.0
149,1993,135.83,134.83,5.318119993844216,4.912654885736052,5.82600010738045,5.427316041807342,0.4026792805222771,189.0
149,2126,437.53,437.53,3.295836866004329,4.007333185232471,2.6390573296152584,3.17870402577296,0.6208850088395316,53.0
149,2139,262.93,262.93,4.248495242049359,3.713572066704308,3.332204510175204,3.665391912228837,0.4251297604530272,27.0
149,2290,299.79,297.79,5.598421958998375,4.574710978503383,4.912654885736052,5.132051383439901,0.4734947802994857,53.0
149,2304,483.09,484.09,2.772588722239781,4.23410650459726,3.9889840465642745,3.5819709458941293,0.6604097988929714,40.0
149,2306,242.53,337.62,0.0,3.295836866004329,0.0,0.8239592165010825,1.647918433002166,68.0
149,2322,345.38,345.38,4.406719247264253,4.02535169073515,3.9889840465642745,4.160140672434946,0.1930354875046178,42.0
149,2444,727.53,727.53,3.7612001156935624,3.737669618283368,2.70805020110221,3.24487716432973,0.5832876230924539,15.0
149,2490,290.03,291.03,4.90527477843843,4.418840607796598,3.9889840465642745,4.4299546700158885,0.3746321322166409,27.0
149,2492,454.93,454.93,2.6390573296152584,3.332204510175204,3.7612001156935624,3.2570747053720885,0.4630460375728633,15.0
149,2539,129.01,131.01,4.564348191467836,4.394449154672439,4.23410650459726,4.402936114633533,0.1352556556613185,82.0
149,2569,246.44,305.55,6.214608098422191,5.652489180268651,5.25227342804663,5.61059517146897,0.4388190358059352,445.0
149,2577,242.53,241.53,0.0,0.0,0.0,0.0,0.0,0.0
149,2581,549.08,548.08,5.25227342804663,3.9889840465642745,5.241747015059643,4.981355550048085,0.6679769777513593,123.0
149,2631,151.38,151.38,4.007333185232471,4.812184355372417,3.7612001156935624,4.397838237598677,0.6069061519852637,121.0
149,2640,320.13,319.13,4.23410650459726,4.02535169073515,3.713572066704308,3.817216782010262,0.4081243376120327,27.0
149,2664,238.68,321.07,5.934894195619588,5.375278407684165,4.394449154672439,5.098992410051334,0.6922477897803672,378.0
149,2704,321.13,321.13,3.9889840465642745,0.0,3.9889840465642745,2.9963253195902553,1.997568940961608,42.0
149,2707,202.76,203.76,5.655991810819852,5.54907608489522,5.318119993844216,5.385116931593553,0.2828713029572714,257.0
149,2760,183.36,261.93,3.9889840465642745,3.332204510175204,0.0,2.758690155860947,1.858737260598032,40.0
149,2826,327.92,326.92,4.6913478822291435,5.176149732573829,4.700480365792417,4.746704647097997,0.3147056642353005,80.0
149,2867,767.33,767.33,0.0,0.0,0.0,0.0,0.0,0.0
152,1062,155.2,152.32,5.501258210544727,5.973809611869261,5.0106352940962555,5.597766241141204,0.4434937891366832,296.0
152,1109,310.43,309.43,6.340359303727752,6.343880434126331,6.186208623900494,6.257913920862414,0.0977774658658979,621.0
152,1207,369.63,367.63,4.007333185232471,2.772588722239781,3.295836866004329,3.5207729896772633,0.6010706019460732,14.0
152,1216,417.13,418.13,5.017279836814924,5.176149732573829,4.219507705176107,4.66176094479053,0.506447021168025,81.0
152,1230,367.63,369.63,4.248495242049359,4.406719247264253,4.248495242049359,4.067751390337361,0.4728896558816042,27.0
152,1247,445.23,447.23,2.6390573296152584,0.0,0.0,1.5015882899004327,1.7591887549072105,0.0
152,1248,155.26,154.26,4.007333185232471,0.0,4.219507705176107,3.1614203745512945,2.114300649553413,28.0
152,1445,583.03,728.53,3.7612001156935624,4.574710978503383,0.0,3.146101584061576,2.123872089675654,0.0
152,1525,321.13,321.13,4.574710978503383,3.713572066704308,3.332204510175204,3.911459811529511,0.5252205042774203,67.0
152,1543,484.09,484.09,4.812184355372417,4.418840607796598,3.9889840465642745,4.443471475333458,0.3441434034394033,94.0
152,1558,511.19,513.19,4.574710978503383,4.919980925828125,5.6937321388027,5.280829559688449,0.6395582525120054,82.0
152,1571,582.03,582.03,4.574710978503383,4.912654885736052,3.295836866004329,4.30051083451009,0.7007799884548694,54.0
152,1727,422.95,423.95,5.780743515792329,5.700443573390687,5.017279836814924,5.470740497196758,0.3473375976488392,150.0
152,1754,283.3,282.3,5.697093486505405,5.863631175598097,6.100318952020064,5.891601365544534,0.1656985499001296,433.0
152,1770,484.03,484.03,4.007333185232471,2.772588722239781,0.0,2.388127657428009,1.6951500297572004,0.0
152,1778,161.05,149.38,5.497168225293202,5.003946305945459,4.6913478822291435,5.171380964202088,0.3950028669608899,163.0
152,1878,319.13,321.13,5.087596335232384,5.313205979041787,5.375278407684165,5.236641179249122,0.1312422546618121,216.0
152,1885,118.37,119.37,5.786897381366708,5.241747015059643,5.313205979041787,5.485068083616628,0.2534375343399715,406.0
152,1902,447.23,445.23,3.367295829986474,2.6390573296152584,4.564348191467836,2.6426753377673915,1.932325666584185,0.0
152,1962,512.19,513.19,5.087596335232384,5.25227342804663,6.244166900663736,5.639461568953003,0.5573529835000959,188.0
152,1971,289.06,290.06,5.384495062789089,5.099866427824199,5.44673737166631,5.254673799377995,0.1876363304787149,135.0
152,1993,120.34,119.34,5.746203190540153,5.6937321388027,5.497168225293202,5.635726405233013,0.1090315252695418,162.0
152,2104,583.03,582.03,4.02535169073515,4.23410650459726,4.406719247264253,3.1665443606491657,2.116780251447169,81.0
152,2126,437.53,485.06,4.394449154672439,3.9889840465642745,0.0,2.095858300309179,2.425743118911952,55.0
152,2139,260.93,261.93,0.0,4.248495242049359,3.295836866004329,2.5630955772889745,1.822813997408567,42.0
152,2290,216.31,253.17,6.317164686747284,6.38856140554563,6.39024066706535,6.334547506203357,0.0703447636784067,162.0
152,2304,482.09,484.09,4.02535169073515,3.737669618283368,4.007333185232471,4.044268435378811,0.2751335927702577,82.0
152,2306,254.14,337.62,2.772588722239781,3.295836866004329,2.70805020110221,3.027170074880381,0.3326043747562688,53.0
152,2322,367.63,369.63,3.7612001156935624,3.295836866004329,3.367295829986474,3.607916499229209,0.3358181849725595,13.0
152,2444,728.53,727.53,4.564348191467836,4.02535169073515,3.367295829986474,3.68239610860731,0.7794219382872801,26.0
152,2490,187.24,280.36,4.248495242049359,4.6913478822291435,5.3230099791384085,4.770783667255487,0.4421535120007828,40.0
152,2492,447.23,445.23,4.564348191467836,3.713572066704308,4.02535169073515,3.899777203727906,0.5344279914439397,54.0
152,2539,121.28,121.28,4.219507705176107,4.912654885736052,2.70805020110221,4.018579824152907,0.931608263881006,121.0
152,2569,244.5,331.74,6.7464121285733745,5.655991810819852,5.552959584921617,5.9547486749782355,0.5433610092813543,393.0
152,2577,319.13,319.13,4.553876891600541,4.418840607796598,4.418840607796598,4.354227449482222,0.2283045370291936,41.0
152,2581,512.19,513.19,4.574710978503383,4.912654885736052,5.905361848054571,5.414982065208841,0.8010694454181588,121.0
152,2631,146.5,147.5,0.0,4.248495242049359,3.9889840465642745,2.999669851076799,2.0096645652046172,27.0
152,2640,320.13,320.13,4.700480365792417,4.90527477843843,5.375278407684165,4.997917211502816,0.282615474687506,108.0
152,2664,243.47,340.53,6.320768294250582,5.556828061699537,5.241747015059643,5.208228859428518,1.0945909118100852,420.0
152,2704,319.13,320.13,5.556828061699537,4.812184355372417,4.804021044733257,5.1538627930817515,0.4019860494155083,94.0
152,2707,200.82,200.82,5.37989735354046,5.739792912179234,5.247024072160486,5.47894760569385,0.2133524121954097,148.0
152,2760,183.36,260.93,5.501258210544727,4.23410650459726,4.553876891600541,4.627187327979659,0.6027961336942992,242.0
152,2826,326.92,327.92,5.940171252720432,5.25227342804663,5.863631175598097,5.756834424038905,0.3394008712408821,298.0
152,2867,727.53,726.53,3.713572066704308,4.007333185232471,3.295836866004329,3.43119807976083,0.5635992195574433,55.0
152,2956,583.03,581.03,4.812184355372417,4.007333185232471,4.406719247264253,4.368683007479626,0.3382104838296461,54.0
153,1062,190.15,190.15,6.269096283706261,6.2422232654551655,6.386879319362645,6.218002120098333,0.1744961957023295,350.0
153,1109,280.39,278.39,6.553933404025811,6.683360945766275,6.295266001439646,6.43071893927122,0.2274138261830894,527.0
153,1198,194.03,226.01,4.804021044733257,4.553876891600541,4.574710978503383,4.775773227468833,0.2865068591652401,95.0
153,1207,377.39,376.39,4.219507705176107,4.553876891600541,4.564348191467836,4.392959823210436,0.1919967792769851,81.0
153,1216,436.56,434.56,4.553876891600541,4.553876891600541,4.248495242049359,4.511899226869897,0.1871788162889809,54.0
153,1230,388.0,388.0,3.713572066704308,4.820281565605037,4.007333185232471,4.305829511166509,0.5310784106782979,149.0
153,1247,447.23,447.23,2.6390573296152584,0.0,2.6390573296152584,1.319528664807629,1.5236604596602257,0.0
153,1248,164.93,163.93,3.713572066704308,3.7612001156935624,3.737669618283368,3.804943746478428,0.1363201896792406,68.0
153,1311,169.75,209.55,5.170483995038151,4.812184355372417,5.003946305945459,5.121968216725189,0.292181389058042,163.0
153,1438,195.0,195.0,4.574710978503383,4.700480365792417,2.70805020110221,4.200880777750762,1.00025817232977,107.0
153,1445,486.03,728.53,4.553876891600541,5.176149732573829,0.0,2.432506656043592,2.8202816804409245,0.0
153,1525,319.13,320.13,5.313205979041787,3.9889840465642745,4.406719247264253,4.702193925173629,0.6130396304666769,136.0
153,1543,484.03,486.03,4.007333185232471,4.574710978503383,4.248495242049359,4.346104074346439,0.2706312741667722,122.0
153,1558,562.6,563.6,4.23410650459726,4.007333185232471,5.375278407684165,4.850903869720151,0.8646970566348638,53.0
153,1571,639.23,641.23,4.6913478822291435,2.772588722239781,4.812184355372417,4.003447644531177,0.9509492538699992,28.0
153,1727,466.63,464.63,5.780743515792329,6.386879319362645,5.973809611869261,6.067620664271195,0.2561241169295364,338.0
153,1754,319.16,320.16,6.57507584059962,6.2422232654551655,6.432940092739179,6.345909310447654,0.1966413743578131,771.0
153,1770,486.03,486.03,3.737669618283368,2.70805020110221,3.367295829986474,3.1130182447468275,0.5302466389213313,26.0
153,1778,191.09,192.09,5.697093486505405,5.697093486505405,5.700443573390687,5.6867799316675365,0.0229149846419565,215.0
153,1803,190.18,227.01,4.812184355372417,4.564348191467836,4.812184355372417,4.820616775754859,0.2163466867476622,122.0
153,1847,194.0,195.0,4.406719247264253,4.007333185232471,3.332204510175204,4.038244047484046,0.506950114361874,54.0
153,1878,321.13,320.13,4.248495242049359,3.9889840465642745,4.553876891600541,4.299518856869607,0.2416783063038097,42.0
153,1885,159.11,160.11,6.455198563340122,5.902633333401366,6.218600119691729,6.13756040707562,0.2513075713223939,622.0
153,1902,446.23,447.23,3.7612001156935624,3.713572066704308,2.772588722239781,3.3857994426604954,0.4591590905208427,53.0
153,1962,564.6,562.6,5.375278407684165,4.919980925828125,6.413458957167357,5.7308315972754595,0.7033056939790143,161.0
153,1971,345.35,346.35,5.497168225293202,4.90527477843843,4.804021044733257,5.1633003550328,0.3593805402710373,123.0
153,1993,158.14,158.14,6.040254711277414,5.786897381366708,5.493061443340548,5.813776932901064,0.2377270921045476,121.0
153,2126,484.03,484.03,3.713572066704308,2.6390573296152584,4.406719247264253,3.5316611183925732,0.7354308926954622,68.0
153,2139,291.03,290.03,4.394449154672439,3.737669618283368,3.7612001156935624,3.9751630184704614,0.304969409688802,54.0
153,2290,290.09,289.09,6.269096283706261,6.473890696352274,6.53813982376767,6.428918330653415,0.1147847426370192,406.0
153,2304,484.03,486.03,4.02535169073515,4.248495242049359,3.332204510175204,3.956389787033955,0.4277536829011736,28.0
153,2306,256.08,336.62,3.9889840465642745,0.0,3.367295829986474,2.9011937796500273,1.9691525557783032,94.0
153,2322,390.0,390.0,4.700480365792417,3.7612001156935624,4.02535169073515,4.296878134503386,0.4783537992268897,122.0
153,2444,726.53,726.53,4.804021044733257,5.655991810819852,3.367295829986474,3.456827171384896,2.490577335856484,15.0
153,2490,290.03,292.03,5.493061443340548,5.313205979041787,5.25227342804663,5.3596095509923565,0.1031105188335539,177.0
153,2492,388.03,387.03,3.7612001156935624,3.7612001156935624,4.553876891600541,3.8521204082907174,0.5096756165093487,80.0
153,2494,195.0,194.0,3.332204510175204,3.713572066704308,3.713572066704308,3.744714087189981,0.364020503858925,68.0
153,2539,158.14,157.14,4.812184355372417,5.37989735354046,5.493061443340548,5.233041806103477,0.2980454446119827,148.0
153,2569,245.44,338.56,6.318968113746434,5.652489180268651,5.54907608489522,5.754425401050877,0.3818590768374454,419.0
153,2577,319.13,321.13,4.553876891600541,4.406719247264253,4.007333185232471,4.304106141536656,0.233867225001596,108.0
153,2581,564.6,562.6,4.219507705176107,4.700480365792417,6.008813185442595,5.178156609685214,0.857128361222182,175.0
153,2631,163.99,161.99,3.9889840465642745,4.394449154672439,4.219507705176107,4.20926185275252,0.1668720896461932,123.0
153,2640,319.13,321.13,3.9889840465642745,4.394449154672439,3.713572066704308,4.086375127497595,0.2998108751330898,14.0
153,2664,253.2,338.56,6.906754778648554,5.780743515792329,5.438079308923196,5.920601416265904,0.6726111615761391,500.0
153,2704,319.13,320.13,4.418840607796598,3.9889840465642745,4.6913478822291435,4.376472945963568,0.2898296799601962,41.0
153,2707,238.65,237.65,6.39024066706535,6.131226489483141,6.244166900663736,6.2384745450737045,0.1111884145658907,472.0
153,2760,161.99,243.53,4.23410650459726,3.713572066704308,2.6390573296152584,3.751394127178356,0.7994205616725386,54.0
153,2826,377.33,377.33,5.556828061699537,5.652489180268651,5.556828061699537,5.580743341341815,0.0478305592845851,135.0
153,2867,728.53,727.53,4.564348191467836,5.247024072160486,2.6390573296152584,3.789619948586448,1.3188148832159463,54.0
153,2956,639.23,640.23,4.219507705176107,3.737669618283368,4.007333185232471,4.053251437685327,0.2362637370029925,14.0
157,1062,148.44,155.23,6.133398042996649,6.159095388491933,6.003887067106539,6.176638845140322,0.1698624906126171,622.0
157,1109,310.43,309.43,5.700443573390687,6.270988431858299,5.697093486505405,5.791423429261899,0.3335386979311063,378.0
157,1207,341.47,341.47,3.713572066704308,4.574710978503383,4.6913478822291435,4.299784658153236,0.4393160713437012,55.0
157,1216,421.95,423.95,4.574710978503383,5.003946305945459,4.394449154672439,4.4905226214213885,0.4208969043923983,54.0
157,1230,357.93,357.93,4.02535169073515,4.007333185232471,4.68213122712422,4.429690602259325,0.4950998637946415,80.0
157,1247,446.23,446.23,0.0,2.70805020110221,0.0,0.6770125502755521,1.354025100551102,0.0
157,1248,154.26,155.26,3.332204510175204,3.7612001156935624,4.219507705176107,3.661279210305019,0.4235499011729188,13.0
157,1445,728.53,728.53,4.68213122712422,5.099866427824199,4.007333185232471,4.271291926546304,0.7908879877117384,15.0
157,1525,320.13,320.13,3.7612001156935624,4.418840607796598,4.553876891600541,3.8432437361764906,0.8742820478570948,0.0
157,1543,482.09,484.09,3.7612001156935624,4.23410650459726,4.248495242049359,4.123074276097385,0.2413447749135921,55.0
157,1558,511.19,512.19,5.017279836814924,4.6913478822291435,6.267200548541362,5.45045709374147,0.7238765449469075,122.0
157,1571,581.03,581.03,5.181783550292085,4.6913478822291435,5.093750200806762,4.800247034481313,0.4336236257703776,162.0
157,1727,384.12,384.12,5.3230099791384085,5.937536205082426,5.25227342804663,5.22988471488293,0.6291649460412414,352.0
157,1754,282.33,280.33,6.003887067106539,6.364750756851911,6.343880434126331,6.12408586010363,0.28074562981092,621.0
157,1770,454.93,455.93,2.6390573296152584,2.772588722239781,0.0,2.1947354704603783,1.497007890999441,0.0
157,1778,155.23,151.38,5.017279836814924,5.438079308923196,5.087596335232384,5.157637954050722,0.1898766365565611,285.0
157,1878,319.13,319.13,4.912654885736052,4.394449154672439,4.02535169073515,4.534119193969224,0.405991942125058,188.0
157,1885,119.37,117.37,6.822197390620491,6.293419278846481,5.786897381366708,6.227831809069068,0.4472003606711352,419.0
157,1902,445.23,445.23,2.772588722239781,0.0,2.70805020110221,1.3701597308354978,1.5823435533376975,0.0
157,1962,512.19,511.19,5.375278407684165,5.438079308923196,6.663132695990803,5.9662629545359485,0.6563038210033737,216.0
157,1971,289.12,287.12,5.786897381366708,5.8289456176102075,6.037870919922137,5.772948306955562,0.2487646224725324,460.0
157,1993,118.34,118.34,5.976350909297934,5.598421958998375,5.786897381366708,5.763850597116429,0.1612149387695417,134.0
157,2104,582.03,583.03,4.574710978503383,4.912654885736052,4.6913478822291435,4.643290725285254,0.2171726273441145,81.0
157,2126,507.31,508.31,2.6390573296152584,4.248495242049359,3.713572066704308,3.310045491996046,0.8049786452615203,0.0
157,2139,294.91,295.91,4.007333185232471,2.70805020110221,2.6390573296152584,3.162569395488567,0.6356200805357225,40.0
157,2290,259.96,259.96,5.823045895483019,6.07073772800249,6.18826412308259,5.967236281983702,0.1939749489872134,189.0
157,2304,483.09,484.09,3.7612001156935624,2.772588722239781,3.7612001156935624,3.406798365950527,0.4686815962310316,28.0
157,2306,241.53,354.05,2.6390573296152584,3.713572066704308,3.332204510175204,2.4212084766236925,1.6742984632512852,28.0
157,2322,349.23,349.23,4.553876891600541,4.23410650459726,4.812184355372417,4.340341966815945,0.4527411552221679,108.0
157,2444,728.53,726.53,4.820281565605037,4.919980925828125,3.332204510175204,3.2681167504020916,2.296560123519622,15.0
157,2490,280.36,279.36,4.919980925828125,5.552959584921617,5.0106352940962555,5.043730921768785,0.3651013649193727,136.0
157,2492,446.23,447.23,3.332204510175204,2.70805020110221,2.70805020110221,3.1934141507786924,0.6278373360304182,26.0
157,2539,122.25,121.25,4.406719247264253,3.9889840465642745,4.564348191467836,4.490999447810456,0.4193714076882041,14.0
157,2569,244.5,284.24,6.434546518787453,5.493061443340548,4.919980925828125,5.387017313437136,0.7741702571960618,377.0
157,2581,511.19,511.19,4.912654885736052,5.003946305945459,6.267200548541362,5.491906730638153,0.6480573437604896,109.0
157,2631,147.44,149.44,4.418840607796598,4.394449154672439,3.737669618283368,3.830887025748047,0.7728683527536475,69.0
157,2640,320.13,320.13,5.003946305945459,5.0106352940962555,4.90527477843843,4.9309693558033505,0.0973796384699976,95.0
157,2664,244.5,338.53,6.535241271013659,4.553876891600541,4.912654885736052,5.361047689718012,0.8636998804827756,339.0
157,2704,320.13,320.13,3.332204510175204,3.295836866004329,3.737669618283368,2.591427748615726,1.739186650439554,82.0
157,2707,188.21,187.21,6.008813185442595,5.82600010738045,6.008813185442595,5.689070341000423,0.524735391487366,202.0
157,2760,197.88,261.93,4.574710978503383,3.9889840465642745,2.70805020110221,3.8728132328364935,0.8130244113965541,67.0
157,2826,325.92,325.92,5.497168225293202,5.497168225293202,5.605802066295998,5.525349181856782,0.0536698988851393,136.0
157,2867,726.53,728.53,3.737669618283368,3.737669618283368,0.0,1.8688348091416844,2.157944560257788,14.0
157,2956,582.03,582.03,4.23410650459726,4.23410650459726,4.820281565605037,4.26242367262328,0.4336028162552094,95.0
161,1062,161.05,151.38,5.497168225293202,5.099866427824199,5.176149732573829,5.194282672909172,0.2138619658355038,175.0
161,1109,291.0,293.0,6.07073772800249,5.780743515792329,5.934894195619588,5.939409319801218,0.1203563563457888,459.0
161,1207,345.38,343.38,2.70805020110221,2.772588722239781,3.7612001156935624,3.238852776434966,0.5765872844010161,42.0
161,1216,417.13,416.13,3.332204510175204,4.02535169073515,3.295836866004329,3.356495447288616,0.5139991086451209,15.0
161,1230,368.63,369.63,2.6390573296152584,4.02535169073515,3.295836866004329,3.487307483229753,0.6576119077888214,0.0
161,1247,446.23,445.23,2.70805020110221,0.0,3.295836866004329,2.1941189473365803,1.4862360671002264,0.0
161,1248,154.26,155.26,4.219507705176107,2.772588722239781,0.0,2.425036657129525,1.760853792409969,14.0
161,1445,581.03,727.53,3.367295829986474,3.9889840465642745,3.295836866004329,3.5974465902096115,0.3250137820141221,0.0
161,1525,321.13,321.13,4.394449154672439,3.737669618283368,4.564348191467836,4.275796552921975,0.3669976556178818,27.0
161,1543,483.09,482.09,4.248495242049359,4.007333185232471,4.02535169073515,3.73005936190806,0.7355586377826402,14.0
161,1558,512.19,511.19,3.332204510175204,3.9889840465642745,5.860786223465865,4.49649895623465,1.0907188032220425,68.0
161,1571,583.03,582.03,4.820281565605037,4.6913478822291435,4.700480365792417,4.827994060362699,0.1905308260850527,109.0
161,1727,422.95,422.95,4.68213122712422,4.90527477843843,5.497168225293202,4.9122306055809215,0.4147964563096688,134.0
161,1754,292.03,291.03,5.700443573390687,6.159095388491933,5.493061443340548,5.878451931729561,0.3361171247037368,311.0
161,1770,485.03,484.03,2.6390573296152584,2.772588722239781,2.772588722239781,2.723071243799258,0.0637388705119706,0.0
161,1778,161.08,155.26,4.02535169073515,5.093750200806762,4.6913478822291435,4.678931138052372,0.465698961368495,163.0
161,1878,320.13,320.13,5.170483995038151,5.3230099791384085,4.406719247264253,5.000019912316253,0.4063477954389256,95.0
161,1885,120.31,119.31,6.163314804034641,5.934894195619588,6.320768294250582,6.106332613376637,0.171868800294718,473.0
161,1902,447.23,445.23,3.367295829986474,3.295836866004329,2.6390573296152584,2.9853118388053304,0.4008831634880332,14.0
161,1962,511.19,512.19,4.406719247264253,3.737669618283368,6.133398042996649,4.992879761836742,1.1122218989155486,177.0
161,1971,290.06,291.06,4.90527477843843,5.3230099791384085,5.099866427824199,5.107004403306309,0.1707387397242339,215.0
161,1993,120.34,120.34,6.102558594613569,5.973809611869261,6.040254711277414,5.783475688643792,0.5134953596145285,136.0
161,2104,582.03,582.03,4.406719247264253,3.737669618283368,3.7612001156935624,3.973643256951364,0.3101643648267408,40.0
161,2126,454.96,508.31,0.0,2.70805020110221,4.248495242049359,2.563095577288975,1.822813997408561,54.0
161,2139,292.03,291.03,3.295836866004329,3.295836866004329,0.0,2.4718776495032464,1.6479184330021652,15.0
161,2290,259.96,259.96,6.100318952020064,5.82600010738045,5.973809611869261,5.770478055390465,0.4081595511315605,177.0
161,2304,483.09,482.09,4.007333185232471,3.295836866004329,3.737669618283368,3.584169133881124,0.3506666063683896,42.0
161,2306,241.53,336.62,0.0,0.0,2.772588722239781,0.6931471805599453,1.386294361119896,42.0
161,2322,339.5,341.5,0.0,3.737669618283368,3.713572066704308,2.9675205731960688,2.005179175517706,82.0
161,2444,727.53,726.53,3.9889840465642745,3.7612001156935624,3.367295829986474,3.4725171786210236,0.5326184500811755,15.0
161,2490,280.36,279.36,3.332204510175204,3.737669618283368,4.574710978503383,4.114192365583593,0.6958315399327746,40.0
161,2492,445.23,446.23,3.367295829986474,4.23410650459726,4.02535169073515,3.913026429013508,0.3768944284071037,69.0
161,2539,120.31,121.31,5.241747015059643,4.820281565605037,5.093750200806762,4.959477502148915,0.2542975295096226,108.0
161,2569,244.5,339.53,5.8289456176102075,4.007333185232471,4.812184355372417,4.596533194124616,0.9398845846333956,122.0
161,2577,319.13,321.13,4.804021044733257,2.772588722239781,5.0106352940962555,4.349857354110428,1.055843223373474,107.0
161,2581,512.19,513.19,4.406719247264253,4.406719247264253,5.556828061699537,4.8675332460130605,0.5638572908069573,55.0
161,2631,150.41,150.41,3.737669618283368,3.295836866004329,4.248495242049359,3.8223337278923823,0.4083321329500292,95.0
161,2640,321.13,320.13,5.501258210544727,5.501258210544727,5.3230099791384085,5.4263559384420805,0.0895535001134859,107.0
161,2664,246.41,338.53,5.318119993844216,4.812184355372417,3.713572066704308,4.389362120656313,0.8072079912099764,204.0
161,2704,319.13,319.13,5.170483995038151,5.241747015059643,5.0106352940962555,5.127615659856608,0.100249044415302,69.0
161,2707,192.06,194.06,5.003946305945459,5.176149732573829,5.783825182329737,5.351584732842705,0.3399570321779536,258.0
161,2760,182.36,260.93,4.912654885736052,5.017279836814924,4.394449154672439,4.679708257973964,0.3321466615114979,134.0
161,2826,325.92,326.92,5.8998973535824915,5.497168225293202,5.605802066295998,5.5945365132139635,0.2242965714182409,217.0
161,2867,727.53,728.53,3.7612001156935624,4.219507705176107,2.772588722239781,3.3653366860529155,0.746032094202453,27.0
162,1062,160.05,158.17,5.003946305945459,5.497168225293202,3.713572066704308,4.697349394111588,0.7564323807546124,95.0
162,1109,309.43,331.8,4.564348191467836,5.099866427824199,4.68213122712422,4.526886490527454,0.559787441930473,190.0
162,1207,369.63,367.63,4.919980925828125,4.804021044733257,4.919980925828125,4.6628290204054945,0.440402914987302,122.0
162,1216,292.03,418.13,2.6390573296152584,3.367295829986474,2.6390573296152584,2.854499802864193,0.3476109458962715,0.0
162,1230,351.2,349.2,5.37989735354046,5.598421958998375,5.493061443340548,5.392811795925895,0.214716326409071,134.0
162,1247,447.23,447.23,2.772588722239781,0.0,0.0,0.6931471805599453,1.3862943611198906,0.0
162,1248,95.06,98.0,0.0,0.0,0.0,0.0,0.0,0.0
162,1445,582.03,727.53,2.70805020110221,3.367295829986474,2.6390573296152584,2.178600840175986,1.4890303560894935,0.0
162,1525,320.13,319.13,2.772588722239781,0.0,0.0,0.6931471805599453,1.3862943611198917,0.0
162,1543,484.09,482.09,4.812184355372417,4.406719247264253,4.564348191467836,4.616345755307182,0.1725567588719638,134.0
162,1558,512.19,513.19,4.90527477843843,5.099866427824199,5.700443573390687,4.750355411414411,1.0270426273756832,161.0
162,1727,398.7,397.7,4.418840607796598,5.501258210544727,4.6913478822291435,5.065105234682918,0.6023523216118607,202.0
162,1754,292.03,290.03,6.807934943699926,6.535241271013659,6.495265555937008,6.527357550627223,0.2202580666189418,690.0
162,1770,486.03,486.03,0.0,2.6390573296152584,0.0,0.6597643324038146,1.3195286648076312,0.0
162,1778,162.99,161.99,0.0,2.6390573296152584,3.713572066704308,2.7292443969468505,1.982709895025418,0.0
162,1878,319.13,320.13,2.6390573296152584,3.367295829986474,3.367295829986474,2.3434122473970516,1.59954807756051,14.0
162,1885,120.34,120.34,4.007333185232471,4.394449154672439,4.23410650459726,4.221096021637883,0.1598601982014179,55.0
162,1902,447.23,447.23,0.0,0.0,0.0,0.8239592165010823,1.6479184330021652,14.0
162,1962,512.19,511.19,4.700480365792417,4.912654885736052,5.099866427824199,5.023224758223282,0.2883741350612158,231.0
162,1971,290.06,289.06,6.1903154058531475,5.863631175598097,5.0106352940962555,5.655352484311759,0.5016415246895309,312.0
162,1993,118.34,119.34,4.418840607796598,4.574710978503383,4.6913478822291435,4.564902611758127,0.1118256433652422,54.0
162,2126,471.42,473.42,3.295836866004329,2.772588722239781,4.02535169073515,3.18320865214863,0.6289142497588569,0.0
162,2139,285.18,285.18,0.0,4.02535169073515,3.737669618283368,1.9407553272546296,2.2440666544225767,81.0
162,2290,259.96,259.96,6.040254711277414,5.934894195619588,5.313205979041787,5.757036949529506,0.3210030050453594,202.0
162,2304,484.09,482.09,0.0,3.713572066704308,3.332204510175204,2.7677820669036652,1.866832464081757,27.0
162,2306,264.81,290.03,2.70805020110221,0.0,0.0,0.6770125502755525,1.354025100551105,53.0
162,2322,367.63,368.63,4.90527477843843,4.406719247264253,4.90527477843843,4.6559970128513415,0.2878411701293908,80.0
162,2444,581.03,727.53,3.737669618283368,3.367295829986474,0.0,2.4360056944712745,1.6869088097358182,0.0
162,2490,281.36,281.36,5.697093486505405,5.093750200806762,5.093750200806762,5.225468431233463,0.3164764699308662,162.0
162,2492,290.03,290.03,0.0,0.0,0.0,0.0,0.0,0.0
162,2539,117.43,115.43,3.367295829986474,4.406719247264253,2.772588722239781,3.2964152822764414,0.8050492096010967,27.0
162,2569,251.26,339.53,4.68213122712422,6.163314804034641,6.186208623900494,5.81846948012863,0.7582836476986717,351.0
162,2577,319.13,320.13,0.0,3.295836866004329,0.0,1.483723548904897,1.734110911294266,14.0
162,2581,513.19,512.19,5.017279836814924,5.700443573390687,5.82600010738045,5.496535307026964,0.3571834989390852,136.0
162,2631,78.63,152.35,0.0,0.0,0.0,0.0,0.0,0.0
162,2640,319.13,320.13,2.772588722239781,2.70805020110221,3.295836866004329,3.122511964012657,0.4738559537426195,15.0
162,2664,256.11,340.53,5.003946305945459,6.003887067106539,6.042632833682381,5.809682582454242,0.5429905252681969,378.0
162,2704,319.13,319.13,3.7612001156935624,2.6390573296152584,3.367295829986474,2.441888318823824,1.6929911261335284,15.0
162,2707,207.64,205.64,3.737669618283368,4.007333185232471,4.553876891600541,4.1368437342914355,0.3476088178245666,40.0
162,2760,262.93,261.93,0.0,3.737669618283368,0.0,1.5941817369746567,1.894653541101066,0.0
162,2826,326.92,326.92,4.418840607796598,5.493061443340548,3.9889840465642745,4.747120608233451,0.6720342885553054,28.0
162,2867,582.03,727.53,2.6390573296152584,0.0,0.0,0.6597643324038148,1.3195286648076283,0.0
174,1062,188.21,189.21,6.517671272912275,6.495265555937008,6.556778356158042,6.511671886974252,0.0343696128562359,635.0
174,1109,288.09,289.09,7.0707241072602764,6.866933284461882,6.761572768804055,6.894903560678054,0.1286896994964943,959.0
174,1198,156.23,204.73,5.3230099791384085,5.318119993844216,5.017279836814924,5.242903947209834,0.1504693156913218,149.0
174,1207,390.0,389.0,4.418840607796598,4.90527477843843,4.007333185232471,4.607828749822924,0.4922352613102155,134.0
174,1216,417.13,416.13,5.176149732573829,4.564348191467836,4.007333185232471,4.538637589134598,0.4853760008599618,28.0
174,1230,377.39,375.39,4.820281565605037,5.442417710521793,4.90527477843843,4.469006063916868,1.2058497216878494,121.0
174,1247,446.23,445.23,2.6390573296152584,4.23410650459726,3.737669618283368,3.7963861077498176,0.8446392281290939,55.0
174,1248,158.11,160.11,3.7612001156935624,4.812184355372417,5.017279836814924,4.404003999654013,0.6053354055188533,40.0
174,1311,169.75,194.03,5.652489180268651,6.318968113746434,5.556828061699537,5.867114152108763,0.3424668738414778,216.0
174,1438,196.0,194.0,4.919980925828125,4.919980925828125,4.820281565605037,4.8035300772154566,0.1729440427191886,177.0
174,1445,728.53,727.53,5.501258210544727,5.905361848054571,4.219507705176107,4.583544491219404,1.4421513107534385,41.0
174,1525,321.13,319.13,5.605802066295998,5.8289456176102075,6.100318952020064,5.796010218521869,0.2247126064481554,256.0
174,1543,486.03,485.03,4.919980925828125,5.099866427824199,4.406719247264253,4.708321462045208,0.3559189892645524,136.0
174,1558,564.6,564.6,4.90527477843843,5.25227342804663,6.410174881966167,5.721672800549415,0.7566677625605245,189.0
174,1571,640.23,641.23,4.394449154672439,5.087596335232384,4.820281565605037,4.868202762637003,0.3494025402228528,94.0
174,1727,466.63,465.63,5.863631175598097,6.318968113746434,6.318968113746434,6.20513387920935,0.2276684690741588,580.0
174,1754,320.16,318.16,6.456769655572163,6.269096283706261,6.293419278846481,6.352381471297564,0.0870692719067054,541.0
174,1770,485.03,485.03,3.9889840465642745,3.295836866004329,4.007333185232471,2.8230385244502685,1.91093934897662,26.0
174,1778,190.15,191.15,6.664409020350408,6.716594773520978,6.646390514847729,6.654767010181944,0.0515317640047909,594.0
174,1803,178.48,178.48,6.159095388491933,5.937536205082426,6.068425588244111,6.088843146917904,0.1133470542616341,257.0
174,1847,194.0,195.0,4.406719247264253,4.700480365792417,5.087596335232384,4.550532283380381,0.4570447362481289,95.0
174,1878,321.13,320.13,5.099866427824199,4.804021044733257,4.919980925828125,5.052090865293668,0.2528284839346895,136.0
174,1885,159.14,151.38,7.614312146452,7.523481312573497,7.586803535162581,7.584603919749177,0.0427274020086267,2052.0
174,1902,445.23,447.23,4.219507705176107,3.713572066704308,2.70805020110221,3.337295043521208,0.7553766658609434,55.0
174,1962,563.6,563.6,6.102558594613569,5.905361848054571,7.423568444259167,6.681805989919146,0.7885669508285797,447.0
174,1971,344.35,346.35,5.497168225293202,5.313205979041787,5.247024072160486,5.414879274343794,0.1636489608001429,163.0
174,1993,158.14,151.38,7.373374309910049,6.9865664594064265,7.093404625868766,7.167880558397162,0.1665121263973477,458.0
174,2104,639.23,640.23,4.553876891600541,4.02535169073515,4.007333185232471,4.2087642524043805,0.2548829325207914,80.0
174,2126,486.03,484.03,2.70805020110221,2.70805020110221,4.02535169073515,3.020127355638707,0.6709383055022727,55.0
174,2139,290.03,291.03,4.406719247264253,3.7612001156935624,4.564348191467836,4.23794381490044,0.3476825220835599,28.0
174,2290,293.94,293.94,6.9975959829819265,7.102499355774649,7.168579897264035,7.078612953225031,0.073726043171932,863.0
174,2304,486.03,484.03,3.9889840465642745,3.367295829986474,3.295836866004329,3.7647089974548327,0.5292304979375045,69.0
174,2306,243.5,335.62,3.7612001156935624,4.02535169073515,3.9889840465642745,3.884183992171637,0.1427835637898106,284.0
174,2322,387.09,386.09,5.605802066295998,5.181783550292085,5.37989735354046,5.401390569762935,0.1749469680032083,163.0
174,2444,727.53,728.53,5.442417710521793,6.07073772800249,2.772588722239781,4.248448590466569,1.7604250915641122,14.0
174,2490,292.03,290.03,5.902633333401366,6.037870919922137,5.823045895483019,5.942475827102063,0.0983725405660577,339.0
174,2492,388.03,389.03,4.406719247264253,4.564348191467836,4.919980925828125,4.149774641415606,0.9848314307912688,94.0
174,2494,194.0,196.0,4.6913478822291435,4.804021044733257,5.0106352940962555,4.901467662220713,0.1870167614999113,217.0
174,2539,158.14,150.35,6.320768294250582,6.218600119691729,6.270988431858299,6.276405711810065,0.0435682707481057,473.0
174,2569,243.53,339.56,6.922643891475888,6.133398042996649,6.129050210060545,6.297861326033704,0.4206644068298208,581.0
174,2577,320.13,320.13,4.919980925828125,5.087596335232384,4.248495242049359,4.837455675979157,0.4008083675380925,55.0
174,2581,562.63,561.63,5.3230099791384085,5.099866427824199,6.984716320118266,6.022111851467772,0.9486533481626478,296.0
174,2631,163.93,165.93,4.812184355372417,4.812184355372417,4.820281565605037,4.865482528291199,0.1012701673343124,123.0
174,2640,320.13,321.13,4.248495242049359,4.564348191467836,4.248495242049359,4.403803891791774,0.1793859254974361,15.0
174,2664,240.62,308.46,6.960347729101308,5.739792912179234,5.652489180268651,5.987762945136892,0.6510005632717379,622.0
174,2704,320.13,319.13,5.8664680569332965,5.648974238161206,5.863631175598097,5.706452710589727,0.2008862140554959,243.0
174,2707,237.71,235.71,6.9985096422506015,7.046647277848756,7.168579897264035,7.037033506822988,0.0990204945338653,1162.0
174,2760,162.99,241.53,5.6937321388027,5.017279836814924,5.318119993844216,5.4323938857131315,0.3294067969079604,364.0
174,2826,379.33,378.33,6.456769655572163,6.535241271013659,6.663132695990803,6.57079624968904,0.0932188187314415,458.0
174,2867,726.53,726.53,4.564348191467836,5.099866427824199,3.295836866004329,4.063972087825173,0.913512774357344,42.0
174,2956,641.23,639.23,4.919980925828125,4.820281565605037,5.087596335232384,4.848051754533346,0.2189477159160865,135.0
177,1062,155.26,154.26,6.39024066706535,6.368187186350492,6.240275845170769,6.289449771769636,0.1091920713334311,688.0
177,1109,310.43,309.43,5.099866427824199,5.384495062789089,5.8289456176102075,5.370947775815411,0.3284389221277353,136.0
177,1207,353.11,352.11,5.099866427824199,5.3230099791384085,5.170483995038151,4.960463911012529,0.4836943023874552,96.0
177,1216,292.03,413.25,2.70805020110221,4.219507705176107,2.6390573296152584,3.0848009895333393,0.7584335605518396,0.0
177,1230,352.11,353.11,5.44673737166631,4.804021044733257,5.313205979041787,4.989603387528448,0.4838524167318195,189.0
177,1247,446.23,446.23,0.0,0.0,0.0,0.6770125502755525,1.354025100551106,0.0
177,1248,149.38,151.38,3.9889840465642745,3.7612001156935624,4.23410650459726,2.9960726667137743,2.006694813982506,0.0
177,1445,727.53,727.53,4.564348191467836,4.574710978503383,0.0,2.97791197305275,2.1584457599148057,42.0
177,1525,320.13,321.13,3.295836866004329,3.367295829986474,3.7612001156935624,3.439134330464892,0.2166835557165896,53.0
177,1543,484.09,482.09,4.23410650459726,3.332204510175204,3.9889840465642745,3.565836315609737,0.6870273857845668,13.0
177,1558,547.08,547.08,4.553876891600541,4.812184355372417,6.18826412308259,5.353777898380353,0.7930090136938441,42.0
177,1571,582.03,582.03,3.7612001156935624,4.007333185232471,4.23410650459726,3.833711078924624,0.3861035314462839,42.0
177,1727,447.23,445.23,5.940171252720432,6.129050210060545,5.087596335232384,5.703202402208303,0.4541292992098318,270.0
177,1754,329.83,330.83,5.438079308923196,5.25227342804663,5.739792912179234,5.451356014208306,0.2071986111130981,366.0
177,1770,484.03,486.03,0.0,0.0,0.0,0.0,0.0,0.0
177,1778,158.17,156.17,5.7430031878094825,5.905361848054571,5.44673737166631,5.569221489455613,0.3205728909185814,432.0
177,1878,319.13,320.13,4.248495242049359,4.912654885736052,3.713572066704308,4.220513844930547,0.5106460415109875,69.0
177,1885,140.71,140.71,5.739792912179234,5.605802066295998,5.8289456176102075,5.739591444603795,0.0963335007912039,337.0
177,1902,445.23,445.23,2.772588722239781,2.772588722239781,0.0,1.3862943611198906,1.6007548451372584,0.0
177,1962,549.08,548.08,5.247024072160486,4.553876891600541,6.317164686747284,5.430046117847003,0.7343382401058516,135.0
177,1971,327.86,329.86,4.007333185232471,4.406719247264253,4.248495242049359,4.267316730452584,0.1886900594429149,27.0
177,1993,142.62,141.62,5.598421958998375,6.100318952020064,5.8998973535824915,5.695105453723254,0.3995767661515114,216.0
177,2126,435.53,509.31,3.295836866004329,2.70805020110221,4.248495242049359,3.396146704832776,0.6361670365988501,0.0
177,2139,285.18,286.18,4.394449154672439,3.367295829986474,2.70805020110221,3.277213128844096,0.8139452260152262,0.0
177,2290,272.57,273.57,5.552959584921617,5.937536205082426,5.971261839790462,5.7271237503652035,0.2663496985123461,163.0
177,2304,484.09,483.09,3.367295829986474,3.295836866004329,2.6390573296152584,3.0025600566770674,0.3820618443973403,55.0
177,2306,243.53,335.62,0.0,0.0,0.0,0.833051127543801,1.6661022550876008,13.0
177,2322,352.14,353.14,4.912654885736052,4.90527477843843,5.37989735354046,4.901136566244799,0.3974125368111059,149.0
177,2444,581.03,728.53,5.0106352940962555,0.0,0.0,1.2526588235240643,2.50531764704813,0.0
177,2490,290.03,291.03,5.176149732573829,5.017279836814924,4.6913478822291435,4.718440374545542,0.5265116074085798,136.0
177,2492,456.93,455.93,3.295836866004329,0.0,2.70805020110221,2.3340228943204355,1.5820884880211474,14.0
177,2539,134.83,134.83,3.7612001156935624,4.248495242049359,4.23410650459726,4.202037513452004,0.3310555740890042,94.0
177,2569,246.38,322.07,6.476972362889683,6.556778356158042,5.971261839790462,6.359085910192916,0.2636957801106248,512.0
177,2577,319.13,320.13,0.0,0.0,3.737669618283368,1.6275645851307874,1.920204544924139,13.0
177,2581,548.08,548.08,5.0106352940962555,0.0,6.51471269087253,4.399021428242819,2.9997914345663843,204.0
177,2631,150.38,150.38,4.02535169073515,4.406719247264253,0.0,3.1052637461409196,2.0787795096858597,55.0
177,2640,320.13,319.13,3.7612001156935624,3.7612001156935624,4.007333185232471,3.884266650463017,0.1421049939547373,0.0
177,2664,236.68,322.07,6.102558594613569,6.293419278846481,5.497168225293202,5.918472403636395,0.3516339679147799,271.0
177,2704,321.13,319.13,0.0,4.02535169073515,3.295836866004329,2.5073096894604223,1.7562389034201105,121.0
177,2707,201.82,200.82,5.442417710521793,5.700443573390687,5.823045895483019,5.677227591801246,0.1645843946293008,446.0
177,2760,182.36,262.93,3.737669618283368,3.332204510175204,4.248495242049359,3.5227395231869285,0.6250189662681442,40.0
177,2826,325.92,325.92,5.786897381366708,6.07073772800249,5.8998973535824915,5.827623011968326,0.2171227922574952,230.0
177,2867,581.03,728.53,4.23410650459726,0.0,0.0,1.0585266261493156,2.1170532522986303,0.0
186,1062,153.26,152.35,5.780743515792329,5.093750200806762,5.25227342804663,5.488928190563982,0.3710072573162429,485.0
186,1109,310.43,309.43,5.602118820879701,5.976350909297934,5.37989735354046,5.6268607921533285,0.251526610798262,311.0
186,1207,359.93,358.93,4.418840607796598,4.394449154672439,4.820281565605037,4.546862054918654,0.1953002985510178,148.0
186,1216,417.13,416.13,5.247024072160486,4.6913478822291435,3.9889840465642745,3.4818390002384754,2.3776170840672317,42.0
186,1230,359.87,359.87,4.919980925828125,4.6913478822291435,4.418840607796598,4.680379324520753,0.2049813375335656,68.0
186,1247,447.23,446.23,2.70805020110221,2.6390573296152584,0.0,1.3367768826793671,1.5438339444838682,14.0
186,1248,138.74,138.74,2.6390573296152584,2.6390573296152584,4.219507705176107,3.371651602742725,0.8511459049748838,0.0
186,1445,726.53,726.53,0.0,2.70805020110221,3.295836866004329,2.1779843170521875,1.478191427543757,13.0
186,1525,321.13,321.13,4.007333185232471,0.0,3.713572066704308,2.927472324625264,1.9562680141900175,27.0
186,1543,484.09,483.09,4.248495242049359,3.367295829986474,4.02535169073515,4.08540578214085,0.5550385309943552,54.0
186,1558,513.19,511.19,4.406719247264253,5.170483995038151,6.0063531596017325,5.330837328520842,0.7078779855103743,95.0
186,1571,583.03,581.03,4.68213122712422,4.23410650459726,3.367295829986474,4.068129402068058,0.5483242115119917,13.0
186,1727,421.95,421.95,4.553876891600541,5.0106352940962555,5.25227342804663,4.8478741480617025,0.3420928101751754,108.0
186,1754,292.03,291.03,6.003887067106539,5.783825182329737,6.003887067106539,5.988728530144364,0.1559116325168426,447.0
186,1770,455.93,454.93,3.295836866004329,0.0,2.772588722239781,2.1941189473365803,1.4862360671002277,28.0
186,1778,155.2,174.63,5.247024072160486,5.017279836814924,4.90527477843843,5.064293755661556,0.1430975453607917,176.0
186,1878,319.13,320.13,3.737669618283368,4.248495242049359,4.248495242049359,3.751812206155466,0.6958128868532637,13.0
186,1885,116.46,114.46,5.973809611869261,5.655991810819852,6.159095388491933,5.979486755310398,0.2304413860245339,257.0
186,1902,447.23,446.23,0.0,2.772588722239781,0.0,0.6931471805599455,1.386294361119891,0.0
186,1962,511.19,513.19,5.44673737166631,5.442417710521793,5.8998973535824915,5.738091809951309,0.3555775632351771,82.0
186,1971,291.06,291.06,5.087596335232384,5.54907608489522,5.973809611869261,5.426058058200907,0.4243230096041455,136.0
186,1993,117.43,116.43,5.700443573390687,5.6937321388027,5.863631175598097,5.726695281488173,0.0941058280611777,96.0
186,2104,583.03,582.03,3.367295829986474,3.367295829986474,3.367295829986474,3.202484422765408,0.3296228144421352,0.0
186,2126,507.31,509.31,0.0,2.70805020110221,3.713572066704308,2.5398229715224714,1.759879224553191,0.0
186,2139,292.03,292.03,3.295836866004329,3.367295829986474,3.713572066704308,3.2711887409493317,0.4174015351349868,26.0
186,2290,259.96,259.96,5.786897381366708,6.29156913955832,5.902633333401366,5.980317776761707,0.2175128167337061,123.0
186,2304,483.09,482.09,3.332204510175204,3.713572066704308,2.772588722239781,3.3890087293506657,0.4509641966232627,68.0
186,2306,242.53,335.62,3.367295829986474,0.0,2.70805020110221,1.518836507772171,1.7743317755301335,13.0
186,2322,354.11,352.11,3.9889840465642745,4.68213122712422,4.68213122712422,4.3446495478869664,0.3899730067814297,162.0
186,2444,583.03,727.53,4.394449154672439,4.418840607796598,3.332204510175204,3.8694246957048617,0.6204083554280513,0.0
186,2490,281.36,280.36,5.176149732573829,5.37989735354046,4.6913478822291435,4.986968833533962,0.3462415454540754,108.0
186,2492,445.23,447.23,3.737669618283368,3.332204510175204,0.0,1.7674685321146435,2.0475986769065675,28.0
186,2539,119.34,119.34,4.248495242049359,4.564348191467836,2.6390573296152584,3.803275219706504,0.8435295977077132,53.0
186,2569,243.5,340.53,5.823045895483019,5.556828061699537,5.0106352940962555,5.372593919775753,0.383945974080966,256.0
186,2577,320.13,319.13,0.0,3.295836866004329,4.248495242049359,1.8860830270134217,2.2123152073394996,0.0
186,2581,512.19,513.19,5.25227342804663,5.017279836814924,6.1903154058531475,5.560153046626757,0.5276570652551194,109.0
186,2631,152.35,152.35,3.7612001156935624,3.737669618283368,3.295836866004329,3.700509946303433,0.2960658371308348,68.0
186,2640,321.13,319.13,4.394449154672439,4.007333185232471,4.564348191467836,4.516499239799236,0.4534141199986646,81.0
186,2664,242.5,339.53,5.37989735354046,5.552959584921617,5.087596335232384,5.1779502889809015,0.3769882085427365,121.0
186,2704,321.13,319.13,3.737669618283368,3.9889840465642745,0.0,2.9289094278529797,1.95619698025385,67.0
186,2707,196.0,195.0,5.37989735354046,5.501258210544727,5.598421958998375,5.532137940311191,0.1185679068429747,175.0
186,2760,182.36,261.93,3.7612001156935624,3.295836866004329,3.332204510175204,3.531727777539116,0.252007706305079,96.0
186,2826,327.92,327.92,5.017279836814924,5.697093486505405,4.90527477843843,5.198949458583147,0.3501980245957051,162.0
186,2867,727.53,727.53,4.564348191467836,4.007333185232471,0.0,2.9668795606761593,2.0449154022846145,28.0
186,2956,292.03,582.03,0.0,0.0,0.0,0.0,0.0,0.0
