id,num_orders
1000085,83.30877681070177
1000100,185.09095992731622
1000105,386.54692587175134
1000116,191.68045647963558
1000119,115.47835090811223
1000121,50.52669674116372
1000127,382.64128242653425
1000162,19.895472570027643
1000164,717.5238868617347
1000187,73.36701064350297
1000213,18.712244378944458
1000233,28.64660622457426
1000237,171.67848283738553
1000239,126.45268566862528
1000259,285.9639704654001
1000264,208.49249365968464
1000304,131.51792929980616
1000316,177.818530243725
1000357,316.7074389738885
1000380,109.22739736044213
1000392,103.13250963536241
1000399,23.220326290668247
1000405,150.42956924268665
1000409,11.5203243831663
1000429,262.9701654349231
1000438,51.522200297004375
1000462,128.5582502670635
1000502,367.5328434594943
1000505,274.11648524182243
1000531,199.57592371013348
1000557,22.011442727723058
1000586,171.21126729997474
1000595,254.57194868339795
1000635,208.44222305598095
1000642,105.78364284171172
1000649,723.7234047031847
1000662,56.64999497440028
1000666,43.703150831211545
1000698,290.8592238843021
1000718,154.98353769538198
1000734,38.15713384389755
1000748,45.47811427108195
1000796,83.7526305961186
1000831,48.625274071385746
1000845,698.3040799726706
1000846,22.533166846826344
1000890,31.8819617632853
1000907,425.3546666194244
1000914,740.3477536616953
1000916,99.17113110682996
1000917,14.021619742759945
1000954,94.24507210325392
1000962,364.72382361671083
1000967,77.73434064072494
1000985,127.33291527151444
1001023,29.982812168968675
1001035,480.6486129635798
1001037,232.06230035654914
1001057,71.62697979650935
1001062,313.51624120476015
1001071,1.170942706926875
1001078,816.1602632291795
1001101,94.90331849820578
1001106,80.17939056244732
1001108,46.38181344301303
1001148,19.030298070555236
1001171,77.13380401581874
1001180,26.31981623325638
1001197,19.04200206728235
1001218,94.49297773222749
1001227,78.12338587406121
1001235,139.94081974226793
1001246,108.5808885711398
1001266,740.4898601680276
1001293,77.55766867313072
1001298,263.4401826034534
1001350,28.664451056191336
1001411,203.8217413818563
1001412,530.6982111136446
1001420,734.6550309250742
1001425,69.82314476833265
1001431,39.43998210527579
1001439,282.596743390525
1001450,26.199756620362386
1001468,38.292286502735756
1001480,260.75776574925766
1001499,882.4447828541619
1001524,91.92817428152513
1001552,80.67180578635134
1001589,62.4904716311453
1001605,607.2784735606364
1001624,75.3077609042584
1001630,33.99560096442871
1001638,73.74588621850347
1001640,32.44138898000416
1001642,36.359538301934876
1001655,26.62701959716138
1001659,44.00016578689033
1001680,1241.8120602845333
1001682,248.7245674268291
1001694,36.49923946324898
1001701,17.774212834675623
1001732,193.0280400301683
1001749,75.61065104916051
1001753,207.81508838204937
1001765,58.3153868439795
1001797,777.4016697379869
1001837,5.39709601735774
1001888,110.87621677530196
1001894,31.312369947585704
1001905,116.90353899393368
1001921,578.4576568523886
1001951,84.17335508039491
1001956,336.2676751944613
1001959,10.866223114841294
1001960,187.14300788489405
1001984,300.56299275945065
1002006,0.05311692844732488
1002018,154.15414603407763
1002038,118.99528643609271
1002043,426.27227728525907
1002128,35.20701761880319
1002169,51.219996767410024
1002198,173.10343387849312
1002205,35.00306788744191
1002209,429.5091747067664
1002219,48.646647990962286
1002220,381.0190424359043
1002230,38.371843932074825
1002232,258.667937314061
1002279,42.47947899195573
1002286,49.35448112540008
1002289,61.88680151625665
1002309,168.92824549755224
1002342,98.74361296106247
1002344,305.13325184401765
1002435,385.60952676938666
1002439,237.9653328950126
1002446,23.4056193350221
1002461,39.0779067271521
1002479,182.76913251774408
1002495,65.07426344891884
1002536,70.99877122833155
1002560,279.2572791518823
1002568,78.89051995455736
1002579,135.14225318701259
1002584,75.31565536884536
1002587,86.12520232342439
1002589,706.1991294653626
1002603,100.49330120142164
1002660,28.65958602804134
1002687,140.63528186842993
1002689,535.0050272756002
1002696,396.9723692777327
1002703,100.38131651729043
1002726,11.157537472459088
1002734,538.103689354448
1002763,224.9122732402902
1002773,287.13684076795795
1002774,511.85130381841566
1002793,32.33104296049951
1002825,12.653017632508172
1002856,51.39978074109142
1002890,359.9201356427806
1002909,207.14115021908265
1002910,346.1720932570435
1002912,1573.3918430566425
1002928,114.30178352625536
1002941,35.099512285526245
1002959,86.13230754575385
1002960,36.507785476655854
1002962,439.83964718992826
1002965,18.518043498269357
1002997,116.9958154613862
1003011,21.925589871800337
1003012,218.37233560185535
1003089,108.24954656610396
1003099,52.45508527172779
1003132,187.19674421358746
1003155,159.90206350319332
1003166,28.585281917467356
1003197,915.4416199373638
1003218,159.12695146484046
1003219,348.6200678235065
1003233,0.2674344718508437
1003250,30.192988444374834
1003254,228.004862284203
1003271,20.358541059231026
1003274,232.10161393703987
1003275,38.745780129081105
1003296,19.87548585707916
1003304,372.8045843996096
1003325,38.221751380541534
1003331,560.9720802466148
1003353,176.38952006801088
1003354,89.48913255771215
1003367,314.5364200239764
1003371,422.23580175659015
1003384,265.5267949319779
1003413,127.03424557421187
1003422,25.676265826587024
1003426,586.3177809639552
1003446,365.516243785314
1003447,189.76346098357774
1003459,161.05060393818303
1003495,0.24357075837706074
1003496,50.465728395599854
1003508,478.27557010411357
1003511,174.3602663980652
1003516,472.69744269184497
1003526,272.03889695588987
1003527,27.081918201560146
1003543,180.35693809597603
1003545,341.62672736065736
1003559,218.51868484802347
1003561,350.3450239236591
1003568,29.609096933444185
1003574,48.9679166820542
1003603,16.72790726782732
1003607,11.371323212648072
1003610,434.4546760800946
1003680,3.2357420413808
1003688,508.19720735042927
1003698,269.7081395198273
1003702,69.79150155094312
1003704,38.69621191290743
1003753,107.81862889771726
1003757,45.813261843211365
1003760,340.12484909049084
1003774,110.11889181335131
1003775,109.61683355966306
1003790,453.2290397832528
1003796,39.27946528539826
1003799,148.93107544060453
1003827,41.527774495288455
1003833,184.17655451684496
1003890,316.84751001882256
1003947,954.4006018348077
1003967,26.863506200699
1004022,140.3353029479836
1004040,150.830300658117
1004124,300.6211476058708
1004134,25.91417408842311
1004153,27.67407019118429
1004160,186.5072311780311
1004166,113.39069904198425
1004198,65.42361222224672
1004201,105.92949948792618
1004209,118.76260570048426
1004210,18.165432159499897
1004214,139.22439000252052
1004231,887.7656441633086
1004232,18.025415457749
1004246,361.9672689736993
1004249,71.1871829714588
1004268,188.4880082624155
1004280,69.7134361941252
1004285,144.15294396363225
1004288,125.58289193875497
1004292,27.69744198727003
1004297,156.41687312724295
1004313,83.66679265008769
1004325,71.44434021873667
1004343,28.795484371832828
1004376,351.1392226559629
1004386,1079.9265476059377
1004410,72.5831540836884
1004415,12.769190465911512
1004420,493.88884237180156
1004423,373.1889616351355
1004425,284.8641939854714
1004465,186.63968831707305
1004475,27.977380017905745
1004476,113.02947962645199
1004481,457.93759047568795
1004495,237.98008717441905
1004505,34.79400022171955
1004507,159.91118437984423
1004508,39.97123019468609
1004511,51.63989348622076
1004518,249.7714537022014
1004539,879.6664397228707
1004548,52.15450492841624
1004559,10.90333910099183
1004561,378.4448509315269
1004578,478.85702682072593
1004602,211.05563129671032
1004607,155.19653002278727
1004611,61.7533616421422
1004645,139.25949188166555
1004647,345.98402141180577
1004659,169.57995508256957
1004679,393.4826797327064
1004715,54.25644630974191
1004738,68.37122539921592
1004740,199.27427239387407
1004768,31.894369190413865
1004773,93.46469965066818
1004788,18.022465291513814
1004792,174.7205115468728
1004822,47.3966005624279
1004828,138.54575156708106
1004831,254.53920689406155
1004840,287.65930553849705
1004841,35.412191899666055
1004866,125.66397105653742
1004884,50.8946869336222
1004886,24.07625021063508
1004906,67.02063581412514
1004907,19.464422139385807
1004909,15.751992090033333
1004923,689.5498953290908
1004925,288.93264614533183
1004938,40.79916831546847
1004955,23.558979670152688
1005003,16.376294938118335
1005046,119.5219018306831
1005047,189.41977953668575
1005070,34.25826803490037
1005087,155.8415385736637
1005089,252.78549350286767
1005103,0.11171521605891455
1005108,939.9700003111435
1005118,534.2667979270391
1005154,249.63072956825658
1005166,8.389982271953262
1005203,93.48883506974128
1005212,52.079530966861455
1005220,203.39198637818868
1005224,118.23022011054982
1005260,1576.430024378617
1005261,604.0290656911485
1005265,124.16282208037364
1005287,31.209286077389358
1005311,158.84750284867152
1005331,225.70128537822634
1005332,278.1493437920953
1005335,48.58829168058272
1005347,122.28065520388982
1005375,614.361539440997
1005381,267.6723292931189
1005386,24.370769121977574
1005390,153.3331903508129
1005399,646.3317302544499
1005400,350.08782670357743
1005407,51.452270271039296
1005415,272.6473526545693
1005418,57.65831349430446
1005436,70.03878130904016
1005450,24.590478601332062
1005457,14.467234784328788
1005493,20.599562355216037
1005508,142.96516096588294
1005512,16.611512375465036
1005560,768.7856912141597
1005596,123.77646260298562
1005607,38.37281052834975
1005610,645.5937377488148
1005678,115.74768453481784
1005691,118.4424931397629
1005699,51.799126840676905
1005706,172.74575288744515
1005712,821.4660833658515
1005714,85.38534565388727
1005733,49.8478316129249
1005745,90.58329154553601
1005746,1292.58724898232
1005749,16.720936631584376
1005761,74.86257831833841
1005813,147.0889080702023
1005817,11.742065269640642
1005828,3.324628753189062
1005839,289.3839427521549
1005855,101.30994847821931
1005857,242.8526748849763
1005859,87.62420749616435
1005866,630.9165016641249
1005877,7.2679543848091415
1005888,49.292158129610044
1005910,277.1012379328215
1005967,63.842763878719765
1005991,403.6189646098846
1005997,78.19789008540381
1006018,21.482393590504095
1006036,307.94553371733195
1006041,19.226184267586817
1006063,653.5226214644358
1006087,295.43199364159204
1006089,156.46351671188194
1006102,90.65733702209215
1006107,26.770548542071122
1006124,19.36448000891289
1006145,478.76265982869154
1006149,51.12070916412312
1006214,114.05830345762001
1006230,172.40820281841508
1006231,428.26397762284716
1006233,123.73583138758613
1006238,427.8340263447476
1006243,126.48809168125233
1006248,32.7899284141133
1006250,79.63486737274366
1006258,100.47160242913559
1006261,85.4462302449404
1006284,35.920112423058605
1006290,92.14880019509778
1006298,59.485068382066814
1006312,93.70813531711292
1006332,43.0896830704095
1006345,135.7273669221307
1006359,24.632272115307934
1006361,107.18476501686519
1006386,471.54999532197706
1006400,48.57358417578849
1006403,20.73439224561552
1006405,27.02517599229221
1006410,24.530928079768657
1006430,106.8958367548542
1006444,132.07498682969026
1006454,95.33258944580325
1006493,560.5123901276977
1006498,542.6133738269189
1006532,192.11456969710213
1006545,88.3032412819335
1006557,595.9138792077496
1006565,133.9338832698984
1006570,39.61443581268959
1006574,77.19101661198117
1006586,857.5321775605745
1006600,51.055925650977116
1006634,52.63503938876039
1006636,98.10231059766477
1006640,41.73114586455567
1006648,36.5873891059411
1006670,191.23529120977946
1006679,236.2356933227783
1006695,35.615146045455056
1006713,59.32669853723776
1006717,418.650236935596
1006721,123.05206732694616
1006749,583.3267771272083
1006757,67.63473014562346
1006772,580.5734017522693
1006792,32.3260282055343
1006812,439.9959545024727
1006816,33.55058917770753
1006832,388.76872904270914
1006833,143.74601448828741
1006845,333.7788831374862
1006863,26.827427460837775
1006869,62.46370713242548
1006871,138.50589175389308
1006876,58.73275260052751
1006892,9.140797783017959
1006930,147.683904766368
1006934,126.80911459510597
1006967,100.56285698019222
1006972,1901.1346764348473
1006987,106.38551785100576
1007010,180.03239513052503
1007013,48.02133726578175
1007028,9.598907842700577
1007031,121.63570043505098
1007038,44.36227471573051
1007039,80.66061892179503
1007065,30.20913738376907
1007084,14.245246786367673
1007089,13.782845557153069
1007092,18.657357561230043
1007110,146.48330983794324
1007123,136.0721705556194
1007138,34.69826672974596
1007165,79.39920665530222
1007195,699.9521933579724
1007209,71.88039757451814
1007240,13.907368576014797
1007242,111.88705127071431
1007261,211.1411330296412
1007265,207.1452205308509
1007274,25.794402459885642
1007279,141.65952787794822
1007301,13.40753706440403
1007336,28.034452761606527
1007348,660.2500997195081
1007386,15.267861765105058
1007438,21.61770984982702
1007464,273.1456337903751
1007465,66.53861899296903
1007474,80.93252071822114
1007490,123.37096722994748
1007527,36.732673398666435
1007532,760.7455326745189
1007549,24.221274943616528
1007567,142.91074006487193
1007581,49.91073786867089
1007589,193.21991816866068
1007597,1411.8622964367992
1007605,422.75762320343154
1007620,1145.297937735503
1007680,193.4063508763379
1007731,61.843426537998354
1007766,42.17254404172565
1007829,410.0005963514359
1007837,33.13410087187594
1007842,102.6872609287931
1007858,16.575938399243082
1007891,58.3467962819784
1007900,164.04642247070964
1007918,74.97188693642697
1007921,78.87041525859183
1007957,57.78466437209097
1007961,172.1933974124811
1007970,52.422149470554146
1007979,93.98853639316081
1007982,73.51579357903759
1008005,111.79165335320715
1008008,0.8018403978386545
1008040,239.16301287537823
1008058,151.29634848220195
1008063,79.14149755621631
1008071,565.0223258741054
1008079,6.129160060928934
1008082,357.0037645323039
1008085,43.91186837858639
1008087,308.07321732625024
1008093,58.72636573734585
1008109,31.66175944338244
1008110,135.8676403742407
1008164,222.41777184123828
1008206,545.9097912532606
1008215,17.627785902211368
1008228,82.95945041728152
1008247,121.42761983977107
1008257,11.817808857616367
1008262,25.9459225332577
1008268,183.09646817515403
1008278,86.61259888911337
1008284,16.190432589079283
1008287,275.87658173246166
1008292,220.95396859265654
1008294,315.456659733613
1008295,17.34464286404389
1008310,96.3856068141179
1008328,397.9926014349131
1008385,33.68624993375694
1008390,377.84812956268934
1008397,388.90920046109176
1008406,44.09841991864104
1008417,32.20769740735258
1008418,117.19265667330271
1008422,358.0673603284175
1008427,208.71134462515872
1008440,189.63522517718752
1008500,132.58078244268643
1008508,806.7434186333555
1008514,18.229857158172855
1008521,30.041667691687568
1008536,277.3925478739111
1008542,176.3574052842556
1008568,818.7795597545893
1008571,25.366104152264253
1008574,6.647780871498811
1008596,59.578038996036966
1008601,203.04137915458216
1008610,0.8448254649625714
1008614,82.6944282289578
1008616,404.7371001292064
1008635,413.48583005987814
1008654,35.84235268125252
1008708,34.55357343480602
1008710,95.11748718296778
1008719,60.129687608885185
1008740,175.10823494891716
1008743,72.28086095824621
1008749,68.43897087915335
1008750,799.7420085326581
1008761,30.675366621824725
1008764,81.69427464311464
1008772,148.8618857455871
1008773,5.129558675739132
1008796,24.460546982607507
1008838,147.32669218979868
1008850,437.15716354110486
1008853,337.34171567013703
1008860,0.21783362251602006
1008936,184.07559946040277
1008950,49.906913658280345
1008951,64.23547255639866
1008958,74.24766486903631
1008981,274.89902439629554
1009004,557.2391987927559
1009025,478.6167561909036
1009043,96.93616665640361
1009044,202.88574363195727
1009083,64.53641292426248
1009102,108.33113870501401
1009115,34.86853852142301
1009155,612.1585905228534
1009158,187.6995174399805
1009181,282.4979563821493
1009193,112.64683450172578
1009205,67.78447752649907
1009210,58.87167509228175
1009223,121.59502639588928
1009224,276.4728141636503
1009225,315.3530561260805
1009256,107.97027472983508
1009271,180.0766149163573
1009276,499.4343394052609
1009282,11.589217937288248
1009290,168.5599647971709
1009292,771.7644887233592
1009315,55.835044177758256
1009320,394.05882556788663
1009321,102.00820538499123
1009331,56.51610536217554
1009353,38.51764472576678
1009375,229.48398624935663
1009379,418.3139103172987
1009382,423.5931094969352
1009386,446.727383470991
1009387,34.78489930496704
1009398,99.18239326971239
1009485,128.03553359978133
1009486,121.06886917309318
1009487,57.340638521800955
1009513,157.13327014533127
1009524,215.25039113952036
1009555,307.5556188160828
1009569,59.72402141012029
1009642,326.5341357333746
1009681,77.68786993976833
1009685,155.4324630046208
1009702,632.2364001359813
1009706,40.85699160393427
1009709,99.67031430561966
1009729,300.8749745366259
1009743,25.929444074274496
1009747,132.810940968637
1009750,898.6208942483429
1009769,89.46272396351897
1009777,235.57545720801772
1009784,13.491425911923681
1009792,176.46240525855052
1009801,1051.3697845929876
1009805,176.20958783043673
1009810,364.98910649834147
1009825,28.25824922890926
1009831,451.103487929317
1009855,584.4929941898353
1009864,424.37244249821083
1009874,195.65846282782923
1009910,33.89520234604085
1009944,106.07881624304278
1009945,80.91420607682079
1009948,220.65958356684186
1009958,238.11453889135248
1009972,168.78007561526456
1009975,63.72869730914399
1009989,433.7846442116
1010010,279.0850400877119
1010045,64.80954273180203
1010051,150.14099820667522
1010055,131.86142993938316
1010063,50.564892978770025
1010064,33.751692893182
1010075,12.913028599219738
1010145,10.019938786322195
1010155,42.649101807016464
1010170,53.8599993775326
1010212,166.37442671731196
1010218,117.17579516341104
1010243,154.78926432640588
1010245,16.833400344705325
1010248,184.20478456380582
1010262,137.06227090440925
1010266,1192.7290182546687
1010307,230.95176799425906
1010315,90.01136645266729
1010319,85.663130715026
1010322,605.4949486873222
1010331,0.0
1010337,210.93857221417196
1010363,98.44607677784636
1010375,305.1424779077227
1010378,28.53108190853176
1010388,48.68215210270996
1010398,286.96798749917014
1010401,96.88446182990242
1010402,349.63108231014104
1010409,21.880145687808437
1010422,400.7982902665776
1010451,14.87905431001872
1010460,200.1822363973177
1010463,47.225771190061046
1010465,709.5429455127216
1010486,120.05032824240351
1010495,138.1337159397369
1010515,328.51775558065566
1010516,294.6782015787309
1010552,402.1412825242495
1010555,51.393974772181096
1010567,170.87698450062766
1010577,4.782392022212662
1010582,20.679411037949038
1010584,102.69797658029907
1010591,274.6002890588427
1010613,6.413874924910152
1010615,37.188131664474454
1010627,42.6020810423145
1010649,19.692360429971995
1010653,157.94006128035028
1010666,242.86272758989952
1010670,154.60081680949926
1010680,161.06293972645722
1010693,285.82674818865735
1010715,45.585363320369275
1010745,184.4398808029105
1010758,513.2179671196061
1010784,103.87884405871453
1010806,92.51041362978691
1010820,226.4747582215329
1010839,411.88612193714056
1010852,479.88704154709365
1010856,242.7998928933906
1010857,50.32604237980858
1010862,77.19706834636507
1010865,496.08028330756076
1010920,199.07666143826904
1010943,46.596632608697895
1010949,289.4527068430086
1010965,20.703197270263985
1010982,195.78710339510005
1011007,77.39899679295384
1011026,84.7417717124936
1011038,575.7300938376487
1011053,29.72471900489103
1011067,150.34944172792441
1011073,237.1957347476881
1011082,9.375709421115737
1011084,132.28655862676146
1011086,37.46256914660347
1011094,138.39951809783287
1011110,939.6056409489288
1011124,249.13872667054704
1011146,258.3514973743571
1011159,595.0142753675866
1011181,167.97937461638017
1011186,145.4556470161859
1011221,115.01452572572407
1011226,184.4019457380618
1011233,323.78693735914015
1011235,269.32838231362297
1011254,94.9280995048989
1011274,192.880780443647
1011280,0.34381156576686944
1011286,36.560100090107476
1011312,37.33626612247677
1011328,392.01793132360893
1011342,460.2009309718191
1011365,77.80617987886582
1011377,18.619550103712214
1011382,94.64025175149756
1011397,16.88505443852203
1011398,11.086530465613727
1011404,674.8169573568948
1011414,929.1508020192523
1011416,30.211009728269893
1011434,6.611775563315827
1011440,124.29360431184914
1011457,1.0087131649072631
1011484,66.84934455729841
1011495,87.31071915691288
1011499,1077.2780152667283
1011505,46.88060080391522
1011507,244.1597621449995
1011525,40.970981163360804
1011542,602.395863100987
1011543,149.48550638231188
1011546,38.31206620263686
1011568,91.86286439129786
1011587,74.16150540494995
1011620,541.3006847808294
1011628,671.3102365070054
1011640,45.66974266024006
1011649,97.51874702872651
1011658,41.86746846108712
1011680,81.16760872117565
1011707,607.7585758391664
1011715,26.638742336742688
1011775,4.981173452318097
1011785,14.6675249851732
1011793,480.5391419262484
1011799,87.70974182872177
1011801,418.05784637249315
1011810,274.3035549930884
1011812,132.03029062896795
1011813,572.9647813146846
1011846,408.6613055534835
1011859,30.012000628271515
1011869,73.59565278648118
1011877,109.2112651350162
1011881,129.58838652500083
1011887,72.38799292373115
1011891,51.211979838445195
1011928,67.0308144487987
1011931,271.2830704205748
1011989,5.2303044431447585
1012009,11.922476679375828
1012027,41.30997975919182
1012076,14.156396948944668
1012078,41.57036660931852
1012081,69.56352039330622
1012125,341.5144417312017
1012130,43.31191156335387
1012132,139.5799990510504
1012151,301.45790552325985
1012153,117.49676755034231
1012199,115.24832046621688
1012208,261.7446160821392
1012255,17.499013497605166
1012264,30.233400180027367
1012275,88.74782388702187
1012281,29.81461414745449
1012293,40.52337693502237
1012312,63.154805005142975
1012356,369.92600710400586
1012363,18.932529066958615
1012371,67.74106603528806
1012377,632.0784926511836
1012400,37.00789175936201
1012461,795.0580143084155
1012465,262.2923657084437
1012475,44.09101778096198
1012482,184.97791109713202
1012486,203.86292439286632
1012488,142.27963211116634
1012491,742.3243592887595
1012505,358.95507852240655
1012530,131.22495444708602
1012549,74.10587303098488
1012556,11.02079909806346
1012578,629.4991362954285
1012579,134.5000243078839
1012652,353.2448111823364
1012670,55.67718575075217
1012701,45.174854897167826
1012703,150.967141457764
1012718,268.8683100164897
1012741,98.97524842011984
1012745,110.8157871664416
1012762,826.7907975482046
1012771,82.17370886634563
1012794,19.30669215351934
1012823,31.78812891455421
1012825,78.65626123038115
1012855,578.7382919316991
1012906,19.478516599227298
1012909,820.2536323806027
1012910,619.190867045873
1012940,153.3424570286157
1012943,132.0831873455246
1012992,370.4045480767414
1013001,335.4141630055019
1013006,394.94527540303096
1013079,416.2488630767146
1013085,352.69090856747835
1013097,163.56376704657023
1013130,243.44829916890515
1013138,78.53757853967119
1013139,63.09358455926028
1013187,579.2705520991418
1013207,411.217158670618
1013212,228.130851258307
1013213,570.1493772676854
1013232,164.22715433950543
1013266,126.38883290866306
1013278,303.9783104889939
1013289,665.7197428645991
1013299,98.05920903727126
1013318,60.96505362906599
1013331,123.35322730880883
1013345,53.20111708055644
1013355,153.8272389532378
1013373,150.9361064491046
1013394,144.8878188555431
1013410,365.0897219766497
1013425,42.52197144980447
1013434,36.32205432882922
1013437,49.37183822876215
1013447,23.677285074369827
1013458,52.14740454351962
1013460,191.6311749695451
1013469,42.62599790973651
1013479,141.86390633547694
1013485,270.6589555547909
1013490,201.6532344474414
1013495,307.35334968057066
1013503,159.5727249867858
1013539,64.67468039967268
1013543,718.7086297504865
1013564,36.804226910588994
1013566,301.0702593260448
1013568,12.781109557828694
1013599,53.68229752226877
1013600,173.1233532461322
1013635,157.02590223674258
1013636,111.76589064543452
1013660,240.35262017017632
1013681,61.92779641040631
1013702,27.79226123054173
1013719,66.75438372888898
1013720,165.0776091481721
1013732,18.362364288091882
1013760,234.45219371361148
1013774,3.755926989138363
1013813,658.5229342078244
1013820,50.19817870550795
1013823,19.26247424179648
1013831,54.616833295552674
1013839,37.42031864897353
1013842,221.97424285240322
1013847,92.72050454916477
1013855,55.25589793261876
1013880,73.48365506193582
1013907,277.67979186440164
1013929,145.8319847601307
1013966,72.41952132514682
1013988,508.93034354874715
1014000,75.35373229176703
1014001,5.39843644943721
1014021,55.36288821580857
1014022,177.9853840226057
1014026,152.11426484803786
1014030,584.3271167064082
1014037,98.35673816309964
1014062,64.45096734180514
1014063,726.4424949692526
1014083,344.47415047696603
1014090,191.02761351239278
1014131,28.125382580376
1014137,167.02487294762292
1014144,448.95559499189284
1014151,734.255404420542
1014154,153.04001554553054
1014155,20.893471434476574
1014169,865.8148233621578
1014174,303.1998839868142
1014190,92.29877896292291
1014215,174.7664293245877
1014247,339.280333539667
1014260,415.828941362519
1014275,140.99259136041448
1014278,583.2267271728399
1014321,250.24902626163217
1014336,178.5781855020185
1014345,74.43192079510034
1014376,244.61996630532352
1014383,220.54831861404307
1014398,63.542096724756355
1014413,325.4605912780112
1014416,357.74250593257926
1014424,37.01842367608109
1014434,80.20358249885939
1014438,19.309809875213787
1014478,125.85216296802074
1014486,207.26461818561614
1014502,281.17976153836577
1014522,176.99154885661045
1014526,280.951218652576
1014560,127.26208651335024
1014561,74.6064663174063
1014564,202.53042541702322
1014602,45.43091094940307
1014613,116.05219083568083
1014622,0.28180976621514114
1014626,92.80725850514568
1014635,131.4831550712351
1014641,116.69474371001722
1014675,44.84549092409508
1014696,635.0827350533355
1014711,36.053262508300286
1014713,12.31579914930179
1014725,39.73940930326537
1014733,64.49189934097753
1014740,64.97586095940568
1014743,816.9091129288265
1014749,441.031575595506
1014758,93.84150904291387
1014783,128.0060054027025
1014795,71.93582546834456
1014814,17.855044627023783
1014849,160.6937933855127
1014856,189.17300006770037
1014859,123.72972148050894
1014891,169.61053235219285
1014892,127.2677513857186
1014899,25.13129263115444
1014910,21.315231139700966
1014950,41.61323616304082
1014959,58.435779941342105
1014965,105.06462190189005
1014995,193.92562281472973
1014996,42.913406956302225
1015025,341.20318852542425
1015055,175.03373541953925
1015073,766.5441852944897
1015074,97.17598984853569
1015088,209.473081679068
1015109,268.4993392893602
1015130,234.4367184631066
1015144,474.3676655727127
1015148,97.40113199600698
1015193,214.03664327448078
1015226,103.74702128496986
1015227,410.984142015465
1015263,187.02859972733896
1015273,41.95418550780711
1015274,52.27558429256157
1015283,382.8940877813397
1015288,65.7903726618961
1015296,63.21563673121642
1015306,151.94837332876202
1015315,53.341119630460675
1015328,88.58712540985752
1015345,561.4229003847225
1015385,138.17463848287375
1015386,117.1858842110271
1015394,1847.365066355638
1015407,187.02792810018553
1015427,16.848836465022536
1015441,204.18901715756988
1015454,28.148452849518744
1015470,73.28619988188385
1015489,66.63058538602701
1015514,761.1226772082464
1015528,216.18316928127274
1015552,62.71326745773389
1015558,40.7133879504613
1015560,494.53890085735935
1015576,124.58946299831707
1015578,23.35884305451693
1015607,250.03427707275318
1015629,108.48046325088103
1015635,104.60454029439208
1015640,26.495096820898414
1015651,33.72948450958929
1015655,28.818268162746286
1015668,569.176422723416
1015674,92.4993882489394
1015692,371.045149973625
1015693,96.47016992909529
1015740,423.76419777160424
1015778,416.37381585416273
1015804,88.08908934755738
1015807,184.80480468115059
1015816,49.75380747604779
1015842,40.956712985373905
1015877,156.61099423522828
1015880,2251.7850056594675
1015884,38.55413070960115
1015891,1166.8433323054878
1015892,48.25688879141845
1015899,65.51430896412144
1015916,13.042311908089555
1015937,12.688415688963
1015942,464.29671127739823
1015954,65.50872929894761
1015959,63.50182832531057
1015970,1501.504686102141
1015985,2100.7595067956186
1016003,133.9987134078929
1016028,107.39397283073303
1016058,714.7890541209472
1016063,404.92494111016305
1016076,247.10681269652423
1016090,177.20631127497703
1016091,134.76479317019016
1016096,49.74872975561515
1016113,413.22576015755
1016117,36.45412421638807
1016126,21.520162361754863
1016138,204.5420262938111
1016153,12.2519648386859
1016160,391.44722463655904
1016178,50.92256867207176
1016202,29.142830380053798
1016210,131.30119403574108
1016213,11.486079207316685
1016217,19.645175848392306
1016228,87.0576671871529
1016231,79.30889719360879
1016244,1324.8025516923994
1016250,2204.9946105716213
1016268,0.03941842358614707
1016320,22.33699319525667
1016398,231.00734233916197
1016408,145.83081803179783
1016409,1164.650114867025
1016413,60.801897347768694
1016415,244.38340247585904
1016428,466.60238707097716
1016463,70.2931087835794
1016464,37.87182697269632
1016474,238.00442653537277
1016479,189.3911585980361
1016495,103.6933569791863
1016498,233.70197454078246
1016502,441.34631582917393
1016515,37.01898290499241
1016563,1449.8389820077364
1016566,70.2548115438007
1016568,35.752732823658135
1016607,284.9025137750796
1016615,59.489121383337995
1016670,29.627185752616256
1016676,515.1328802260421
1016677,265.124620260138
1016691,138.53584944773894
1016753,686.2778268631293
1016818,72.07885219992477
1016837,67.2950382102952
1016845,118.71202068294293
1016899,12.9760994096355
1016929,250.0530330861277
1016936,166.72417106873937
1016959,103.02784280736529
1016992,291.1185932473889
1017032,487.2956825369688
1017067,7.009643431576863
1017068,11.847506953789173
1017091,11.806486191710158
1017120,54.051552915686344
1017133,168.96877804369677
1017140,280.20152957183797
1017142,125.08990424284927
1017146,81.67596549794123
1017174,119.94918935326473
1017175,1938.2657799764122
1017181,74.91457635777277
1017195,438.6876517677393
1017200,38.869530468643326
1017207,118.9371924678981
1017228,70.07013587760271
1017266,1216.6461837226257
1017270,70.30561022609673
1017288,214.0693128446431
1017304,36.29604840296314
1017376,10.641049090894871
1017399,79.23443367437756
1017414,21.3414308451689
1017418,106.01038349966728
1017459,166.83096205109408
1017490,45.592767746172186
1017526,40.61949822919754
1017536,10.103249133657675
1017556,15.300871061546003
1017569,238.62247928252555
1017579,8.075341997375022
1017601,288.73604040041135
1017611,676.3587885986096
1017637,26.722162954586775
1017666,142.26281491328405
1017674,332.36856123558647
1017675,229.02866866217917
1017688,34.736229287217625
1017698,43.68500514584073
1017704,1036.775398156046
1017711,693.2312514428417
1017722,189.42181172221234
1017736,122.78309327207067
1017785,19.8194531617679
1017798,22.15715726423036
1017840,425.87189249865196
1017841,16.847633151383516
1017856,5.557224911448337
1017883,59.20989167289894
1017902,58.60602976241335
1017917,34.332469740166296
1017920,376.2331307713374
1017948,20.01534802280998
1017949,221.97767980432636
1017978,377.567193360717
1017985,350.99528513352396
1017987,14.855589559014192
1018008,146.79900664327187
1018011,36.75781989697654
1018032,40.29301377791414
1018043,210.47274071490082
1018065,39.6063452635881
1018080,29.21007763279052
1018091,26.784133107411755
1018121,23.769007067968182
1018136,66.22494389627283
1018139,333.59742505495024
1018177,31.647542582226336
1018204,46.430380710136234
1018206,300.3482885968941
1018252,105.87773508563063
1018320,306.9347923215401
1018327,60.37593554777847
1018331,93.1732092458608
1018332,380.6181039705419
1018360,69.52451614333782
1018381,37.12909852981471
1018393,20.753571855706937
1018405,131.1675657844384
1018412,60.54613582152497
1018451,768.5504305726862
1018456,131.6377186272501
1018465,179.72802965494154
1018488,9.130701294879477
1018544,61.609672339610405
1018551,52.734203684236995
1018552,93.395466441459
1018556,376.0346960296666
1018563,98.44148732932825
1018571,59.54171874255455
1018609,46.38754169287606
1018619,279.8655487650026
1018646,106.40093602044062
1018666,9.962604097622737
1018667,112.36126998505642
1018683,100.63068324898694
1018684,1466.1276129333542
1018699,116.39253770147505
1018712,16.42448705238014
1018722,36.60990155153621
1018726,74.79836652385035
1018734,112.98099438340458
1018735,357.4469754700109
1018738,206.57547200567814
1018768,841.299572479182
1018802,109.50878607927086
1018816,199.79381671636068
1018827,157.11608329693806
1018868,18.23787669864419
1018869,455.5975753203465
1018876,67.690992467273
1018911,68.41193007068696
1018915,855.764564793139
1018974,108.59570277740747
1018982,335.4012064107755
1018985,77.87037790518632
1019043,209.63933005345166
1019051,357.16605481658786
1019053,19.152627388646806
1019057,142.94015845002136
1019082,81.94114326620151
1019113,110.23312488248197
1019125,92.41795164887648
1019163,123.87338183319063
1019197,41.94858309584207
1019198,206.0905792569232
1019214,288.36317437655475
1019221,77.39813327163063
1019222,186.36798085820053
1019250,8.160382969607989
1019252,236.93004681759186
1019288,728.3328178579632
1019300,10.500511450853853
1019313,64.22847932519176
1019322,162.5835428606061
1019323,137.43611053222475
1019358,203.91094362843742
1019399,29.697766146995914
1019402,68.52954661707871
1019410,7.7513071438198
1019442,44.69333685706742
1019457,301.07692221846764
1019478,338.4509114316045
1019496,67.93618794022582
1019525,122.38485460024181
1019539,83.10998955277329
1019593,199.95119131687974
1019604,24.885747792131664
1019661,694.8141533585401
1019682,55.9816971195893
1019692,55.80850791849259
1019725,28.971353691487995
1019734,21.915101419705497
1019750,268.76423002730866
1019797,123.22234329207654
1019804,205.33147318849714
1019807,23.262519298355553
1019808,158.21445051911311
1019816,146.92610243429274
1019836,136.77098161469672
1019852,169.96514925480642
1019856,424.48182783505285
1019871,17.34231484780108
1019878,130.1726937342389
1019892,294.7286702434375
1019894,144.55029471314458
1019901,139.20673358847296
1019929,335.7727954279618
1019938,915.3256787385479
1019952,66.79195673900884
1019957,36.35806728912432
1019963,80.28121294425345
1019974,34.417133015717944
1019977,469.4047513831135
1019982,488.1831027474533
1019990,416.97987735889984
1020009,149.1001675397405
1020027,19.877267363304163
1020051,120.34847500730015
1020053,222.90564641666654
1020071,0.2654344710137053
1020079,15.17859160599245
1020081,1712.469092143271
1020087,129.0268921757828
1020166,739.4589247814022
1020169,71.39556404998208
1020171,192.96314613078184
1020182,603.8659949691281
1020188,500.73991556451745
1020196,31.426206228672054
1020208,250.46422787827066
1020212,19.13915633297061
1020213,158.17677883527304
1020219,42.68551617972175
1020232,190.24622210849225
1020243,68.49713755517027
1020303,0.0
1020333,114.40366942592848
1020336,95.48487237803238
1020355,67.78762142954031
1020358,105.72260219226285
1020364,39.35406390276796
1020389,2.656936979307599
1020398,285.2068043261606
1020410,5.4001657110983725
1020415,727.0377103597133
1020427,307.9658310602662
1020431,25.968869166150096
1020443,247.7789885894424
1020444,271.85856296809663
1020464,127.22350271980251
1020465,67.41250884825827
1020490,61.5562677135153
1020507,696.1244287669431
1020515,113.44106619105496
1020564,143.00101108082194
1020570,141.41888113129107
1020582,58.1073154961657
1020593,10.684574174543792
1020597,799.8527728271554
1020603,20.373555950901643
1020633,165.3163331934373
1020645,42.491647938026944
1020680,90.36326459384706
1020688,7.393558260230587
1020719,942.2236160201851
1020749,74.24820694169345
1020754,149.70627837169414
1020767,25.413306766139037
1020768,12.560782111990408
1020769,99.97977285287294
1020796,296.30188397105655
1020805,25.767192340999756
1020825,55.649817739026446
1020854,118.75501204189847
1020858,176.34709238335435
1020875,624.120278192689
1020876,127.7271530720812
1020884,47.65024525288956
1020912,650.18311763969
1020914,83.96059675679363
1020937,185.5795564771038
1020945,779.5532919182572
1020966,175.62049692209047
1020982,89.989164672422
1021010,76.86678135444257
1021036,689.4757007247831
1021057,9.74875772833848
1021112,279.7697340067209
1021121,1377.6724005509027
1021162,15.227659495469029
1021163,467.23672540881074
1021170,97.5113462542541
1021195,126.93315075141342
1021203,79.97617571727494
1021222,1374.6362384488448
1021248,178.9043166567451
1021280,220.68466691195493
1021287,117.99318898919663
1021300,268.18121558212584
1021318,121.7366480261991
1021330,11.072467271226834
1021348,175.1222347264993
1021362,31.360666103632525
1021401,25.57801342176129
1021413,249.62286201797056
1021422,2.9345634829178766
1021448,35.59311798839999
1021450,35.31606235579274
1021459,16.209688778518455
1021476,16.122290477350855
1021481,36.64574653539794
1021503,196.08900729334647
1021535,892.0880812266787
1021553,48.11202031797669
1021595,138.1025126253277
1021598,31.891548064943976
1021611,45.10488106195642
1021640,90.93799213695434
1021666,380.59756564118896
1021670,92.54597572279654
1021678,123.24801124207893
1021686,307.04196738311947
1021693,228.02027811061632
1021695,69.12852492830041
1021705,144.3928107017752
1021717,37.51367442560539
1021724,102.4217789518032
1021726,168.12283881005433
1021754,43.63148352980912
1021800,41.26922743389465
1021804,492.37744922217917
1021807,764.7477233840038
1021817,118.94828110040594
1021833,18.306363995753145
1021862,94.16636325803032
1021872,153.89532439839974
1021878,147.60138894380302
1021889,21.11489995254687
1021911,200.36071174568875
1021912,384.2472060471317
1021922,162.60571819118144
1021932,191.32187326019
1021972,41.31913071565623
1021975,237.14284810370077
1021981,0.0
1021984,106.61782013699211
1021989,40.53969386315139
1021990,245.16696525695215
1021993,1044.8650670182503
1022006,683.4118181069624
1022008,429.31382132359437
1022032,490.31606160469977
1022036,430.69265057686613
1022048,115.44988603594727
1022069,216.05786170918677
1022092,39.34632521179724
1022093,236.35513189784473
1022104,252.6491825400411
1022113,35.02454136904941
1022118,8.91295834170621
1022140,22.28569333310211
1022162,74.90633159407969
1022178,14.400171340650965
1022214,2317.736849209736
1022228,174.60371875604034
1022232,102.7076812610495
1022245,364.63765765551057
1022252,125.18805639735837
1022303,92.85153099170506
1022307,350.68082734547636
1022326,160.59599238053292
1022331,93.46023266062042
1022366,18.15785082503
1022388,131.54893353784303
1022402,115.7402497751496
1022421,50.682099682867154
1022424,108.83679848477905
1022436,412.403729706844
1022447,276.7272434388977
1022457,24.828650137853035
1022475,347.0200265223281
1022493,9.86574381917117
1022495,308.9618123268152
1022502,54.78996152939831
1022510,60.9960313161697
1022520,55.81636026365138
1022522,23.10614163561641
1022529,144.57130632467738
1022544,910.1290144206336
1022559,299.26216445409386
1022560,152.671436461333
1022568,164.33878038052498
1022578,881.1627239027563
1022584,108.9751568588089
1022589,28.312173483852497
1022601,105.27626320408685
1022602,52.107943481853326
1022614,274.95971965373417
1022628,73.69951046037806
1022645,70.31214900380799
1022652,113.96835180044991
1022654,84.3336488201382
1022670,317.9888145198397
1022671,100.72652991876765
1022676,425.47705199348417
1022677,505.4542193210268
1022695,873.7139621613892
1022706,658.8974030505292
1022714,183.90993336015595
1022717,15.27018488047979
1022752,717.1055521646464
1022766,323.77260074962237
1022768,110.9134189824499
1022775,289.5528121109006
1022780,12.127228908924637
1022802,233.30293499165538
1022823,6.940781070911312
1022881,264.76178262640644
1022883,160.69155251059678
1022893,119.52118674272789
1022949,29.871861089798003
1022953,1803.0100894391537
1022986,257.17743649498925
1022987,114.63418545038748
1023000,72.81397330150172
1023051,172.29905861562497
1023077,263.4513918959279
1023106,90.99259403747081
1023140,231.97879709549144
1023198,34.75201355737591
1023202,44.172947707566344
1023244,28.247316496125055
1023254,71.58010693639845
1023270,212.79341507864564
1023277,163.96367623616715
1023285,304.26348853826397
1023300,121.46814121164141
1023309,3.5302034938796947
1023315,525.1047281321669
1023318,97.60566555556909
1023335,258.68010961977967
1023338,641.9516213938708
1023342,0.0
1023345,107.76159397361812
1023350,1606.958937132512
1023369,495.8702550639652
1023439,544.7563254671862
1023440,175.479083968778
1023444,117.9818381791895
1023451,255.35215402208186
1023485,237.72304227390634
1023497,391.82144666242453
1023501,300.14156182441303
1023502,154.559778200566
1023518,20.55287061228203
1023524,338.45843200475434
1023532,214.4118140746833
1023555,216.66000418368023
1023579,144.57183458131186
1023588,204.4633853384842
1023599,101.71820617868246
1023603,78.12605762698223
1023619,87.79828691176174
1023628,20.91756516664159
1023661,248.5478542821593
1023669,74.31813072891707
1023709,132.36722391843452
1023715,64.45228194472367
1023747,245.02125348575362
1023764,33.360408912560125
1023786,13.100100234775597
1023806,49.60107994429007
1023820,103.73122495090765
1023822,826.6210023661204
1023846,1261.899802834289
1023852,253.08076274228503
1023855,389.02440268845135
1023890,195.71597419816044
1023914,391.00766255092833
1023943,479.8029753319196
1023950,49.958165156115996
1023956,125.47060369611197
1023961,478.29634957142866
1023964,15.10482631206858
1023978,48.79310598801009
1023979,134.31684788052448
1023989,119.8244085833978
1024004,271.4009080866404
1024014,24.65250998439414
1024016,33.45868601322096
1024017,96.47141240484608
1024030,166.0843393050661
1024033,29.804526791666934
1024089,226.58867078009172
1024103,170.83928083200385
1024113,381.24636844088354
1024127,84.63365356578026
1024168,216.34213497354443
1024189,17.566101426528764
1024198,34.25056306242896
1024218,53.113910501222115
1024221,346.23950398461875
1024231,116.01744475309557
1024232,281.8312012878216
1024239,74.99501862562944
1024275,268.80151445212596
1024283,277.0029448831538
1024324,286.44411214842813
1024334,202.66092240127404
1024354,261.9850886780825
1024355,270.10134633333524
1024456,332.50449397078756
1024487,25.544054705331313
1024500,135.74712701051317
1024533,19.584876080751567
1024581,7.332106646860712
1024593,185.27337954767196
1024597,132.57341409522704
1024610,115.25177107107895
1024663,203.29821396634216
1024666,1298.8057299131228
1024697,178.2252474769436
1024722,493.9381113072927
1024727,810.4385140434955
1024745,59.924058623665445
1024747,24.506161598306463
1024773,330.242855473646
1024786,79.333858440438
1024790,333.5989718405371
1024818,295.48032858410795
1024822,81.41699458181719
1024838,353.8091725549662
1024879,50.367972661440405
1024888,30.937907452376677
1024894,729.1124143194668
1024895,49.07087051396468
1024905,89.44449084204864
1024922,34.76214884910135
1024935,1.6998738800309037
1024988,13.98129520697875
1025002,53.6655475426859
1025011,14.5002625769818
1025058,11.514947050236394
1025076,39.713508146408266
1025091,59.09022694136077
1025123,147.4594999551443
1025143,246.1261495143457
1025147,27.260941826873786
1025159,17.012878942682917
1025160,71.50007321812798
1025173,88.96265929286075
1025188,16.950964718688414
1025197,253.67318020603432
1025202,626.8448952380766
1025208,127.37145176831206
1025216,687.2751131873878
1025243,191.45640298772503
1025247,475.1343343325188
1025274,238.60605340692285
1025278,354.9825879957713
1025298,72.17743790984315
1025300,105.3156821340285
1025301,39.096161239727074
1025335,256.3956005803529
1025339,783.5907130569294
1025362,318.98232666249265
1025372,290.2804320603875
1025379,501.35289060054464
1025390,126.91449591197794
1025401,23.617363622952013
1025411,557.9922769980725
1025414,37.90879714429331
1025415,14.648205989239845
1025418,79.54530805552447
1025446,17.078020788333397
1025464,123.77866795198257
1025496,25.113166238432513
1025507,11.63708259912254
1025513,37.08570187274262
1025514,12.953468341584404
1025533,0.0
1025542,92.3799057035462
1025558,1680.2840712728407
1025605,219.60788187908082
1025615,32.71957296636827
1025645,441.1659526501702
1025677,161.70392600464317
1025691,27.016845263010925
1025693,453.0929870234646
1025702,24.736412232627938
1025721,452.5579140735227
1025725,66.38910947641925
1025739,155.17570593661088
1025744,19.792594409961634
1025759,118.76006731852128
1025770,615.100867799649
1025776,111.77891756530906
1025813,416.88960461242397
1025817,188.7878075471948
1025820,101.65672452693575
1025825,54.61996733082765
1025834,79.4751230456241
1025857,108.1401447434872
1025860,121.58516938346499
1025866,125.45400691066705
1025876,133.0501543069372
1025888,58.44838771223922
1025892,14.24456596760056
1025898,33.154387065019215
1025904,104.64824376518203
1025909,357.18638091597523
1025950,243.3763764327528
1025963,228.117639736778
1025988,396.8674298168011
1025989,31.75310982787979
1026014,163.24722140425138
1026021,99.24785068010463
1026022,305.4787947923072
1026057,218.46667025873376
1026093,925.4958800949695
1026120,595.4972409692239
1026121,50.985404832274966
1026126,91.21952878146978
1026138,108.43233556017101
1026142,226.00738924663298
1026147,77.47614382968102
1026148,146.5164518301203
1026154,6.5779504259931665
1026176,42.28468565293309
1026204,289.1167399674393
1026211,449.4007392516708
1026257,29.42870542830554
1026264,576.6505524223708
1026271,117.03434400702893
1026288,509.9020355034018
1026289,25.342700535828982
1026311,1713.7871487508125
1026319,33.082477226663634
1026328,458.59791963258357
1026340,677.0083567191201
1026349,0.07774632520224979
1026366,150.19890127198462
1026413,337.8582387471393
1026480,499.57610063714316
1026483,528.021904546747
1026490,427.0678938916653
1026497,120.97647194059499
1026523,15.10937273737201
1026590,132.11406566986435
1026597,148.8802855652261
1026610,20.72340138417228
1026616,435.6495741049652
1026632,192.01980095458225
1026662,36.51446776779147
1026691,140.11455911546318
1026720,111.42712660063867
1026727,805.7313504629126
1026735,122.88523964736906
1026786,355.3763992640558
1026791,44.87006378277601
1026794,36.24098325669658
1026803,179.07542818495176
1026804,20.856218876636166
1026832,136.3203153010174
1026834,23.38840899528708
1026836,37.041283054525
1026843,6.28953882811738
1026845,223.12734759376343
1026870,156.43228213052228
1026874,34.23156389498668
1026880,215.26782864910652
1026899,30.505408095347864
1026912,281.1711520798596
1026935,748.3427404682807
1026941,338.4619618020407
1026960,110.47847759596864
1026962,292.8141888437014
1026971,135.02332539712745
1027016,133.3763210886785
1027031,196.62787764839567
1027059,1693.2346123706736
1027062,333.7587001957699
1027074,235.1991580445101
1027086,537.4431185063303
1027092,40.721778497500196
1027118,337.4999454130232
1027143,15.078393254189606
1027170,142.07301512723768
1027173,521.521600882533
1027184,580.1321438942119
1027186,427.51280515430665
1027189,53.03013911349179
1027208,188.02066556342123
1027212,180.68470685131032
1027214,590.7435685304113
1027247,499.3211440391092
1027253,19.089127059334338
1027254,894.4522924349188
1027269,48.77045892215906
1027289,15.403370049014109
1027293,57.30394430820539
1027316,228.7614188240985
1027327,31.43551514235021
1027337,430.0545574448666
1027348,25.55668423711654
1027368,48.603352694201625
1027373,63.50639174028259
1027375,1035.8922310136732
1027386,13.754939187854866
1027398,151.70178931474445
1027413,11.704407696660516
1027455,22.823607557790336
1027462,31.979562358950595
1027495,124.43477982809593
1027496,26.386866468484875
1027500,93.87250932760628
1027560,47.53588762381064
1027573,0.0312591994144444
1027577,57.91443702965991
1027593,34.889074204736716
1027595,66.1034068296282
1027599,47.99000545559873
1027602,41.43159138829207
1027603,11.208735273156444
1027610,91.22076225145649
1027637,111.60973419244623
1027653,1153.9340658790538
1027654,49.061132193783685
1027667,177.5859125189625
1027714,31.3769688135204
1027745,18.322566286314643
1027752,47.36388882513727
1027765,42.853429338841124
1027770,252.48996402941071
1027805,16.156867889651725
1027819,38.28484160035707
1027883,10.85210826470318
1027884,128.37552195059644
1027892,21.745128740398304
1027897,442.02520178107096
1027914,838.5852882974513
1027926,414.8071697831463
1027940,373.9787520235639
1027999,29.707265955276558
1028000,146.07460612096077
1028018,82.97610721547498
1028031,135.956061101227
1028038,21.369200429309924
1028047,90.36302335814005
1028066,87.97600503812251
1028104,16.322473538364925
1028109,30.232703492634695
1028118,194.27026977759132
1028151,86.30638323663528
1028198,408.6079168565168
1028205,71.89741453808554
1028210,0.5321052278367827
1028216,110.2552080019351
1028218,94.65291618701815
1028232,146.54017041459716
1028234,54.61284872692832
1028235,41.711361474889145
1028250,119.77797287619511
1028254,1068.7661662534683
1028308,274.02087720446235
1028314,38.13465617352033
1028341,411.1089037037268
1028358,77.99188951474582
1028364,24.874524680780496
1028375,423.30330435847003
1028380,32.44711852868301
1028398,6.731110092727189
1028415,236.2433233033984
1028416,6.832464512088586
1028420,272.513474765123
1028423,16.544022828896203
1028424,26.150021618839702
1028427,225.14543741807356
1028432,79.39170142201661
1028461,387.46836310485253
1028507,27.366689121460073
1028510,129.23769057970907
1028514,88.05627901346382
1028529,120.36194492061414
1028575,304.86284271818397
1028580,288.97349966554566
1028601,86.16466111107394
1028630,17.73030611906764
1028658,37.68583138467694
1028680,127.64314732678112
1028719,20.921504528680476
1028730,53.65154608073186
1028746,1065.8021764708153
1028748,39.96423884320814
1028758,254.52673065649023
1028768,122.27435739516076
1028769,66.49506853998103
1028786,60.09746763766373
1028807,375.14760769044017
1028809,26.36870675996381
1028838,276.4212261962812
1028848,401.59410841788923
1028916,401.5493665893006
1028926,202.78052717809805
1028933,290.2708481651843
1028951,1871.5903899980703
1028978,2099.1502296135823
1028984,233.09292057629239
1028985,323.3242184027039
1028988,173.08525580737873
1028990,880.6204766453634
1029001,526.9188757634762
1029010,224.32073373256307
1029029,74.26874911407064
1029036,241.10052496232632
1029038,122.12860118721736
1029041,100.50911031427427
1029048,40.57742937005282
1029070,559.9491288918731
1029101,161.56803840049375
1029112,117.91512342092541
1029137,123.14116612443149
1029141,158.77965305843887
1029171,27.927442556047485
1029180,20.68712849589832
1029199,152.7688516975787
1029205,307.41876985470594
1029223,5.665870573774983
1029230,24.872885824700685
1029236,127.80679008023432
1029248,15.41383379573772
1029249,59.281990438462124
1029262,23.590709541150527
1029269,238.95720398187152
1029273,53.971509722979405
1029294,310.90478893908727
1029297,19.667069758362544
1029300,58.34758641718502
1029370,90.7011831589289
1029371,732.2551438076324
1029384,0.28033691424469387
1029390,347.94763148894594
1029414,62.69385819679923
1029422,138.16963735836782
1029430,7.390805599258691
1029438,53.99266253530399
1029462,903.0905921851854
1029511,343.98352251790186
1029535,41.50051652559624
1029539,56.40918415631311
1029543,127.73152429411206
1029555,108.85873197178513
1029565,300.0965801766049
1029579,22.880156345730764
1029581,47.7530770709465
1029594,60.86227961846713
1029599,148.77368296346327
1029605,191.87855174599318
1029622,161.1729681634261
1029652,139.8648214341217
1029656,285.56710354218774
1029660,540.1768416938467
1029668,180.89300013065477
1029671,183.67253840912258
1029722,398.44311419414197
1029733,67.62559341365693
1029762,433.29970714579173
1029810,1268.8412772340591
1029816,15.209778044417789
1029830,15.057975048003055
1029884,50.999867409744915
1029886,169.96214678926688
1029890,19.69321316675203
1029910,924.362909358505
1029916,12.268133292308011
1029940,82.88222696871769
1029946,1760.562655099065
1029950,156.97260602355271
1029979,16.38662727810058
1029982,25.70757313173615
1029988,223.7200930038445
1029994,21.604591249439437
1030017,60.98804196898765
1030025,16.380571005579338
1030030,296.3695384421212
1030032,23.253147509891043
1030045,33.49759113867773
1030078,14.967373770190877
1030091,108.82209844640877
1030092,493.5952691300541
1030093,269.1944433884243
1030133,175.15314117465869
1030152,108.79226842758442
1030226,86.75440173630248
1030230,529.8208175814863
1030237,0.0
1030243,75.50147184129563
1030257,194.331060332292
1030268,449.6541628245744
1030286,86.86586706773865
1030302,98.09830803509247
1030306,183.0790735475617
1030333,1866.6045820873649
1030352,29.573062957299747
1030360,201.4419868894181
1030388,284.4188036985314
1030392,41.67318418303505
1030401,38.93986664142609
1030428,44.6529165625436
1030444,630.4723121105737
1030455,32.516522059543554
1030469,67.62640826984895
1030480,27.911695756688157
1030496,21.761664394935952
1030517,307.21882598491726
1030522,106.89084912899027
1030541,195.95249765279803
1030558,105.59958668620958
1030570,23.501205761149826
1030576,22.352126255332326
1030585,395.89074692246567
1030588,95.71502503982116
1030592,16.198469328206404
1030594,21.685645726783278
1030597,204.3207249886434
1030600,209.05145487793038
1030628,1235.0851020014152
1030633,42.771821587881156
1030646,6.036569903365226
1030648,421.41868031379863
1030655,129.9291505144519
1030666,36.47867593302653
1030670,68.91599262955857
1030695,280.86796093862023
1030700,385.9664710498596
1030704,88.85217813481296
1030802,633.7018471011247
1030857,34.88521538877793
1030881,120.76007922018755
1030887,24.580848035731403
1030896,173.39460637934553
1030906,217.41709948322492
1030911,283.12134883422635
1030912,28.72798449107648
1030923,29.433649183040952
1030934,322.2982288711672
1030937,81.91671680912361
1030973,88.25544300084255
1030996,51.91175207999007
1030998,340.56402502468603
1031011,344.9124032966264
1031013,94.33097499773169
1031019,790.1034339021478
1031048,128.56326220970183
1031064,107.8033578095737
1031076,161.74673079240017
1031078,532.7794712130255
1031082,74.96276436600911
1031100,152.61671208665624
1031113,50.96132047271907
1031143,379.2167874972147
1031169,172.42479798726185
1031203,53.70666135473608
1031204,34.47460669288261
1031228,170.1802067164854
1031233,125.48661369343864
1031241,209.7761916540544
1031252,254.74144360945843
1031253,584.7490688373688
1031284,3.1231726687902968
1031293,127.87133625413338
1031312,361.1199229904819
1031315,321.5983559138577
1031321,42.865310270475284
1031326,63.718247122611146
1031339,336.8893105262067
1031376,231.61422381335467
1031378,79.18625555057977
1031438,30.33190166442794
1031442,327.6492510952153
1031471,392.3948577675757
1031474,132.45868744605124
1031478,163.75175676552828
1031482,228.841901561778
1031512,26.37917963119309
1031516,207.3064698899173
1031522,64.95293314303905
1031537,99.20592761562708
1031538,137.1288570401168
1031549,43.43479839613192
1031550,429.0078913980932
1031572,29.57728070600732
1031578,352.2555803478915
1031580,245.87519634675633
1031584,149.5828657804129
1031599,213.7702832991317
1031606,498.94410346985734
1031614,1955.3028101620248
1031647,129.12809686556866
1031655,26.08081676388177
1031656,92.88737949313813
1031664,278.5029805094177
1031682,202.9549183654994
1031721,323.7672099753753
1031723,213.4619740190769
1031727,220.418984819502
1031733,192.00905259713778
1031756,93.95516127952898
1031757,170.59626076410495
1031763,499.49046917804236
1031803,529.3059255953477
1031818,364.93617881142205
1031825,308.38815901092045
1031835,192.24862078417152
1031838,488.47459261165244
1031861,71.86906605714333
1031907,478.0709197609334
1031959,154.7493857096824
1031981,30.844246986575037
1032024,48.940701582374736
1032032,100.16812772400328
1032041,236.72194451088555
1032047,139.5499449912903
1032054,792.6470452995801
1032075,108.15770269387735
1032092,16.423256997325336
1032110,138.79147848007315
1032114,0.08268862082921448
1032122,355.96019609404453
1032128,33.83066269211939
1032147,145.62242140537307
1032155,52.11284609345215
1032172,35.455334337425484
1032173,0.0
1032181,1178.675006351543
1032184,645.2914601898561
1032225,17.995197896026195
1032261,412.47245700447974
1032271,115.60035038271583
1032275,382.04950365535626
1032299,630.2059799116579
1032317,117.26062404416302
1032350,21.550417766012696
1032374,6.799125160210666e-05
1032394,350.95531356706266
1032396,39.410899303362925
1032470,267.3625238533137
1032488,162.0347373485054
1032497,173.56949574931247
1032528,119.95197390441426
1032540,10.831390065455173
1032554,308.9279565530305
1032558,1013.5529179275004
1032563,298.81549303868155
1032604,141.5995090694635
1032631,450.8920972607532
1032642,13.392182875431251
1032653,360.9122575548855
1032658,130.25874850857718
1032662,354.6432715486362
1032676,74.70549290711982
1032701,28.44312543646846
1032702,70.53400822477299
1032713,283.7915843295868
1032733,256.75961644867596
1032755,222.37788642055298
1032774,333.5806352274144
1032783,13.750468954687666
1032828,103.29862846336201
1032834,131.22900942242816
1032841,301.16790364044533
1032870,33.89046956945792
1032899,100.51646910287093
1032920,87.20955201533107
1032931,22.384978720307668
1032955,52.19603037597752
1032990,36.760028401571276
1033015,74.79406142521137
1033019,467.06656756929215
1033033,506.90614807380126
1033089,490.86445760606506
1033103,18.901299139517448
1033118,618.3008362857194
1033130,91.91423042158972
1033147,62.9603814652375
1033177,476.82948944022155
1033182,104.66517110781074
1033201,925.7206227166415
1033219,94.40162610633405
1033222,209.18014269799315
1033302,102.01849972472529
1033329,152.4973203382121
1033330,237.61512076258376
1033339,218.53603074466824
1033383,137.44459402987462
1033446,16.761547528260113
1033467,9.721474984432268
1033468,436.3055709718081
1033485,118.95066113718168
1033486,24.454393014596832
1033512,1123.0366689425553
1033531,16.35438354661918
1033537,252.46218593376892
1033540,191.14841202700438
1033546,26.528537160883705
1033551,89.04502135080034
1033560,278.52786155328266
1033575,532.5676181860271
1033582,15.761395380832365
1033599,30.948010490315536
1033602,23.91620841976903
1033617,191.4259005715847
1033631,40.43364410683122
1033638,121.91108027190721
1033641,352.1536048579227
1033644,162.51680094739314
1033654,168.98914417119448
1033661,21.97374738963343
1033678,10.511868054095524
1033712,11.777300233506208
1033716,77.88587947218959
1033758,420.25303053814446
1033763,28.207670085916245
1033765,102.05032956636819
1033770,0.4913713487769059
1033797,95.61151920796276
1033802,574.8089514226167
1033807,123.56545879056647
1033845,652.7643502135079
1033848,213.24691997543985
1033851,147.05604436177418
1033866,367.12744243705623
1033868,293.5814790219658
1033877,1720.4520040735017
1033891,217.17039398977545
1033908,397.6908799723719
1033917,275.6922472177061
1033949,106.82637046202797
1033993,53.45259041958564
1034052,264.4324245580554
1034125,88.64164139508337
1034126,58.68493650644699
1034182,101.25575358282275
1034193,174.81944199454898
1034224,27.637585599732635
1034228,381.1937478633712
1034239,11.360530834202967
1034243,146.90393657584727
1034244,51.3549981342583
1034337,143.28816157459516
1034367,139.8987996146433
1034380,232.4044101743981
1034394,48.791961030514244
1034404,169.79538158811562
1034409,233.09002549987943
1034410,43.407016503288816
1034417,264.611334433217
1034430,99.46693906778106
1034437,40.19756807116904
1034449,243.50881695325347
1034463,138.57485743177827
1034465,33.38446562549414
1034494,1276.5874361565836
1034495,34.193306340115036
1034507,17.55184801022711
1034517,66.33610677897738
1034536,17.80245706487638
1034544,36.34099138258412
1034545,1304.2715140569933
1034550,332.5759958370754
1034558,75.0614715811904
1034565,93.36700205633919
1034569,212.57741191583986
1034605,336.2491424286603
1034611,263.12881660754
1034621,501.0413956772744
1034628,102.68344937018479
1034638,79.97315492207721
1034668,69.8372729655165
1034705,36.351179841823594
1034750,203.8751847230338
1034753,935.2776680838879
1034776,59.26379892740846
1034811,225.80547672228656
1034827,15.885868901611758
1034851,80.49411418853971
1034867,943.5574931949456
1034869,107.43045098296815
1034878,86.31520422091467
1034885,272.18477811702536
1034893,355.19699010842373
1034901,29.76179017306218
1034912,8.686833228935159
1034918,113.93325075674268
1034948,517.8651673638032
1034950,263.81643025080234
1034963,179.50095117890427
1034980,822.1915375068714
1034989,113.61940418192
1034995,25.17268913970478
1035001,218.9849882938654
1035004,60.76088866548309
1035017,202.54061234982325
1035021,1080.512871916776
1035060,131.83121538484414
1035076,627.7522985854827
1035108,289.6481246343145
1035112,764.7936564409736
1035134,351.2269830796584
1035138,705.113496616565
1035147,45.715651527778824
1035192,27.504238856058585
1035195,99.34262323521182
1035233,631.5622370474833
1035256,117.30308857663964
1035271,41.39029168495858
1035285,32.41176951963141
1035293,32.12575165502956
1035309,106.23202244352755
1035322,115.58359548716567
1035323,8.347695559972331
1035344,242.0702275155303
1035358,74.49397347186664
1035365,466.2678405635267
1035374,33.320149797577436
1035382,31.87546505361377
1035393,89.03998978846832
1035417,38.47431319389951
1035424,457.05275800498845
1035444,310.7100719214308
1035466,141.7592219129168
1035471,46.61869984066553
1035476,185.96706608154113
1035490,26.344557643899854
1035507,89.49599958505755
1035511,63.97416809469924
1035513,474.5340946173332
1035515,103.38302597781042
1035520,107.76332905609453
1035523,388.33479628057194
1035528,43.16503940284214
1035550,11.940463315122658
1035595,209.7154199102378
1035671,104.87773796334089
1035674,125.35862654081876
1035677,558.9999347182835
1035694,81.01909223948017
1035696,96.62816288721899
1035721,76.87541176987884
1035747,305.4318233513834
1035762,215.43831203119524
1035769,15.67189457409432
1035806,361.12810255023345
1035823,109.72467702279714
1035826,307.55268901752316
1035831,20.621946782974522
1035832,34.21544150963434
1035888,149.47648322226115
1035890,237.78256491218036
1035903,244.95822834974155
1035904,493.5895615717914
1035942,32.2689584172684
1035955,28.883235400311335
1035969,12.486391687837145
1035972,80.04291568222212
1036017,17.658299060458425
1036027,262.24744076161846
1036028,775.7095930394152
1036045,18.646948397190506
1036089,327.153166364593
1036112,65.58306363526565
1036146,143.5945110908703
1036170,173.88259031138819
1036178,55.085867079177575
1036190,44.80760367290632
1036193,245.52551228232295
1036213,73.01099435464393
1036223,96.91062886307989
1036232,38.76108965210326
1036237,1010.5019217831859
1036243,99.57790146160708
1036302,103.89514649313408
1036303,89.2582977644238
1036321,58.89991244837525
1036327,592.3682547826999
1036356,373.9301844870499
1036363,150.7834045819129
1036368,13.48799634877651
1036389,145.3589116321768
1036398,113.48593316330717
1036403,200.70225538014793
1036421,95.43955541744793
1036433,23.309118032035816
1036444,897.4917476132367
1036445,148.42243968153412
1036452,19.40311735715432
1036457,158.83392860638344
1036537,32.30721373287216
1036541,97.90127482484235
1036557,13.507673053543789
1036573,77.39881189433886
1036582,79.17628148882088
1036586,248.99089561051537
1036601,1085.428288905352
1036613,590.522821923706
1036614,159.60531510126688
1036619,77.4248092701324
1036623,85.21744284072125
1036698,186.25320809666334
1036701,455.89061255011893
1036702,186.19465373842678
1036703,407.8048992683294
1036706,11.801973131104694
1036709,351.52946327209474
1036719,196.5869470435695
1036746,65.96266007334584
1036751,651.1496990912419
1036769,63.31706593177969
1036773,56.21410093227382
1036779,201.08261142716407
1036796,59.16709222158578
1036809,515.8422188728408
1036821,34.93850781840777
1036844,9.006018166770184
1036855,232.71843909578826
1036858,124.22057229306033
1036876,267.8554485929984
1036885,22.608327875602267
1036895,18.2569878428243
1036898,37.30411505181107
1036900,117.91479310431892
1036924,132.38645391354123
1036941,503.38757872944433
1036985,19.24540788448442
1036998,437.3893297204316
1037004,505.281706683374
1037012,140.8629685702164
1037013,295.7015168769404
1037024,77.27624010429837
1037033,35.393971071897774
1037042,509.5384326408062
1037052,116.66158905187159
1037102,963.2497475363392
1037113,126.71222530339412
1037167,81.3763503938019
1037186,849.5155234786482
1037188,17.866990749431828
1037192,41.33401565440222
1037218,105.72584458246213
1037225,93.52866376896645
1037238,138.64288390368134
1037247,237.18405843249693
1037275,125.72075742671296
1037296,24.824161360678403
1037300,117.51517646926696
1037301,103.32942897424151
1037310,57.018803658311306
1037322,114.29523603296445
1037344,44.169684066506115
1037357,114.36609553662234
1037381,117.75241676620705
1037408,131.812578290542
1037450,86.97610660634304
1037477,61.40264329138367
1037484,22.03569211054942
1037485,213.580389100033
1037514,139.8504087230363
1037515,105.00469399611136
1037543,102.6106490466957
1037582,338.57970803031327
1037597,11.950799901730567
1037616,119.40552734871915
1037632,516.4669592402004
1037634,77.17233319343661
1037638,249.08590695164992
1037639,107.05302378631889
1037647,877.2962563418422
1037655,156.3929590618472
1037656,102.74687033797984
1037684,19.181835617215512
1037739,181.22451434736394
1037754,382.8131749409574
1037756,98.21799156391565
1037765,36.799687282186326
1037784,69.51032465675003
1037885,576.0742527389011
1037894,80.93249218839651
1037900,245.57877625850836
1037961,68.96276182082406
1037962,307.2232044844514
1037986,22.498747205223722
1037988,14.775650569212955
1038003,38.80016781369275
1038005,176.22837693231742
1038031,136.08859536403497
1038042,83.14276502210568
1038064,71.58845529689276
1038082,290.671286847394
1038111,960.3609233080158
1038126,429.87355853915903
1038138,199.17919591204222
1038196,23.512657490567637
1038199,114.51527637424286
1038203,21.62564126410145
1038208,62.14632392892443
1038221,68.02965968315462
1038249,87.30477735185501
1038256,128.89663564580377
1038259,11.18292207288251
1038260,34.71076965989154
1038286,66.79260221850868
1038291,180.7292132447955
1038293,0.4858098908834107
1038318,283.8346579509945
1038351,433.5273382252182
1038388,569.1517163189155
1038393,95.16870102041705
1038405,114.90660339988551
1038419,125.91043777424694
1038432,156.7588185179036
1038438,148.6176458406882
1038455,14.288262570234236
1038462,116.73625079421312
1038502,33.87331231969853
1038504,32.41826827636915
1038509,159.4892294070507
1038515,910.3587803807136
1038551,161.4034742578295
1038561,127.0956251127561
1038564,241.1367464784047
1038580,15.637986184160082
1038585,61.13194450593573
1038594,170.09299198481443
1038600,573.9310085656782
1038618,630.9133650292283
1038730,83.41945635873255
1038747,550.3689478569432
1038757,118.86982909718937
1038769,759.9031054092966
1038791,1555.7404457721534
1038802,155.8571000794786
1038816,95.06766967305975
1038824,72.2604159205073
1038852,66.09749612616062
1038860,14.235490251531983
1038889,71.84283908559742
1038896,283.6365853972322
1038899,67.32795364121385
1038904,46.061899117334065
1038905,98.06677936517953
1038934,53.067624652920394
1038947,136.1311185193172
1038950,102.08382908891176
1038965,337.85737625038416
1038974,32.838877555792024
1038990,143.70646432421358
1039007,123.76068442825725
1039028,199.66583275741894
1039041,10.739852416321728
1039066,52.489237637584594
1039116,104.87889059443727
1039123,38.991643033132924
1039156,98.17838752219704
1039161,24.66193811810231
1039169,138.88952743978106
1039188,20.815393573933672
1039223,75.59938768717291
1039235,115.29937123395372
1039245,2.7078251839771963
1039265,3.6485458874452026
1039269,2032.616422457167
1039277,231.11177744571856
1039279,527.0118006101422
1039288,42.614706341875134
1039292,12.663802824357068
1039304,410.73977820051095
1039323,8.068025149783887
1039342,166.42313240419213
1039343,103.16781154049653
1039345,203.9436887859688
1039351,2465.2784849647337
1039371,85.28005545429517
1039372,63.38023848695069
1039434,105.21362745149214
1039447,36.56865344834969
1039474,0.10670198100818398
1039477,21.28504692241004
1039490,16.512900671467055
1039516,19.106509416512843
1039535,252.21829429870164
1039561,123.89108356935967
1039587,58.52487642063311
1039589,321.4910654657082
1039592,72.88343742068213
1039622,14.470970068787919
1039677,598.7929437859714
1039687,269.5920231203522
1039738,324.61128704945503
1039778,254.54926697337288
1039799,450.92194840830507
1039804,8.726754524150468
1039816,326.267446793566
1039828,14.069571431595353
1039843,33.84128489317201
1039852,59.575145180268954
1039864,300.6942708056018
1039868,279.4408911855279
1039889,311.17013692374536
1039898,34.70709964798986
1039920,465.6712875056098
1039931,27.082514871720466
1039951,72.8320902711369
1039985,628.7546148988442
1040003,25.472392293831817
1040011,66.88131410000896
1040018,173.5139031926307
1040051,126.73987127451676
1040065,11.471047137663595
1040076,43.68168290531296
1040086,17.308596670086615
1040108,32.933669016175934
1040148,1484.8977430414072
1040153,75.27725982520803
1040158,103.01617625846708
1040180,51.91810824618224
1040191,1038.427987368479
1040219,495.8156827176057
1040223,140.80389238455342
1040229,8.576743801465868
1040232,271.8882105307148
1040244,32.560860314996475
1040248,41.11768713984277
1040269,125.9223898891909
1040282,111.97590525537503
1040287,221.17411028606398
1040294,1002.9317221905524
1040307,200.80096718485876
1040334,34.52981925176292
1040360,25.829418754237004
1040370,891.5068694918865
1040372,36.94281310523483
1040381,21.33001857025907
1040382,77.79008396994591
1040396,277.7100270639726
1040401,289.3067460076635
1040402,17.930854629084365
1040412,488.13801665108485
1040420,12.85068199828728
1040424,64.0585772429223
1040430,1055.3615845423171
1040435,48.27968920032635
1040443,21.056460675656094
1040458,63.809808219909876
1040462,15.350548378887623
1040476,36.46947441121829
1040493,421.93117048312416
1040504,115.1150702851873
1040519,108.12096193168529
1040523,291.4057079567687
1040528,13.571209585073644
1040530,32.236772574303565
1040533,81.00762608355916
1040538,613.0515358514982
1040540,28.21075636581241
1040547,325.7976546021685
1040562,36.76097190156413
1040567,215.33703252586025
1040612,431.91280485550635
1040633,525.8345827776543
1040647,176.5030403211836
1040659,166.85265718912703
1040672,53.30265602927095
1040684,478.4924937281066
1040688,260.0621826237674
1040695,224.73402222794883
1040703,778.0035091975546
1040709,264.74975587283836
1040715,11.032645517076528
1040724,91.33744787221958
1040737,102.68609530180501
1040755,253.18158173102321
1040784,124.23689523356015
1040817,12.074428371815854
1040825,167.687854852472
1040828,145.8831351605575
1040830,141.44642246051373
1040838,44.657595505657916
1040888,115.25584739401896
1040908,268.21964911281833
1041008,279.58008333115185
1041032,81.61717188696419
1041033,188.50949213635963
1041090,168.8055822647681
1041100,46.147370685136394
1041119,90.96902169732058
1041123,457.62075596785894
1041129,58.841459863043255
1041132,222.17792540724278
1041134,146.05008710024455
1041144,414.34161759460324
1041160,194.71628350593346
1041163,188.21454518841324
1041166,16.3073884454091
1041176,7.459583046782821
1041188,58.83514998254254
1041201,88.81748342251541
1041203,318.8913932972796
1041241,78.44544944134856
1041253,36.54997404650443
1041277,211.08090054568433
1041281,38.83209658002669
1041291,32.68628869893615
1041296,101.07929740867881
1041304,220.68356495996417
1041334,31.73450575281511
1041377,56.200518625806694
1041420,208.3928582654435
1041421,48.9091706530488
1041425,41.698838693380374
1041442,338.8743417487667
1041443,186.48556759187943
1041452,2.072879230290526
1041468,414.212143967343
1041473,55.129637197365525
1041492,95.84503346952644
1041516,1034.674307302052
1041527,212.0294015456954
1041529,232.7703694095435
1041553,1173.7046090553429
1041594,83.11510378850734
1041602,691.7838493447596
1041606,84.27867382185376
1041615,255.06918001716332
1041636,50.64868025142851
1041643,42.72881349679489
1041705,35.44736718744319
1041709,154.50909177861263
1041718,28.916873861404856
1041719,130.08993587110317
1041733,41.521899965863966
1041760,91.44808285222095
1041761,76.08598977580732
1041769,72.48288486580033
1041770,72.31398583738927
1041777,17.51802353376078
1041786,13.197299015106438
1041818,14.432960081013885
1041821,62.002162793065324
1041864,40.527371836354305
1041884,1057.931743673976
1041890,110.50057354735222
1041891,319.83795887702667
1041893,380.97153024987796
1041898,98.25529198054261
1041924,62.52460639739445
1041927,86.18528549352216
1041932,89.58998645965393
1041967,474.2187415514185
1041969,718.0969738595012
1041996,149.7611541678612
1042014,21.442533613130134
1042017,59.81552421037845
1042031,299.98210483950487
1042036,172.72252838045262
1042038,297.25230307723535
1042049,61.41848870191033
1042053,38.33065917493761
1042062,113.18055306935742
1042125,129.72197853422315
1042127,103.36153406969339
1042128,185.77523413575435
1042129,487.27432255098176
1042151,19.917345448434222
1042152,105.35898833544219
1042157,32.920439342574234
1042183,8.254432671770445
1042206,34.083032580547815
1042242,58.894458262742894
1042253,205.45343023862202
1042262,29.48252693319344
1042279,1301.5894948873902
1042282,930.8059473036978
1042290,138.77985560035376
1042330,27.216654823927204
1042340,28.78572830317997
1042342,166.70678909055974
1042350,13.139575231213945
1042357,263.27255430848356
1042371,8.75125094242987
1042405,851.7537386341478
1042422,97.48188810795862
1042424,204.67653484656103
1042427,109.45431681096925
1042431,175.5278127689096
1042434,23.39749597275991
1042443,21.388541287664214
1042446,18.80561948897757
1042450,244.95538130681012
1042497,41.956066111285956
1042514,54.023382656837754
1042523,109.35340596750443
1042531,104.51200719362922
1042536,374.55047468365865
1042549,173.26092119802678
1042565,50.626863763422364
1042584,302.2604176704074
1042596,1.7884683578044613
1042603,238.3141197310965
1042609,20.41276794098776
1042610,909.6847461183526
1042616,12.573377027945378
1042647,19.5500546972857
1042657,414.18975300484755
1042687,230.61477272308338
1042781,36.017360180090606
1042794,1028.531353402012
1042807,167.55914358156969
1042812,37.22303433392409
1042827,39.87574325759869
1042837,155.05196631928726
1042841,221.42027237280587
1042953,121.6903335434775
1042999,47.2292419139088
1043014,317.2753256736432
1043032,179.49503079791603
1043060,285.9924032617663
1043065,22.587883414448804
1043097,135.40063635433964
1043153,16.243300323643933
1043154,76.79859994922671
1043169,266.3095499536941
1043188,33.97984902866076
1043208,93.84166921944514
1043212,12.479990461771932
1043255,98.84637165975259
1043262,61.147204792706894
1043271,210.03099154938135
1043312,23.048860913809275
1043320,634.9599982779769
1043326,212.087130807664
1043351,173.71202534232933
1043355,39.936126258358
1043364,2142.1187186927823
1043385,72.79102361250366
1043407,39.46691114288935
1043439,233.37998481996107
1043464,54.8470562504743
1043470,114.64675940618348
1043523,98.97925144836947
1043533,340.06425871291793
1043534,33.252360939325186
1043535,93.29393805305418
1043550,183.50106380316842
1043566,104.15576905073245
1043572,526.750878815277
1043603,32.63626471338758
1043605,211.3332394398474
1043614,557.8987189130918
1043619,1364.8991245053296
1043632,139.8256120950486
1043673,99.71326051516013
1043675,486.68927227393493
1043700,47.0996474661978
1043714,17.480427768244624
1043719,14.191997200733507
1043720,68.29809812068235
1043744,535.0237076767598
1043759,429.4609389946343
1043794,197.91756195780863
1043811,39.69240752399655
1043817,438.09245857217263
1043832,161.0250251746499
1043837,33.75573365586566
1043840,72.03853580520386
1043846,172.59316013242628
1043869,16.92462368367851
1043894,42.36732414705547
1043905,120.75874615400085
1043906,194.28302670415616
1043910,614.225166048032
1043915,78.34894696428687
1043916,809.5034696821755
1043919,26.127210073590913
1043945,64.6957602824716
1043957,35.1770407402927
1044002,228.8390397567873
1044014,20.28687513849553
1044017,45.07353166446805
1044020,23.296858267683863
1044024,95.85379188080901
1044036,657.6738787428662
1044051,102.36041111015969
1044076,950.0777750339562
1044081,142.71235544298045
1044121,429.61844469133104
1044169,709.8504121230794
1044205,74.70947654750182
1044208,34.277412404200014
1044217,124.6052587756006
1044219,578.1027794361614
1044231,224.36264929695315
1044262,40.699141790886685
1044267,595.9144162135024
1044288,118.04503472618087
1044361,268.1461834040553
1044369,307.56414976540896
1044380,301.6126849648475
1044391,366.24233880119215
1044397,566.6846921352513
1044413,115.51512228319687
1044415,27.55419906063997
1044419,41.654394990690086
1044434,76.08891831765406
1044453,116.5869004897811
1044455,12.573454893457932
1044476,32.396888213048534
1044490,64.38198318352818
1044528,87.78662662468294
1044536,331.01755832632466
1044544,106.5821203358172
1044549,189.52058059780913
1044578,19.629428207607816
1044579,504.6450208652857
1044596,11.742003018586963
1044613,198.82483210708165
1044631,152.69169916297022
1044635,86.8757219287124
1044644,8.076893654894924
1044666,2449.8448122236027
1044692,93.38871553602608
1044711,326.22898541585926
1044730,84.80843232259014
1044743,51.00914340251473
1044776,52.82720342593688
1044787,68.10939948453341
1044801,15.251593058684952
1044804,170.16471552309434
1044810,0.4001234643730752
1044825,515.6565199771087
1044833,926.9642570373745
1044843,398.39125171329874
1044864,149.40389990664283
1044870,420.6452082446208
1044873,208.67270394328986
1044876,332.5268450305279
1044881,34.05035216953709
1044889,348.626407121541
1044893,570.1322134528698
1044920,277.3099301160193
1044935,100.68959268559459
1044940,42.07234716711645
1044947,132.8784326413879
1044974,120.22466208088645
1044984,178.827446178901
1045010,10.36806309485342
1045061,92.95848211215177
1045075,132.65383502854945
1045081,106.3835216829362
1045099,613.0912474471462
1045104,17.642239971234897
1045111,50.055481101787166
1045123,13.110328056108271
1045125,156.60296730001912
1045179,839.7337146261432
1045201,40.38607150870171
1045208,685.2151722684401
1045222,107.55893061006321
1045236,250.01018779623197
1045265,271.0743758242333
1045267,872.8789339306346
1045292,36.166056847582645
1045296,94.51179882262186
1045314,473.1360209052332
1045336,47.87751344001301
1045356,466.54728569264313
1045371,142.78534281931778
1045376,181.3632477795451
1045423,217.50839800799542
1045436,392.04142240186405
1045441,124.4761550759182
1045443,373.06079546550296
1045452,24.04637207472653
1045457,225.91073764450553
1045465,408.5710138734537
1045471,351.5638015005343
1045480,101.85844405100528
1045486,145.980322758599
1045506,11.022057464017324
1045510,86.21435286708929
1045529,129.0802377687618
1045564,27.289496977196595
1045566,120.74811154557591
1045583,923.6408860275236
1045586,198.31354961470507
1045597,70.9497545949087
1045618,357.55005483698295
1045622,56.32236103552482
1045651,193.66780964857176
1045704,52.09381440865368
1045706,127.78874502377735
1045716,58.9863236487299
1045722,178.49721336429005
1045723,150.50439388852502
1045739,364.7274790385449
1045776,249.80641506944968
1045804,599.321734304798
1045821,340.63182459555856
1045845,14.965500407043969
1045869,220.96219715608842
1045879,81.40893063389812
1045903,547.6736615135243
1045918,62.82690910222236
1045929,39.15084753733287
1045943,146.8083178639921
1045963,221.34545362950286
1045971,380.52042861195133
1045972,22.54894853318622
1045978,884.6987180993441
1045986,74.64080513986596
1045993,20.72032116082407
1045996,99.0416444654368
1045999,159.61976685116645
1046027,567.3995730042825
1046037,614.0642075650861
1046072,331.22767514906286
1046120,77.9722245508376
1046186,74.49148589159597
1046211,477.7839653633661
1046238,659.7172033153635
1046242,98.20885738560597
1046255,42.59996381095123
1046279,125.0817114717107
1046290,570.2671924514428
1046291,4.633465733304217
1046296,105.27006530366363
1046297,256.768154902608
1046319,218.29264344428012
1046330,239.76140590549215
1046348,20.84731581608131
1046363,34.55004780339883
1046377,67.53794728885242
1046381,99.96683414017045
1046382,627.7888423748914
1046393,283.1357396015778
1046412,226.99837850713465
1046430,600.4730942844105
1046431,56.85970516870679
1046443,126.41841233946118
1046452,32.50049919006627
1046453,17.898704902598787
1046455,25.121335259651417
1046474,1113.0703476210613
1046475,37.96532171432429
1046510,211.483063440357
1046575,40.07762582028671
1046576,22.527450571618157
1046579,60.635452913087434
1046582,75.80674343496776
1046592,65.82809347216974
1046603,77.1206705163771
1046609,901.5285098287663
1046637,42.79058993355116
1046651,156.62713407851612
1046653,283.7960679073314
1046677,34.68926850975051
1046692,51.56587076685108
1046701,58.94119647715183
1046741,9.597856179555919
1046795,49.1996441811264
1046820,1.3020709520623941e-05
1046847,37.45541559329185
1046854,91.77395882542997
1046867,424.3800818402674
1046904,61.44530217787855
1046935,35.116337625372715
1046942,17.091502817789937
1046966,299.79879277252337
1046968,14.232696016615156
1046971,51.11201376749417
1046977,26.913281655027017
1046978,177.76997444952863
1046988,167.61881971359605
1047024,323.42168761980685
1047032,13.35382569047736
1047034,99.96801925877472
1047036,58.89685784153552
1047047,760.388514403051
1047082,27.900654364016464
1047097,905.5884664048706
1047099,22.103596403047415
1047101,6.314819232274611
1047110,415.8962716930986
1047124,16.46160401934242
1047128,35.45658332123282
1047132,247.67903838236538
1047140,543.405893512947
1047146,280.1208295719476
1047164,296.32535290966445
1047182,29.910604249199707
1047198,47.06020223326814
1047239,67.07490905952523
1047246,296.6773872884405
1047271,243.3314304328738
1047283,253.77201153251127
1047301,44.473358252167195
1047310,298.9382678816029
1047318,125.41339969880752
1047356,299.56233663581247
1047397,0.019832510614299022
1047398,41.207195026953215
1047440,167.91316272552018
1047450,27.442572315615948
1047461,46.403298808735144
1047465,403.89089139534804
1047470,51.919223241604975
1047518,403.99752826579834
1047535,333.62671193120065
1047541,127.7208392988701
1047563,751.2840984530262
1047566,22.39857101545515
1047619,194.60557314887245
1047653,55.03993548141191
1047663,6.622826634066621
1047669,49.11062641122748
1047684,139.58715656667454
1047685,122.81249908807956
1047720,61.26336689728764
1047777,38.763041533866115
1047794,90.42247671706444
1047803,24.1950527379709
1047818,99.89929320550738
1047886,81.23969815907934
1047888,103.56513981215983
1047892,2055.4550877963807
1047893,23.169018407045627
1047991,38.862775968817715
1048023,18.1632068156
1048031,312.2462488919894
1048034,65.98529052615363
1048036,37.92806332967728
1048054,20.34656566178433
1048122,378.1122052812844
1048131,491.83381420957085
1048165,41.81955272902497
1048200,185.1296169821165
1048213,318.0458900004354
1048220,143.64630647933018
1048223,300.83609116675706
1048256,146.16908011572858
1048271,76.64955862026342
1048292,413.275592911535
1048311,186.82026345758365
1048319,178.56532520172016
1048344,2.5516977159830465
1048357,453.42175014024565
1048360,24.217258652368624
1048369,271.2024541206868
1048380,111.51711693327705
1048428,111.33075648899185
1048429,21.964502025201103
1048430,134.0699147545499
1048476,175.66488425230446
1048501,71.40229985835758
1048549,159.10370696317534
1048552,24.809496424592172
1048558,31.52911035338612
1048616,22.72955722245113
1048644,9.72684469108923
1048678,400.5734629479733
1048682,198.6924976272704
1048692,406.85393156416177
1048695,167.3058074320954
1048698,93.59245739440689
1048715,51.39028287060483
1048727,116.8800436129369
1048752,195.2536544488008
1048759,18.801738659441657
1048783,12.362590745534346
1048802,214.99150039765723
1048829,72.66200377142043
1048840,17.958024009133805
1048870,253.79390222872487
1048888,233.89803334285702
1048938,74.43999704320154
1049031,27.513847629530453
1049040,100.43610614828901
1049062,43.77581427501055
1049070,113.43612834721735
1049098,108.32663756240461
1049132,520.5642674396065
1049141,46.7038765816888
1049153,103.69012739144411
1049158,22.52723178467291
1049161,109.9866735732034
1049172,366.31156523497964
1049229,226.19684385973008
1049233,469.1409099317761
1049246,21.181390184221552
1049247,28.472237740019462
1049275,77.60621017872663
1049307,22.87349357799997
1049332,306.4397067481799
1049337,183.37624203676947
1049345,44.048043418390854
1049350,483.39657912379965
1049364,89.61733989192108
1049366,137.5987061988174
1049389,185.99005356561608
1049400,52.92415393104284
1049402,130.35890540434707
1049411,115.43175800433042
1049420,106.01845589214395
1049464,222.0893250896059
1049469,94.520954170549
1049470,593.1853036718236
1049477,1120.2737719490679
1049512,21.433768709891076
1049531,201.15390870974767
1049598,343.15801872039356
1049602,98.15629832357658
1049606,27.011696753231124
1049616,35.624614860468164
1049619,121.20345806171845
1049627,52.07257263857476
1049629,142.67579840806937
1049667,263.304707744024
1049688,10.930296286827748
1049689,94.81882700501649
1049695,106.37891424807422
1049699,177.09127390803837
1049715,10.242121159836236
1049721,85.45692874386731
1049722,66.16651952917273
1049725,180.37880266736397
1049747,90.79615991485949
1049770,45.04270484997261
1049773,37.95930573532648
1049774,286.64520780553147
1049778,272.37896161382645
1049813,369.32438884913785
1049835,283.04902545493
1049845,147.15058710716943
1049890,37.495464676822685
1049891,273.9947738557862
1049894,45.188468412978885
1049897,34.23484404995546
1049919,13.323776795739967
1049932,45.2545682972054
1049933,241.2205616118466
1049952,43.474302467163334
1049953,99.80046312832665
1049965,345.01962709606545
1049973,61.04679725673544
1049974,131.58543608026986
1049976,246.95407647153178
1049986,666.8119475510578
1050056,77.60442496977699
1050057,60.552915400855774
1050090,600.5956738860565
1050100,678.7563444495133
1050102,64.16677810689714
1050143,72.69603428740588
1050155,48.77498220035729
1050157,150.18519043560283
1050183,307.2495698013791
1050202,110.8766616005859
1050205,701.8966610156616
1050233,130.6817361958816
1050241,238.2044596896947
1050250,19.350092261757613
1050288,58.97523919952807
1050289,182.44134550357072
1050303,146.11106709636
1050306,13.906960923843123
1050335,161.0076459469106
1050349,175.52710800550457
1050351,73.21060116025345
1050364,356.9010466810746
1050369,261.2094993874399
1050376,112.22952105118505
1050380,174.09943628438327
1050411,271.01564156139165
1050460,647.6366831517827
1050471,194.6099533537398
1050479,116.59376070145544
1050487,251.8096347260367
1050495,138.44936354063782
1050509,582.207548961603
1050510,142.1605516115786
1050512,85.55350736586259
1050543,49.5402724390999
1050572,418.28446812543376
1050581,173.39233299429466
1050592,26.031332546212713
1050596,12.41685185229898
1050610,512.4489009857939
1050645,20.790640548704303
1050649,285.7122360396504
1050661,478.26552305247674
1050678,121.55607692452105
1050683,223.3308674121312
1050693,184.36954450518718
1050702,42.71799694138905
1050703,1107.9677593702831
1050711,93.33020330345035
1050718,74.53469226168428
1050733,1026.807547975101
1050739,813.7205567001608
1050747,1630.628585176848
1050753,298.76559586485274
1050759,16.071853172995446
1050787,550.6004181182524
1050801,213.97570044870724
1050805,200.47072305420272
1050828,17.56223545513861
1050836,85.73431494510594
1050839,34.56030883252954
1050846,130.00219001789557
1050850,36.29883941929657
1050861,108.16055161518744
1050864,383.63918406243374
1050874,552.2149343156904
1050887,144.7441884684703
1050893,36.3289796596579
1050897,56.653073437423906
1050938,49.45991870617103
1050944,89.32383260605468
1050954,875.3883601425661
1050958,56.81766892431886
1050959,310.8883880611133
1050973,13.599074724639454
1050978,382.0836671010164
1050999,248.9450244328166
1051001,2.633863518635016e-22
1051015,13.713817427786413
1051019,79.40231876944796
1051052,155.88967318248788
1051057,2.81659197795032
1051069,334.8202982387666
1051075,175.94458715648045
1051084,247.40120444303196
1051118,34.26313154201518
1051139,242.25225258531847
1051153,26.086937275520373
1051164,168.58202473874022
1051165,15.46454345934462
1051180,19.835176386247518
1051218,373.66682623255895
1051225,19.863503813276992
1051229,815.496432632225
1051248,35.489605826523906
1051255,639.9333496382329
1051268,322.7818686536324
1051269,128.16310560562042
1051272,78.20210726644554
1051286,339.2351536051738
1051295,124.60124434148393
1051349,386.65270401213576
1051361,39.79344939982714
1051395,23.311952191334793
1051401,78.63840870373765
1051440,215.996689350833
1051466,251.64422488014063
1051496,175.11673141406928
1051497,30.451002243219527
1051517,148.28014960114874
1051519,477.33019405529757
1051521,346.921821042873
1051554,71.04103574985447
1051613,100.2059672159243
1051619,916.1214279202956
1051624,169.49533996904003
1051651,144.02699494436365
1051663,60.489891057228384
1051688,282.91482683418553
1051713,265.76881954794226
1051717,1477.0470162919967
1051730,42.62139277852954
1051743,42.038008373406385
1051747,132.80062363558278
1051753,746.7142920554305
1051775,41.51617446860155
1051784,41.09304088027565
1051817,30.63056279960625
1051818,761.8520011502686
1051830,29.203623945440192
1051838,132.67642572742406
1051889,227.40227890402974
1051906,113.99263916021921
1051921,344.4508887122987
1051931,90.39881742556808
1051940,14.704498659991318
1051967,101.31666494118691
1051968,235.0871111565452
1051981,259.1594209902673
1052017,1642.8691196495706
1052043,133.3847217460763
1052051,1196.7584945108094
1052054,169.53104251043558
1052061,415.1540633992747
1052063,281.97205406935456
1052075,45.01193261015223
1052105,118.71744481035272
1052107,98.98542079086519
1052133,537.7446530515513
1052185,282.9806829201027
1052206,24.178192940360756
1052223,109.40532592620887
1052245,462.01985567405967
1052262,454.52271423598756
1052272,77.85888299850917
1052283,0.0
1052288,180.49285495558746
1052291,183.68875587627443
1052297,128.47520485148166
1052303,12.569010053935095
1052320,222.98724487181926
1052327,39.531472546597186
1052339,162.69160164165348
1052343,189.16059777415646
1052376,235.1341583559813
1052382,30.56462301735457
1052384,219.42630192945256
1052405,23.567881703471205
1052413,253.27802886720085
1052419,274.91873118610596
1052429,228.37109459731062
1052440,58.39937950481937
1052474,299.52567306080806
1052491,165.05310239597512
1052493,246.13397312047562
1052527,69.58126259470917
1052528,54.56457630599817
1052529,227.39878185002115
1052571,19.230868192222736
1052572,43.35650683445229
1052585,36.126683066636176
1052604,27.891690258558295
1052607,155.94598807376894
1052619,14.389173162576471
1052629,2408.488633240457
1052630,13.120306416205377
1052650,83.12067000390192
1052663,20.21867579734499
1052664,183.6165648536665
1052668,259.5399250333047
1052678,42.12669200088803
1052692,42.72520118843367
1052719,17.807530582123622
1052724,838.5905663743961
1052729,214.40712474294804
1052736,48.513704413562934
1052745,20.507854670976617
1052756,300.494020798445
1052757,257.7345098287794
1052765,27.840151430319164
1052769,9.462673651602866
1052770,163.09395831692018
1052776,120.91552060614153
1052783,130.0373927163854
1052867,21.681146226648245
1052895,17.023916298638344
1052913,23.806781592619433
1052922,35.274060960806835
1052944,21.879101075230942
1052953,300.15169378732156
1053029,65.66063757020424
1053043,778.3711514230882
1053049,143.25471623413952
1053052,211.53491347222797
1053053,15.012662663536606
1053057,261.05337415063843
1053078,63.18163976212296
1053095,1.3044418631618617
1053113,278.3766254336297
1053161,289.3337782136966
1053169,475.2874073949438
1053202,131.25020449584713
1053207,171.7261110098148
1053213,238.81997382668592
1053239,92.215055948605
1053247,11.780512543423583
1053250,35.95544332585722
1053275,23.736173080195154
1053303,364.45346780694695
1053334,130.28013502172212
1053349,183.3127685322021
1053353,617.7034068596914
1053367,538.1131127669335
1053371,24.548393834620583
1053387,163.58875249107825
1053389,983.1240141235297
1053397,18.69530309308636
1053426,67.12131024906586
1053449,27.090490559868524
1053458,115.62850692284027
1053460,13.031307575912185
1053488,28.795428610197277
1053494,434.90416788414024
1053503,522.9144231559758
1053533,80.66493400059935
1053540,159.4133747483613
1053563,108.70542313695304
1053569,180.95223211467967
1053587,449.8726809916801
1053599,401.0390991817551
1053602,24.374996891943024
1053604,1222.9532368763405
1053624,175.85380335971175
1053628,120.58068754814236
1053634,144.63797697293455
1053653,314.95340104243064
1053654,21.088590358290315
1053666,266.8239663490281
1053667,98.63848701504607
1053700,277.5517062775377
1053706,330.7903539330828
1053710,567.7877592904714
1053728,19.58095111292492
1053730,116.23838822524453
1053742,523.6753826334559
1053752,86.95445371467122
1053778,192.89445358276143
1053779,109.96241024531469
1053781,221.4680187579181
1053785,98.00759139084822
1053800,537.9452970374255
1053804,28.156977224926678
1053807,26.842806145320097
1053814,324.3368193995005
1053847,124.24606693061558
1053860,326.2190346861431
1053898,105.31677391580993
1053905,49.40917608492398
1053941,132.75687253535358
1053955,1404.0864633487088
1053974,371.99829881399046
1053981,15.990700672630112
1053982,26.274637314946446
1053998,20.65997164575928
1053999,121.17387647853596
1054001,63.39467484631115
1054015,457.2771698628275
1054024,414.0982329942616
1054029,177.35755042477234
1054033,573.667284511414
1054056,170.3463968625477
1054087,60.61174437195311
1054088,32.57813287231203
1054094,43.55382402262024
1054104,130.5479073833185
1054115,116.73781030339
1054117,115.88905451301832
1054132,4.350123329591408
1054140,193.90686359540024
1054157,54.94370233538109
1054158,12.581834697519538
1054161,1.1385584791694487
1054169,162.8872776894332
1054201,594.9886908726618
1054214,45.2420355861581
1054223,43.852125045893075
1054235,171.30489956712836
1054238,142.06620084202422
1054258,75.05446038145217
1054269,2310.8304131478953
1054272,109.79494130288059
1054274,87.26550626340203
1054276,48.728448887389185
1054292,69.27637847510061
1054299,61.07236143018621
1054327,153.29132627767697
1054344,231.1973967903364
1054349,82.61273683353114
1054376,72.83071829569009
1054385,831.3322689826297
1054396,10.411733554279051
1054399,330.56516714792724
1054413,145.08574015315295
1054423,462.7993248871522
1054426,78.30593531240063
1054478,136.85382959775902
1054489,913.1987191881075
1054492,71.36397366689295
1054533,32.45296660986888
1054541,26.86376088532804
1054611,17.529151501187776
1054616,60.83472660708096
1054665,204.18578553389338
1054675,25.351786994342355
1054679,72.79812421034092
1054680,26.0850589197451
1054723,736.7172671900746
1054736,392.8526691805443
1054815,34.73713754649596
1054831,1458.2652160765026
1054832,659.0484629282465
1054840,376.6099650855576
1054844,341.70133564588724
1054861,153.1237607494998
1054864,26.74153229961079
1054872,748.1960510197139
1054892,14.336371682323344
1054906,222.9163711485031
1054929,30.6486573143781
1054992,659.9238444849157
1054997,68.61318210914767
1055011,1052.7583526604346
1055041,206.9755958572799
1055047,525.6811158532862
1055053,384.09105339687477
1055062,102.47139613331375
1055063,679.2616941425322
1055072,21.396581204593485
1055106,32.97582099865313
1055113,425.08133868675225
1055136,95.10238520164285
1055145,73.21784235498893
1055147,20.31666016114231
1055151,392.9608408437842
1055152,400.267109414029
1055153,122.35574663250988
1055160,103.41400774007018
1055166,427.57852075375655
1055182,76.10989947991546
1055201,99.9786751901239
1055230,407.4371142581075
1055248,184.6560101881989
1055252,145.74565254134805
1055267,28.922195059947104
1055289,43.74356377138668
1055295,10.822064058843617
1055296,60.006171002119736
1055315,17.23031257531488
1055317,436.0171673282449
1055319,17.44802591512736
1055325,29.682941980894203
1055337,129.50436434954148
1055343,14.003825671536864
1055368,533.5854403039135
1055380,52.82946284627282
1055383,75.54373013127683
1055391,440.9178352245146
1055398,126.44689617302257
1055416,13.790060909460397
1055426,17.611564492795846
1055430,361.271614254075
1055470,394.72568179297843
1055471,219.98122936698496
1055474,63.799821867537865
1055545,1616.1659165749866
1055553,28.279581342458577
1055560,457.7694648044481
1055561,36.258514748872464
1055572,583.85088235367
1055582,993.5783917922585
1055591,55.15344338293042
1055592,519.2560616785282
1055616,411.0415245576192
1055652,115.52362786416023
1055663,45.468676101013536
1055665,105.71031614116315
1055667,16.178045976607446
1055674,398.3020441964746
1055690,497.64338667769835
1055703,349.58951649661833
1055724,21.02047502946436
1055728,36.918946116171895
1055745,58.87974350188639
1055751,85.77519472655497
1055810,28.61307359884018
1055855,50.713576948259245
1055862,24.72238268980909
1055864,110.86408542401638
1055872,14.692405592356897
1055877,17.863027752885955
1055893,347.2022812650265
1055911,63.89724679359873
1055918,379.4039571014585
1055921,51.41791344007574
1055924,358.1431378699658
1055930,82.00273636807516
1055961,643.8495054457228
1055966,322.4748994039556
1055978,115.70699103734883
1055980,33.508495985222154
1055993,169.50474136278936
1055999,36.096190182131195
1056008,363.3714065674704
1056018,74.6111418014971
1056033,25.66969813102692
1056035,75.4283659214092
1056045,84.06251805775656
1056047,39.8650562897434
1056054,82.39171975375898
1056058,135.95415126316536
1056066,9.51113754594598
1056075,206.4836075878743
1056092,11.897694391132516
1056095,258.0738921183796
1056097,37.8134774119635
1056109,34.976540743211025
1056121,57.70710197166352
1056127,65.44580785404112
1056144,73.95817449302031
1056161,323.2762930795512
1056163,530.5897240969495
1056173,167.24853494167425
1056176,54.03233850303288
1056205,78.68069709017202
1056240,173.27533548044622
1056291,1259.8272015082127
1056305,647.1439311969582
1056311,293.90314340490374
1056319,382.17129075337766
1056322,198.8647127328587
1056340,8.495203917994465
1056350,2076.116183287428
1056398,19.261457103366165
1056436,171.35760009809903
1056463,88.95643629651327
1056508,368.8749971158216
1056516,1377.8196701873508
1056526,193.22387257221305
1056537,367.67487782547767
1056546,144.9008213509348
1056548,12.917082695349702
1056566,28.71749901761593
1056567,422.1694610249421
1056575,75.9614469521661
1056581,145.8054521725822
1056607,79.63416241252003
1056626,60.04877767294658
1056647,103.83656048993511
1056665,142.80483968494417
1056666,274.93336409229084
1056683,132.18008756030923
1056709,44.94265855566835
1056722,134.2853114731149
1056737,190.87400107342256
1056742,514.435006030503
1056761,90.48309374207082
1056805,15.97219548955731
1056828,186.89540215734687
1056837,89.92637772801146
1056871,488.0948048437316
1056878,21.113283177632606
1056884,121.16465614963913
1056902,2.362983988776519
1056911,54.574737175233196
1056913,436.70387346365726
1056933,7.160125116384448
1056960,385.8667790350276
1056982,143.1500451235922
1057003,26.48007118149303
1057013,193.3238879660767
1057017,303.88901616395833
1057026,671.4127463146372
1057122,201.9143761892741
1057178,367.2141955379917
1057180,18.383062976868857
1057181,19.1420622941923
1057182,92.30007039980228
1057220,553.7731100732649
1057232,42.439359688459575
1057243,209.60385804408995
1057256,93.35440322424668
1057285,184.79538420208974
1057303,113.98793172693993
1057308,199.42312696440564
1057310,125.43737754660894
1057329,25.977735716660913
1057352,14.981044160592408
1057370,0.22477270854013287
1057371,22.980380213382293
1057374,16.64728446023428
1057421,165.31900710405563
1057435,75.51513414511606
1057456,12.121106293905706
1057460,265.3909445320071
1057468,93.23433649673643
1057481,172.65945745876067
1057520,148.23204958652252
1057534,123.73398241611501
1057541,51.82317271102633
1057544,675.7456139153143
1057561,57.19120990303013
1057569,90.20271506236506
1057573,13.418876208907808
1057585,110.71652877736406
1057605,88.00809216845646
1057610,77.82759454767154
1057620,5.65746942015977
1057623,310.79487664642585
1057624,199.18556501141683
1057633,123.10744628070066
1057636,59.2790545495015
1057638,196.10499419013158
1057642,44.65290584526551
1057655,21.457182824956146
1057669,277.2750491135127
1057687,88.78134275067475
1057692,44.57309074160522
1057705,474.7782477692424
1057706,333.7530676974349
1057722,1432.0288442918597
1057728,36.599237940978895
1057752,946.961323501138
1057764,35.521461505696344
1057767,69.2558453101055
1057777,143.17670575348535
1057783,1148.6246282662353
1057805,401.3289695655602
1057817,199.46485507993293
1057838,73.96197507029
1057847,6.0006251469875105
1057854,110.70656482122332
1057859,39.05023849174597
1057891,81.80906160693542
1057904,151.12038093141135
1057905,15.32065991275015
1057929,11.985583640187773
1057936,131.65111476051922
1057956,256.1192276563239
1057971,60.99471266714665
1057980,151.3024308144614
1057981,72.9103204725418
1057989,312.96364941040633
1058015,319.49038074370435
1058025,128.0947750634408
1058027,103.67131552208932
1058034,22.978135665022233
1058052,115.21450905587211
1058055,144.6673732501251
1058059,89.49570373475527
1058080,690.4673874757024
1058093,19.40305040921279
1058103,458.06749626537885
1058107,14.203462963463478
1058122,252.0680891992569
1058135,196.1022957148733
1058161,1263.0096913974712
1058173,15.346525547159505
1058203,60.31370959710217
1058212,573.1868187474314
1058238,335.1623934336457
1058252,1180.777888279577
1058253,25.68859451507917
1058272,291.3844583535144
1058279,510.8332851088538
1058284,63.012369603373905
1058293,61.988006194861825
1058305,1236.3903169959895
1058307,502.7758510805335
1058319,22.856882427809
1058344,370.5557827513631
1058360,141.03090974108693
1058362,44.61531294380608
1058365,12.651359704051744
1058371,370.9819050889683
1058377,396.8473661475547
1058379,12.713316739089946
1058406,95.58978211077434
1058431,322.62493169052334
1058455,567.3834846008056
1058476,402.9374169106019
1058487,38.299197810604525
1058496,28.107151180685644
1058556,1404.2265603767814
1058569,137.84193159426673
1058578,616.9931161477011
1058670,75.16963162772194
1058696,56.69041552381163
1058705,139.90606209753795
1058707,113.86058106695268
1058708,69.84164846459299
1058741,0.15928772481408773
1058761,12.534204490191131
1058764,15.247032135075967
1058774,147.5680583049846
1058775,47.89716456952647
1058780,329.13951617925665
1058785,19.212500910414295
1058797,46.297931003227
1058809,54.84247473007974
1058810,576.9741192731169
1058833,59.329355851289286
1058867,64.6441097201391
1058873,37.9773715208915
1058888,262.5732701338683
1058889,344.3740753678429
1058895,48.13989288967352
1058944,81.76902946251717
1058951,410.39949588826784
1058953,181.64913059283413
1058968,3.878902117627352
1058997,219.44487784339196
1059013,27.471992580942597
1059036,136.7617779977888
1059042,378.4410291736721
1059056,1208.6794331284127
1059086,1190.2055356306391
1059092,488.88042722317647
1059102,37.24352510167872
1059103,26.35262979860082
1059110,327.54857020792093
1059119,82.07621361059098
1059120,65.59153626766684
1059133,81.95639040348215
1059149,400.44234590284447
1059185,38.97777383072865
1059213,67.93995965617724
1059223,1088.931505310003
1059227,1108.6539331778818
1059263,528.6753212685887
1059264,55.07908843992861
1059275,363.2937920041966
1059297,22.68470941651598
1059327,33.226693187183045
1059349,90.39153897161813
1059351,237.21752938093053
1059366,43.354214142831104
1059370,87.33113590036908
1059386,30.282929489453988
1059392,34.65526572680839
1059397,139.61470722004134
1059406,351.53555218597546
1059414,99.73709732132484
1059423,197.67021018422423
1059438,43.20438695933402
1059445,25.701082299237353
1059461,147.50355182733287
1059505,276.7445006383416
1059507,84.76371000305805
1059508,202.068712404378
1059512,12.700099250194187
1059530,65.39122583712549
1059545,62.40510415036776
1059546,237.0038072842899
1059549,28.510624093338322
1059560,134.95832822008853
1059572,13.697592135589629
1059573,716.8466692579809
1059592,89.27602523213743
1059605,71.71646150362965
1059627,21.23147502691472
1059630,98.9259647696681
1059632,124.70947416045817
1059635,88.89599816745296
1059653,0.32400949200907075
1059676,55.51835051410561
1059707,440.2908315646788
1059717,155.14196397552797
1059732,805.3868363359659
1059761,125.64151288476064
1059770,467.5481856680185
1059783,823.2172598150855
1059843,136.12643224872846
1059851,61.69130927054221
1059854,20.80238032244264
1059861,0.0020281972868595906
1059894,106.34195875697937
1059906,1080.789555313191
1059909,61.72886596446324
1059918,296.3412402133754
1059960,65.80977648338057
1059966,103.0787729921805
1059972,24.90310784787187
1059977,2.684157809037753
1059984,179.5930904263558
1060044,355.41062487573896
1060062,12.164006464800345
1060069,99.4191943436633
1060085,121.8654318964012
1060096,43.81270617827198
1060105,356.5118603043304
1060114,14.089594875708473
1060117,23.26478053565402
1060160,1044.8237851218892
1060176,257.1165553687024
1060235,176.912832508104
1060240,551.151207465008
1060246,125.14335934608171
1060282,99.08595207025708
1060287,130.62669468087398
1060321,96.55616047091654
1060343,12.123327423706415
1060354,16.099348128295293
1060365,60.223314895947524
1060374,177.39458708156923
1060379,9.645065399588223
1060380,69.57956070790243
1060387,144.41200869075087
1060388,32.2687719195438
1060391,619.1216679949813
1060409,99.26329434815622
1060435,132.92867867958506
1060454,130.38455072433595
1060469,143.65470197933772
1060474,188.90739537413629
1060476,139.0788028389208
1060487,18.628214399624657
1060513,218.45805614617163
1060557,718.899485848062
1060602,105.0115652347104
1060615,56.716827605260384
1060659,43.339883449484745
1060668,219.59071179433454
1060753,40.34740721213469
1060769,861.0506251457276
1060770,28.634202943941606
1060804,108.55226013368471
1060806,171.6263271796482
1060841,24.310585452624977
1060853,72.95080252721871
1060856,21.464763929611973
1060861,129.4344932127763
1060921,93.94400059746425
1060922,68.45417011792966
1060936,45.58154080839087
1060939,74.68406139705588
1060946,19.55068933832751
1060968,300.1860850351127
1060989,17.38452372235284
1061037,385.32727668951026
1061066,116.53666117308055
1061075,1713.8670742998888
1061083,401.00429255233763
1061096,330.4705459956605
1061133,813.3333112049584
1061134,612.2722221043501
1061139,137.1239137918493
1061143,134.55036673169624
1061156,141.12241087841699
1061158,119.61847026002629
1061216,63.25930626572491
1061234,518.4563516310038
1061242,686.3453214114105
1061253,585.4576748511588
1061263,92.70283374914956
1061266,39.1204633693083
1061269,41.106002124623075
1061276,243.86684461494923
1061284,37.050838416720666
1061292,148.26884725937379
1061294,191.35070020259167
1061333,218.900442013849
1061342,219.43989753388036
1061389,42.826513601259464
1061395,130.2641365093668
1061420,251.09217131416852
1061430,120.01283396068611
1061460,37.60531192614259
1061470,517.8104835776358
1061472,441.1732617891076
1061474,889.1975482421561
1061530,76.42590053448711
1061532,212.41207252752525
1061545,28.556309726332906
1061560,107.07464148864457
1061568,200.5385108854848
1061572,215.574478014188
1061575,101.68329277108646
1061591,100.0187517359202
1061618,191.62228025812837
1061620,70.69685745160842
1061634,37.13388468905095
1061638,45.096745663119755
1061646,508.94303629747776
1061654,36.415406384604964
1061666,64.20836706307495
1061668,291.4055009613958
1061702,76.5109589923773
1061706,179.71783144414232
1061707,132.15383767456956
1061709,182.89675114660753
1061735,374.200899605225
1061782,31.85561726930764
1061800,235.83548172626877
1061803,272.9374226173464
1061824,198.1562034751881
1061848,136.3504074911511
1061891,36.23091763850631
1061931,417.5878650030569
1061949,169.88739824270417
1061961,74.95955247416859
1061973,202.10260860603935
1061979,1768.518116031115
1061984,18.115449604728088
1061995,44.51297374499749
1062037,158.47666596435633
1062042,38.627995628165955
1062043,91.91745560844534
1062078,206.1988158887669
1062083,211.3496820510574
1062100,34.654289239957535
1062104,303.51151578481137
1062111,214.5012600036064
1062138,427.31277754355347
1062163,241.05411912942384
1062167,19.587388962018533
1062207,171.4465038364273
1062210,278.2606067737806
1062232,35.905260794610925
1062235,49.39716594519525
1062248,99.60064527747696
1062258,72.68425151387366
1062279,706.4230479628457
1062304,74.72918538247916
1062346,293.78666688079335
1062359,18.207382202582085
1062361,209.54770066421523
1062376,103.18718517316273
1062386,483.8995219509927
1062397,225.96869577790815
1062418,105.6429431354078
1062420,132.8792441043972
1062422,27.675783405914217
1062432,89.49908947198753
1062437,719.4819819230474
1062484,137.77448789631282
1062487,75.48946631347984
1062489,22.563461467656033
1062490,229.52134132360993
1062492,37.00401099155667
1062494,723.8115978473388
1062507,37.83829672973109
1062525,56.68293479019181
1062528,245.61970467101574
1062543,459.15704903508043
1062544,29.09974631997533
1062551,24.44560600420886
1062552,299.07906816311686
1062556,427.9633266637602
1062563,45.941876068604714
1062577,92.82310099915412
1062579,11.42116559504445
1062590,833.6001805763767
1062592,41.77958684914969
1062614,50.29939286641019
1062616,81.69850047426044
1062617,441.5737986455452
1062630,221.58724878171128
1062635,394.9796175200881
1062654,685.661297530693
1062656,948.5300624876611
1062658,219.62767249743098
1062675,285.03250834391923
1062686,2275.376158888163
1062706,60.3852719987834
1062709,132.26938615548863
1062718,71.92476204490434
1062733,487.3455359746851
1062744,19.43129756250837
1062761,32.00466228535381
1062774,38.39875627229685
1062782,23.603608087402037
1062785,1029.5983621965654
1062790,37.66269339498442
1062879,299.27449823952054
1062934,390.9983245842244
1062944,39.783930319122575
1062946,16.95883754073057
1062961,91.08184845647283
1062966,93.17324703586854
1063008,64.65030086537887
1063009,26.28891680664032
1063015,58.6160135706251
1063035,15.167069571442235
1063055,42.39851832178436
1063060,85.12570663744015
1063075,141.52898986482336
1063119,19.65395074862465
1063131,134.18537189634475
1063163,113.70939057489848
1063187,108.78192489017843
1063221,572.9809178292151
1063225,12.557389889649894
1063227,614.9105521586345
1063232,177.7701406537178
1063250,217.1327881806722
1063256,29.807881365620037
1063294,231.38657508792159
1063313,346.49856332819627
1063335,94.04057808963087
1063344,38.381997048460704
1063345,5.34708340292517
1063358,24.722227583065802
1063382,84.76163787454412
1063388,46.32001652642641
1063432,968.983140371084
1063433,275.1771104564317
1063439,211.11150026425173
1063451,37.94658061177066
1063469,256.989343668866
1063475,42.47008956374146
1063501,132.58289301176126
1063529,78.35528309103407
1063594,101.04950936153408
1063614,73.71061765071536
1063625,103.87548686906023
1063638,28.573938529308307
1063639,43.32502596818236
1063685,111.54654973856083
1063688,99.95860093818636
1063733,516.3341277677877
1063760,3.2148635825851963
1063775,94.66751848940694
1063781,87.62058710786424
1063798,38.98940724521823
1063801,201.1084908645095
1063805,180.16642653306772
1063825,70.00799081783254
1063831,74.36670012466818
1063833,304.3340527541354
1063846,68.36768238282866
1063924,201.2236462471413
1063944,421.6914772513094
1063947,106.34370832555724
1063994,54.281651802015375
1064015,37.5962412130421
1064030,132.24783928718887
1064070,884.4971633988806
1064086,137.41386185876064
1064096,85.73215334715941
1064112,34.19279684872598
1064133,151.27136810996896
1064134,179.84010228973997
1064144,11.889129024782903
1064148,0.5540852960573008
1064150,118.29506474330978
1064175,7.820292511641019
1064176,570.6530812695795
1064194,220.97334631287742
1064201,250.02572230163426
1064213,44.25036851442316
1064239,358.13400715909535
1064291,53.23685902040257
1064304,299.4594672882283
1064331,109.18839685937822
1064336,86.98210352282065
1064371,19.602792263458376
1064374,246.51806217575512
1064390,23.420690419752148
1064394,712.2194036276253
1064410,192.48805568462467
1064428,19.97023914499957
1064432,387.3612396176983
1064474,110.26067519994899
1064482,161.73409665409304
1064484,243.12756740588333
1064488,73.98856984957844
1064510,35.399086570426334
1064513,614.5582047597303
1064517,202.04204141803902
1064523,52.74303031827918
1064535,118.84881418935925
1064545,45.85438578126206
1064557,180.56866799929958
1064559,128.45218105669093
1064573,468.88964500228155
1064580,222.08271131202687
1064599,283.51590441224613
1064602,1567.8753390977677
1064603,459.5308541745736
1064613,232.47850522662873
1064627,253.17850099360254
1064636,142.92744914896076
1064665,42.96446552064718
1064667,91.49047197366095
1064669,168.1053452349614
1064678,57.03444531085147
1064688,51.849034696533806
1064715,31.0147609953067
1064720,873.361080101672
1064722,162.09006629315726
1064732,158.28915409891232
1064741,28.22984995803142
1064759,71.95371111906576
1064762,50.469814671739535
1064767,1331.8972245840923
1064789,889.2585825053122
1064794,43.799507280626514
1064800,21.491540630496882
1064804,43.05208059133311
1064848,74.6827845227914
1064865,83.83639240258243
1064876,42.49881562764277
1064923,47.11488831787509
1065002,91.64355711785998
1065013,97.52910463681845
1065017,2332.2010643320996
1065027,35.13991918645659
1065051,137.3974355233343
1065067,611.2177311589857
1065082,61.45220171010443
1065106,153.49353198349615
1065108,91.7653264929847
1065120,23.156971160044304
1065122,54.84801283256408
1065210,21.066954987443445
1065215,290.43969359094143
1065218,179.64589329668394
1065220,89.57092728389064
1065230,9.555609480590705
1065238,308.12439994433055
1065243,43.67736401989042
1065280,197.31005852125375
1065297,88.35012796113438
1065299,154.35119074626817
1065319,58.018536043068934
1065339,283.5985535210587
1065345,23.298232160548878
1065364,212.43574834105004
1065376,602.3173370630643
1065384,207.42115967051978
1065392,79.96776313389553
1065416,42.33695010746074
1065427,64.11170911185981
1065455,743.289209672276
1065461,167.68244683542014
1065465,49.020708766613986
1065468,38.02619040164541
1065475,304.56288229919954
1065479,104.23647380369233
1065500,9.35035235930118
1065507,48.636412161541514
1065521,97.54141808125668
1065535,31.5318299985283
1065542,55.03751302470182
1065633,111.49624779852172
1065645,42.77190458892198
1065649,19.266076294910654
1065673,455.93388908729645
1065731,240.72256379868983
1065743,364.3682843885911
1065768,61.96361854120053
1065778,207.63327232071498
1065783,122.76020074376964
1065786,27.080061034036977
1065792,355.84797328463674
1065795,586.0955446193361
1065819,15.555740387600991
1065825,336.9115908530642
1065834,43.761584609184744
1065843,24.98981641846171
1065852,222.18663110017687
1065859,2437.0756372039086
1065864,422.4655457768588
1065907,58.171301223797904
1065918,40.30926977096846
1065924,10.55919208768375
1065954,154.48237913790047
1065959,72.63517511781207
1065978,230.38543858720783
1065989,9.775646459788826
1066010,1.9893592648195613
1066019,75.36437343844061
1066036,21.465442696141324
1066051,443.5220490845485
1066068,1574.9269576857803
1066069,188.39983299945
1066074,212.03982555518857
1066076,7.913869488607522
1066079,18.076812082379003
1066080,85.97206467611203
1066086,48.14139016325649
1066118,310.02290215186935
1066120,57.48312415319165
1066128,544.442749230658
1066138,201.18899297001386
1066140,40.51966717087596
1066165,255.7678408425317
1066167,17.772048368096968
1066172,22.11019945950391
1066186,714.6251806975732
1066210,98.80827856457425
1066223,335.41440069875574
1066229,2024.82992687194
1066252,143.69285641613627
1066268,163.86238308399209
1066271,558.0770561627876
1066283,180.25140289642056
1066302,28.173819806665385
1066331,278.21468166617666
1066372,247.03424896534426
1066390,77.18787039633041
1066415,1211.5178316615425
1066418,763.0827353454301
1066432,41.990356154620905
1066449,6.896065378955601
1066458,29.149582177710535
1066486,138.21042262701215
1066501,91.08789232512895
1066511,133.10692180716953
1066515,499.52628270107385
1066536,112.93325544669821
1066544,1063.981377872495
1066575,246.285858472064
1066592,54.58349078827559
1066597,35.79552420726992
1066603,195.87190315462405
1066609,964.1910708267455
1066626,92.69268646270011
1066635,42.43995085881131
1066650,118.70004593141903
1066654,101.23154667330216
1066661,1345.5805399921971
1066687,201.6056545092871
1066688,98.06356617552521
1066693,15.965902043136259
1066705,313.2773764981326
1066722,160.96717641071982
1066731,332.1960233080555
1066734,116.74354217639228
1066756,66.73438761784995
1066766,240.5106154749237
1066784,679.4247937648739
1066795,585.1691832069783
1066808,172.96429324608147
1066825,78.90271311935516
1066826,85.64784878213813
1066832,49.58488128781303
1066835,68.53674079240288
1066841,68.16794390648845
1066858,387.9792874304298
1066867,258.8394900258033
1066872,78.37600521358387
1066882,6.957297994252162
1066926,387.91912130037167
1066967,38.4880872009464
1066976,85.86920724880125
1066977,586.8490402924193
1067032,279.3329148071411
1067044,21.307349407183416
1067057,404.31056781199254
1067118,33.559051567129245
1067126,285.1796317322538
1067128,911.1525827241794
1067138,308.0952102350567
1067176,42.416074164765
1067203,0.13141565997734003
1067207,280.9811428383234
1067239,49.38956441061423
1067260,446.6604827463475
1067289,94.26944581773479
1067294,0.6735671822905203
1067301,30.68901753982275
1067311,23.982674837767465
1067321,9.310701884517899
1067323,24.669360341328442
1067326,617.5567330827224
1067334,110.74725710008809
1067336,166.90458421848777
1067345,286.67643418795006
1067348,21.128806884870254
1067356,1134.6412487155974
1067370,66.71182471833646
1067371,284.77515645617126
1067376,44.33836538959884
1067400,14.644929697775567
1067421,105.88903221520368
1067429,138.96375889726176
1067430,478.47550927188945
1067435,213.38388463623008
1067443,38.26031716569349
1067445,73.43435954320914
1067466,397.53417639574656
1067474,37.860924319379976
1067483,129.49496753138274
1067502,533.846918988407
1067520,67.02190977013005
1067530,70.47220289902806
1067532,21.146673594548954
1067565,541.6866534657262
1067572,150.695307540189
1067574,69.5204319566871
1067586,38.41729334780132
1067587,250.2700961132126
1067610,24.37897287539372
1067611,97.41415533065363
1067620,231.25832964666085
1067651,120.32208144967068
1067670,197.65986211817966
1067683,449.9625628160544
1067689,122.96803576283136
1067710,73.46614224803149
1067751,415.337452295225
1067822,81.10996914036494
1067824,233.44823852617515
1067839,399.06347313823176
1067847,321.1051707041241
1067861,38.286419772700086
1067868,26.000934097411154
1067884,90.77293955902005
1067885,31.04305547519208
1067886,195.98828362903143
1067887,474.56313335639663
1067896,14.776661685934119
1067902,68.45371522677074
1067946,158.50606042084345
1067951,556.4068190969763
1067964,15.53359626111479
1067990,43.320991604588016
1068011,285.7443148694787
1068029,361.0208958100477
1068035,129.35746309694633
1068042,25.959469626108092
1068045,671.7668190691253
1068050,14.539110210244326
1068073,17.180098223572664
1068087,214.87886460803892
1068090,418.62244938747284
1068099,59.362463531660225
1068127,417.7084323281767
1068138,123.70020021603429
1068143,419.5234971863357
1068151,42.689987406462286
1068162,355.7783661053326
1068176,30.733335943821487
1068192,196.84881344018638
1068227,163.00603180029788
1068236,11.82849613470277
1068255,155.08522485275662
1068263,80.22970746096311
1068268,55.88356490487262
1068287,269.37369209806064
1068290,173.8633728566971
1068315,74.78127236423555
1068339,124.53997948127775
1068354,113.50301236355385
1068361,81.91547776595772
1068378,62.04242151441397
1068382,582.0858990004597
1068385,42.450007614783864
1068392,465.06376866030485
1068406,178.13561490192447
1068449,976.7265088678752
1068463,210.30511746024857
1068496,207.13979670441785
1068568,348.9849198218886
1068604,42.89385757465891
1068633,92.42722457338671
1068662,51.68942973095636
1068668,309.3410563599601
1068682,352.53642190496186
1068689,400.17630361690186
1068702,58.69775857914855
1068712,307.89347415960316
1068714,239.17907386688043
1068732,229.7438418442001
1068765,607.2326281640404
1068779,63.92206015104211
1068780,121.07165256451357
1068792,53.6705743498797
1068820,23.23351979496807
1068853,77.77525585559219
1068858,103.35913250019007
1068862,523.4513091487768
1068866,12.411387327341693
1068883,111.43496917635092
1068894,201.81916603736036
1068923,70.24353290812326
1068928,93.81325097693369
1068951,122.44069925729993
1068952,628.6021247422984
1068960,61.06937264586235
1068992,1275.1946394916672
1068999,448.26727531816965
1069003,87.92972857308274
1069020,105.08155833863485
1069031,15.507427213013548
1069032,25.604006542621573
1069033,94.06891307681846
1069047,161.3433850126423
1069061,55.41389263016696
1069064,45.97913850842859
1069068,157.19459574251553
1069078,27.082028506958615
1069100,761.2937386327213
1069114,2575.6297978035814
1069118,43.280777268617825
1069139,275.41279834986216
1069214,123.26205672826254
1069242,25.178341008978755
1069257,30.258231036451456
1069260,203.9438645775204
1069314,608.2440465469064
1069327,101.10347308571107
1069331,132.93264944711981
1069354,1103.2139390655218
1069357,53.05630237700205
1069368,286.5003181842391
1069435,333.76170773769417
1069438,246.0534023109305
1069495,29.271099747976773
1069506,230.86904897694126
1069511,156.31881181842687
1069529,180.97069104719958
1069534,758.8235392283099
1069542,59.31575433750724
1069545,17.086293196251848
1069560,64.97873617783095
1069567,51.205217912698394
1069568,47.175792099099134
1069575,308.3312260932153
1069577,56.324853140068285
1069584,169.24145906729987
1069594,138.01057426447076
1069600,183.38494322979412
1069609,66.69481704123488
1069619,59.1471545543296
1069628,198.5252410268053
1069629,139.82776205242374
1069635,56.95972810950238
1069717,90.65472084341302
1069729,256.38616718989255
1069738,794.1080454538456
1069778,12.604042610167642
1069802,57.54981496149163
1069813,12.984539840153158
1069820,22.300918553859724
1069886,15.546483295483657
1069917,67.3853819228594
1069927,38.345818187408874
1069941,484.1341424977256
1069951,166.86106327312012
1069963,173.80697193425343
1069977,24.322268521863943
1069980,293.8716315683257
1069991,194.19670526490395
1070011,73.08975507792272
1070032,72.8786253551476
1070034,500.864094709303
1070037,15.824042651954311
1070040,10.327147170083604
1070053,10.773752782613554
1070072,309.79320724042105
1070083,63.95378182355357
1070101,1310.3355438535382
1070129,465.37303806369255
1070135,26.030376133545438
1070137,71.9879701007585
1070140,36.02759451918055
1070142,211.63941730775417
1070150,51.122939156310835
1070154,429.2839435951735
1070158,231.10125963113026
1070174,116.75651789576344
1070188,156.47142216039126
1070194,136.5659884506436
1070216,166.74199066667634
1070227,143.63685249462768
1070287,546.6066406513387
1070288,136.89354808333263
1070294,53.12476968644728
1070305,230.16505820109916
1070312,51.23394644607492
1070359,28.796466986360674
1070361,432.48393906829574
1070372,154.9519929656476
1070377,20.929259351950936
1070383,1167.2574900343552
1070414,33.414723414340166
1070424,291.76456448508975
1070437,137.3289027707429
1070444,88.90803945531502
1070446,84.24936332865572
1070455,145.47120119559924
1070475,105.58666567056832
1070518,393.3665755802581
1070522,120.96846944506296
1070528,130.8145914819684
1070558,2.4587880132123994
1070616,159.43135117859293
1070617,12.448780065548503
1070634,202.94940869855026
1070644,80.6954855934639
1070647,72.57314321538558
1070652,140.95618288036673
1070659,26.948822073458196
1070689,14.206013613085615
1070701,22.524646818407295
1070732,156.5074413797751
1070733,19.47372673836204
1070762,509.37979340283516
1070775,573.8555623350614
1070786,14.385801788195351
1070791,365.266648300963
1070795,114.1124513617477
1070796,155.28481622742552
1070798,969.7304652464526
1070810,34.50429546373639
1070835,95.58818258595173
1070911,42.85507661796833
1070930,74.82312419026903
1070940,302.15690980991434
1070941,850.8109554115446
1070954,100.93849223180777
1070978,31.54741078591224
1070986,108.35420528374236
1070988,223.01422112763564
1070992,139.83568102630986
1071025,197.29230178993126
1071026,194.42282357719526
1071035,208.13874964289485
1071038,113.02915837809171
1071053,33.39222626959625
1071064,193.11819413513052
1071118,527.0181867107415
1071157,303.30702575429746
1071175,62.92601186771661
1071193,43.06296408754435
1071202,464.776045045145
1071207,9.088290595428322
1071254,11.60173490244487
1071259,139.9618631113183
1071289,128.77628414503096
1071294,22.893005510758098
1071305,113.79874998770401
1071315,365.92080616564596
1071327,190.66411989285072
1071359,34.12336657459391
1071387,52.774244314090986
1071404,86.65832573038551
1071420,56.06096612971111
1071433,1976.7200634421017
1071457,451.48949590903754
1071538,82.06749276702715
1071558,82.43340393457908
1071564,135.46167791239102
1071583,262.7923251732617
1071612,17.16849687986804
1071651,27.21116594678677
1071661,24.505325342189273
1071687,177.28868491367604
1071735,149.27106484023673
1071743,50.650697435959096
1071747,46.70150835655156
1071750,108.70607256215311
1071762,628.7585458950593
1071776,17.155325970436802
1071792,428.7469471927954
1071794,16.998732853330917
1071799,442.18925245899555
1071801,622.8194944111658
1071832,155.75146673577677
1071840,11.89999239890842
1071845,113.34041573164305
1071851,10.926218186206794
1071854,32.49021483737576
1071864,5.1440459826692955
1071891,180.89826626037257
1071892,51.141660687329384
1071899,346.43600556806206
1071904,952.5942152564908
1071982,317.4656978155449
1071986,38.25467625063504
1072003,1147.377082695608
1072033,116.25610018198093
1072037,244.54886308914797
1072044,41.64311495607205
1072056,69.26406323194077
1072061,322.7972509117606
1072117,141.4216352844174
1072145,157.66735592574742
1072156,270.0220759490589
1072177,116.48684028953603
1072191,52.54541005681172
1072198,51.55815906794531
1072219,213.45619605877081
1072222,87.8964606832381
1072243,102.00775655705391
1072256,44.16671299725499
1072273,19.53659595336069
1072277,460.1360216445298
1072315,0.2799941360925255
1072318,49.82948509530078
1072327,223.50745318875983
1072330,2.9485029025266987
1072334,29.31645737522048
1072338,17.1541700660448
1072349,228.56289155633132
1072381,720.419286801983
1072387,58.56845041865645
1072415,953.3896390760988
1072422,469.40221529429346
1072425,60.21232728437297
1072459,9.59436093251729
1072489,141.69359106678965
1072530,241.64483031585203
1072570,93.1132286696024
1072591,5.779000187242629
1072620,204.72553868752968
1072628,859.4350705727895
1072649,840.0067566331388
1072658,39.86330997619209
1072664,369.49490169617593
1072684,403.8046604465234
1072688,95.0804810174127
1072711,215.25458530001026
1072744,200.77758204514237
1072806,30.167192160161623
1072809,159.8121098859098
1072824,21.38538270454728
1072843,112.07421860467487
1072859,169.1110623995666
1072871,13.747819999035228
1072876,48.48033621830413
1072878,56.78721960216325
1072892,16.18457101297324
1072901,508.6347870114705
1072907,35.81735217854615
1072910,94.25799588490283
1072917,165.45448747592528
1072931,60.204347470146004
1072941,32.9902198465424
1072966,108.47805533856948
1072974,213.8309621281778
1073000,36.053681845882856
1073006,43.56754752320449
1073033,339.71042985377767
1073089,90.19328714832623
1073117,57.97240904728274
1073128,121.7201194859209
1073152,27.14166572931839
1073159,6.977291570803374
1073171,14.874218559828465
1073193,412.7490674142885
1073198,124.10731429602973
1073235,31.77931521008219
1073276,266.33251541502773
1073283,62.10613076793678
1073284,75.46960831279024
1073296,923.0840907681807
1073318,17.15316454684635
1073321,123.93682588194595
1073327,33.856853456529
1073338,20.495861968006565
1073366,160.21878026978897
1073388,35.055345131344765
1073390,321.3627187835794
1073391,92.04249082479274
1073403,153.64526465898535
1073405,104.97332321669454
1073416,70.1614715221427
1073456,98.89562619766943
1073468,323.5690675592474
1073474,61.75507890346261
1073477,46.70969610024664
1073500,134.04054408985056
1073519,44.224641387979474
1073521,14.35615288723003
1073524,758.3904529896326
1073550,207.4249452300061
1073552,334.86961610420303
1073553,15.317073546810958
1073580,267.16242233539657
1073586,17.51076924802023
1073589,165.30551114951743
1073593,47.26788683261636
1073611,348.4779536180247
1073615,126.94297678588353
1073637,96.6977898283141
1073642,429.4391159822464
1073671,311.5418723584738
1073679,122.2336391496486
1073713,266.44887072098186
1073716,282.6243478693546
1073718,172.17234667893146
1073731,14.74730095216089
1073741,38.15925494407422
1073773,108.5164199414977
1073776,225.28155566047823
1073789,562.458003222488
1073802,163.61422287541777
1073830,84.99877298630147
1073869,297.31642646601097
1073879,219.07569515217534
1073905,128.25629735681383
1073984,20.176670458710966
1073998,135.0866047717255
1074009,24.849330831348283
1074022,265.88953890570644
1074040,56.97080991087827
1074049,109.60958852090198
1074066,407.38680288659447
1074082,81.2507105136498
1074093,109.09674729129738
1074099,346.00482595279664
1074105,57.160214780846665
1074126,199.7195936115873
1074147,114.33291526188003
1074154,206.14484386728273
1074156,159.76187603133909
1074197,40.182225161124066
1074202,14.089844876004243
1074206,58.43059570361566
1074211,193.7839831458502
1074216,233.00431942829434
1074218,103.46783391681694
1074239,46.2235886283796
1074270,67.66289461725674
1074276,100.53619069368595
1074286,590.2105197781061
1074290,128.1534855591862
1074295,113.61418677187521
1074310,17.236956808756602
1074323,561.3364561779792
1074332,42.52420973894181
1074355,186.45177726829695
1074370,113.40115346605762
1074380,429.53500117457213
1074410,49.96591209386495
1074440,4.77846186250039
1074491,24.489345716326365
1074527,228.96376932810244
1074540,272.5590787235126
1074564,12.878964179442958
1074567,961.3405143561658
1074570,78.41476225230087
1074575,90.58231167077005
1074625,71.28196071197202
1074634,127.2458122489955
1074640,424.6608654810714
1074647,775.3731883784777
1074653,547.2994959609823
1074655,235.26394379870192
1074658,289.78977023285034
1074677,369.4497647235551
1074690,300.51963233508997
1074755,443.10521984622346
1074808,11.082032755636558
1074816,93.87905973977419
1074826,11.668427276251286
1074836,133.83976610821125
1074853,11.266168806518984
1074865,105.04133140860121
1074887,16.398380458449086
1074938,134.94473870249723
1074971,70.22173414497958
1074978,76.72767799307744
1074980,449.18041236179494
1074993,672.5775761034112
1075015,49.846586064614534
1075058,163.85629839436493
1075060,68.70467060340115
1075062,99.79464953428
1075073,279.85974898225214
1075081,32.45164882100207
1075103,121.67306388445202
1075107,41.28487977624151
1075114,123.31905326103355
1075123,398.47612601746295
1075131,293.9841740187114
1075135,114.66112013923565
1075144,200.52695828584478
1075151,13.734094520005929
1075237,21.542651355948873
1075257,43.85057892718849
1075276,157.94816151479188
1075296,97.48747279541975
1075306,132.07484922028897
1075316,132.46999699037715
1075374,97.5355646009087
1075384,231.34692186562293
1075387,57.908867238320234
1075398,33.761419577431916
1075399,606.2417633625813
1075410,1730.3154521901624
1075416,10.944928941586218
1075442,26.48773405687081
1075490,427.31408566713634
1075510,107.50433951398063
1075519,236.56113882831892
1075523,279.1262942301648
1075536,632.5448423710374
1075559,0.009705631584111637
1075569,120.1707295922554
1075573,424.3407925034179
1075576,89.0777169076368
1075589,333.84284636787663
1075641,137.02380338185893
1075647,424.71273298300366
1075661,26.62765952649131
1075666,313.2438158915305
1075689,278.19275089621425
1075698,275.99382425866213
1075712,6.005954071923846
1075732,471.6487101093333
1075761,198.7063045270117
1075788,243.61123210558733
1075794,188.0017801917831
1075796,64.79233338255045
1075807,256.37475461016834
1075821,91.38432546017319
1075826,78.21930666133505
1075832,209.41680062897416
1075875,34.11822718081112
1075922,545.574681816744
1075935,133.55571641612417
1075937,88.65636969359558
1075942,1256.632056612409
1075943,230.36218839993361
1075950,2.8641529495302978
1075990,0.044305049992721154
1076029,41.48062337379473
1076052,403.5530305919167
1076076,202.2614942920286
1076099,397.55527233221574
1076102,297.8129708782854
1076108,105.78865664507434
1076123,99.11652505477853
1076130,326.3427376315043
1076136,11.144541930351888
1076145,219.84376267255792
1076146,132.86805771612865
1076152,22.582359848780722
1076157,16.611298177453694
1076174,243.20497304166742
1076176,93.10932433089303
1076185,110.46875055131491
1076195,648.4988818291336
1076214,513.1864734025974
1076235,166.74138131540585
1076251,930.2353838518527
1076264,30.653402304999442
1076286,309.8356826822745
1076297,12.498938002736635
1076303,164.20493650412496
1076322,332.38146921642914
1076344,660.9792653271656
1076352,138.1863775067368
1076364,96.54641905457169
1076387,147.6095413279692
1076397,94.64814254967416
1076400,18.119107675517316
1076401,5.2943188547527535
1076412,104.50216094176947
1076417,23.563767334133185
1076420,154.89562332967378
1076426,102.88840791153234
1076446,37.62156240352478
1076467,360.15522130877434
1076486,16.241752599589137
1076504,167.17095488145182
1076524,100.8420838724532
1076525,105.15008436318527
1076556,59.18228915546262
1076570,18.725294662394756
1076577,90.2355102535015
1076650,106.50840076110784
1076655,281.82145887743144
1076663,53.39614500016667
1076674,176.50168858223142
1076695,378.5732845810977
1076706,207.16515361315564
1076725,1575.852709540588
1076732,401.9477830398295
1076736,27.029488460725773
1076755,121.39528488632912
1076769,238.11673836851696
1076781,22.440547508123615
1076787,135.56041324541303
1076788,17.691585703479802
1076795,120.01197252784448
1076815,302.1833308631298
1076816,17.36612595090585
1076832,11.68256763853383
1076835,116.56526829753271
1076853,186.6759954467454
1076876,124.17594456301218
1076879,325.7998828291173
1076888,367.55020491829487
1076907,998.4646062362835
1076920,126.87288636376226
1076949,43.75284920098311
1076963,182.82136038544468
1076968,86.93128100585953
1076970,10.822158600984883
1076974,27.001116151840545
1076975,41.10145696718594
1076977,239.5568171019436
1076982,52.45247242003253
1076983,169.41798794500977
1076991,21.274250532780485
1077010,452.4060267501949
1077049,246.33385951317268
1077074,7.305628064949936
1077080,384.09363902816835
1077085,42.68498311462771
1077092,65.03075412629121
1077102,192.4005580702525
1077114,178.34685669913503
1077136,98.57436512541526
1077142,30.19339117968234
1077145,178.36016884200868
1077154,148.92881433511653
1077171,438.41179934980175
1077178,233.69030143936843
1077192,27.80789100589975
1077197,158.67048726466177
1077204,876.7571127046808
1077222,247.13953532235095
1077235,165.4265663659206
1077243,118.88045135953388
1077256,469.4721934826387
1077288,144.91884561385777
1077297,248.3431177877733
1077300,51.31269565435285
1077306,23.840897232374406
1077308,15.832352679777445
1077316,43.778992344301784
1077324,9.682721568272092
1077335,588.5526907937286
1077352,39.88565219146081
1077386,499.0749959595486
1077390,95.48503633551813
1077395,639.9697101417288
1077412,134.58872917744102
1077444,361.53415937740704
1077514,24.88946683599948
1077544,496.5153479033083
1077552,68.67337510200963
1077590,155.01256397973012
1077637,59.35439087436514
1077679,77.81444150674086
1077697,147.0076115450207
1077708,276.39176878048823
1077710,702.7533395347157
1077741,61.689375690298675
1077761,117.8499856044399
1077779,469.57622837357525
1077780,103.91071293165349
1077806,103.16992546199727
1077816,31.331587604800834
1077818,717.5050028710605
1077837,24.094559268809622
1077843,252.58519440756845
1077866,72.84479460134972
1077871,223.45269583802852
1077876,833.1039487187303
1077904,35.684279112402585
1077911,283.0619532178933
1077952,150.1798348941151
1077953,42.540887427830704
1077955,548.2731357715776
1077979,110.40291346866361
1077994,421.2901989798267
1077995,471.8065029417353
1077996,492.0729343726162
1078001,819.040348407618
1078002,12.30752917634088
1078016,34.23272708113344
1078026,21.332804003465895
1078039,48.191917643499984
1078051,88.76995636544292
1078058,27.833465047251565
1078061,317.62352442732254
1078062,52.56585710762269
1078113,208.20783642209992
1078132,35.0926218324433
1078142,473.4679635302484
1078164,145.70778870734065
1078195,834.355059667512
1078212,69.67148144877432
1078215,150.42374713686718
1078228,7.825086755362607
1078258,149.27221763803365
1078267,397.9557798674639
1078271,182.69542095765507
1078273,25.521424802494526
1078277,308.69694408509326
1078304,130.25710614937768
1078309,1739.3180466047522
1078323,99.54955057107506
1078324,26.307443233519173
1078356,148.72706373955108
1078367,982.0629348240456
1078383,28.60497813840137
1078393,131.45890922595245
1078400,16.225263237426027
1078406,99.93926200811157
1078416,104.5191720699995
1078445,139.28348964045108
1078467,38.79051541921762
1078476,74.00296338776555
1078483,6.045824927413854
1078493,189.02063255318026
1078554,287.95851121117386
1078557,108.75611137134807
1078562,133.9898540723376
1078579,44.65885384150235
1078580,85.36102191689082
1078587,221.5414888022987
1078593,23.93572404728159
1078594,62.390743045631936
1078602,23.866567712874378
1078618,281.12593618914576
1078682,112.37815631120517
1078686,121.51557178005102
1078691,160.69729385136014
1078694,536.3799562093213
1078717,816.6489438007791
1078767,0.0
1078789,99.00647355222745
1078797,34.84922300530326
1078845,432.9500710286734
1078865,195.73965514578103
1078871,124.78696039114384
1078876,199.39014768285335
1078901,853.9921029946951
1078903,17.36844658774728
1078929,121.45402402383003
1078943,87.25001449007554
1078963,346.6087856914041
1078971,106.53580087942308
1078987,319.2129472900931
1078995,101.36780365892697
1079005,114.99667017972811
1079007,51.0055799803302
1079013,94.3933186462743
1079050,76.00705643477271
1079065,291.0099948535389
1079069,8.474839730358584
1079072,23.48340657564989
1079074,48.37610817761373
1079083,753.0131974051977
1079093,419.1640267478878
1079096,227.45195538119142
1079134,96.61152984641436
1079149,13.2528928634507
1079171,22.978230588464225
1079197,103.36334160343509
1079199,100.8632704668616
1079212,175.08547308114666
1079214,124.30981242969813
1079289,42.67328985919968
1079291,58.07363904856594
1079296,355.1961003692666
1079356,30.097959074072694
1079368,458.4646910521925
1079402,193.13419768820813
1079406,367.32574928394445
1079423,7.701842680972991
1079424,19.213827824293443
1079425,29.54428511701185
1079437,1087.32225127857
1079439,144.92304279216197
1079464,110.70302142214989
1079468,828.4595337348817
1079476,175.51693597484245
1079479,432.46451317522036
1079487,548.5701165180404
1079503,290.6272878550514
1079506,10.674871552109224
1079507,254.7062617658668
1079551,434.52475431982214
1079563,240.68180129792657
1079574,53.7791025603695
1079575,281.90082432423253
1079579,65.35332036718744
1079607,277.1273244270794
1079642,102.21167330602547
1079649,15.340955119125105
1079663,98.65993750546637
1079666,112.4729761497216
1079668,431.16883406077056
1079675,67.71645707611906
1079689,91.2495379827774
1079691,85.60517178714183
1079710,1288.3940684599609
1079711,83.7868211230782
1079738,64.14254041819817
1079749,13.679989851849042
1079764,81.57200557474262
1079774,295.84551426313305
1079777,160.28267043250997
1079799,71.7360200256005
1079826,198.0138800893939
1079827,61.836444399954
1079833,250.66829210244242
1079844,186.2925981952317
1079853,25.861646826187503
1079855,708.5368263836593
1079856,192.53653017894422
1079860,97.78036376709565
1079864,39.45609245063515
1079923,27.88456701473837
1079926,140.66776658570475
1079927,816.0913728845757
1079960,118.18756987800718
1079968,688.5374960380824
1079973,234.4149740430527
1079989,161.24619722845165
1079995,924.2352607009715
1079999,289.7071683311111
1080009,145.04058772789327
1080016,297.0621345924547
1080022,479.9449282664871
1080033,128.47171260153738
1080052,24.400552368961797
1080059,41.894276239958764
1080063,43.13406590152474
1080130,611.8471135779727
1080169,22.80906307664302
1080195,175.26896396993337
1080233,51.787677940645054
1080240,11.365048340641756
1080246,9.15440101047284
1080254,53.229249541748
1080258,228.473671311634
1080267,130.79392663477506
1080282,135.62758393153064
1080295,369.15426619839434
1080300,24.708299243148833
1080313,37.28781364554959
1080327,98.60174990543285
1080373,496.38868440424665
1080375,175.22760534104805
1080378,83.87757641740633
1080382,61.24975109341196
1080389,307.49956571272145
1080418,124.73068926666056
1080422,32.4563588788368
1080428,523.3431628162076
1080487,0.17214991036126254
1080504,30.31567714309207
1080511,157.99551979716955
1080513,310.2580334457579
1080543,33.394777370663085
1080589,32.419635664780465
1080615,226.94923929435006
1080624,235.7169176845419
1080632,10.79252991089637
1080640,108.74021808304533
1080644,29.107954806247278
1080646,129.72040781969918
1080663,35.89660558183304
1080677,62.506036355764394
1080688,444.90357766651994
1080694,363.1339002223523
1080700,12.8626337472745
1080704,200.50813267945574
1080727,176.63344984963197
1080730,167.66753289548456
1080744,172.71326998892488
1080746,936.895533631659
1080752,412.5308259184721
1080756,261.15264703030994
1080771,459.4027047156379
1080833,84.33882978269475
1080847,1552.3655947946434
1080853,112.71658775947726
1080862,103.49159108234174
1080864,970.1889870794062
1080873,40.372832700360135
1080908,308.9835127917162
1080952,28.78707486637056
1080956,523.4202600147298
1080973,52.7539750090527
1080975,304.3676400506954
1080998,136.62489467474114
1081002,183.0017709280361
1081036,79.45324035377467
1081039,427.2438083789254
1081076,183.0816089960123
1081079,365.4731516618996
1081095,76.10548461553685
1081099,44.805807369510674
1081122,163.1198281548261
1081125,356.8809234330427
1081138,29.24280812323632
1081143,22.57030045490345
1081163,476.84542906926697
1081167,166.80039557806725
1081181,246.49151218651298
1081183,334.35252341099897
1081205,256.874321560574
1081244,103.60713017436005
1081273,487.83433749869255
1081277,48.14771981271524
1081286,175.36054974588984
1081323,98.47714355109044
1081336,91.36676015205688
1081347,431.77640573566185
1081422,24.62342368669209
1081423,51.8856340143218
1081449,516.0782410133743
1081454,317.0033171684594
1081462,10.079722330944774
1081466,141.44346935804222
1081483,350.42352131837123
1081486,32.359981491416875
1081549,20.748759310848502
1081562,240.40630143803043
1081567,74.43148038523712
1081570,167.29064988813812
1081595,114.78455332760407
1081641,852.1273864774631
1081645,243.30789487530265
1081672,118.1758900625112
1081681,414.4046338164762
1081706,314.93758374340007
1081725,117.80962056780741
1081737,55.70686655167632
1081755,298.82297535814143
1081759,359.1490014611776
1081769,28.569604056357388
1081770,42.34992683128847
1081813,59.3520330239454
1081843,14.812138753399744
1081848,66.65018391236974
1081854,298.10262637708985
1081878,129.9672927101156
1081976,87.6334753371222
1081991,52.09314519188825
1082030,115.25259883699569
1082037,101.27662165393883
1082079,184.33887321107284
1082120,84.46199537826017
1082167,265.06752180817017
1082221,50.00038331696536
1082240,478.8110163348136
1082279,142.71427217282854
1082289,480.1272443353469
1082297,468.4662516285007
1082298,121.45490928877263
1082299,67.04030496360117
1082302,30.476276346430875
1082354,98.36344371070126
1082397,371.67966815357534
1082409,21.568071742631805
1082440,47.31897614507855
1082441,306.32231361998805
1082444,63.262516026547665
1082477,982.7203138435754
1082523,278.5533157528434
1082537,517.4516778316023
1082554,1678.4287435478486
1082555,311.3852939358842
1082562,138.50382105668044
1082570,66.0419589023005
1082621,1712.1030916085228
1082662,198.09325257095654
1082679,151.93047701912002
1082698,46.55799108454512
1082700,61.83388474593421
1082713,655.2381249681054
1082717,460.46014484294403
1082719,70.83901791749891
1082740,463.440428705339
1082751,2.633336236447031
1082755,67.8074582783492
1082757,86.90745990071044
1082763,157.73662869647893
1082781,172.52231665317672
1082784,66.76779700631798
1082803,821.9522651623514
1082810,304.7104534342289
1082827,30.92915207790191
1082828,108.12494100332668
1082837,119.93764619904887
1082858,34.43247705616354
1082880,889.6100299501584
1082924,92.30786111688167
1082933,118.33593288854323
1082944,1964.8290401602692
1082946,22.3503786047865
1082947,367.3738093298797
1082992,5.90874598753939
1082994,0.013363545848924536
1082997,62.776586196020716
1083003,72.6236269547834
1083018,84.50108638433596
1083024,413.0989778004862
1083028,128.27718393049926
1083041,736.871555903905
1083044,61.13778085336335
1083050,135.47287266127972
1083054,321.225134993375
1083061,380.7559905787943
1083081,35.505188809500254
1083089,2276.8937504141168
1083097,200.62794726434424
1083108,122.14667114522055
1083166,18.283954567450557
1083175,397.93014051873513
1083181,171.92475889685824
1083185,55.65252354249262
1083200,202.77195826673466
1083211,478.0950619464776
1083225,153.3254397525339
1083245,149.2010809055994
1083258,63.935943630133316
1083269,90.76149172995409
1083272,36.10111577814015
1083292,252.18905026835992
1083295,91.90437653139179
1083302,301.5965310245079
1083317,274.16027221331035
1083320,732.192974544024
1083324,92.89550183018763
1083326,165.39880282660968
1083339,284.01569241201867
1083350,472.89743929789813
1083360,387.90376808044016
1083362,149.31172108462383
1083372,645.8887066794836
1083391,131.3834926442645
1083401,77.92125226507332
1083409,13.481079146690456
1083415,167.5388826259016
1083428,174.02991154795623
1083443,36.26052599848556
1083456,487.63311711068343
1083460,2148.584099842168
1083469,129.59462732626608
1083476,55.227147600119515
1083483,91.81129628823409
1083487,501.6487695018975
1083501,122.40101926195037
1083512,141.30702150820207
1083550,265.83587836219414
1083553,143.4284880772482
1083560,31.844633974534155
1083569,218.10461431376902
1083594,281.9982937421594
1083613,163.1698709471726
1083629,244.50059703354034
1083637,40.64523775766445
1083651,22.955234159736797
1083661,171.08730190372574
1083688,153.47760405932095
1083699,20.29109387194818
1083732,334.94505970480077
1083741,30.693178424466016
1083748,202.31851454776404
1083750,78.0972833175761
1083754,38.94421659894174
1083760,461.3339169137635
1083761,362.5665068955859
1083765,355.28171652239945
1083778,141.22178383133624
1083782,26.734507219491718
1083784,25.078198189186853
1083789,64.5579366175439
1083790,142.29270794804108
1083814,69.38604514004871
1083819,257.70175968593213
1083831,92.34588311494568
1083836,49.28746617580635
1083856,42.07330692482518
1083867,54.778657670691366
1083889,318.2413883425391
1083920,382.3040078798479
1083928,15.760542875726046
1083931,229.6830396579264
1083939,23.324675626539864
1083942,138.43732629570778
1083984,49.000407031063375
1084025,694.2246931791898
1084048,8.544880497625105
1084054,22.35718419489505
1084100,22.988087949749715
1084106,189.9805600379313
1084107,3.6439507417761257
1084108,88.39259608945838
1084126,63.796171568271866
1084128,15.466934666005285
1084154,57.0986464623935
1084167,80.63135172495676
1084175,139.838654704784
1084190,72.91765815611616
1084196,27.159868725125232
1084227,263.8871017770069
1084245,12.941695635988639
1084257,17.403071150380452
1084274,230.10131945380851
1084295,26.413907799813742
1084326,11.586399718108446
1084335,84.61242104606913
1084363,65.31440919064347
1084372,38.87327972728302
1084390,225.5667781275735
1084443,111.81881336398897
1084459,92.27210308077417
1084470,141.13675839051328
1084506,51.26698281714834
1084519,30.73572479671699
1084536,492.36745140551324
1084541,144.43583716598047
1084546,48.3934409511616
1084551,4.534026645559888
1084567,279.13561431234876
1084568,1320.5649125200996
1084587,33.294848406974126
1084617,8.007851569673367
1084623,145.1522510631797
1084641,336.98415484949805
1084653,549.713298964911
1084654,237.38316369920483
1084662,155.6418194695992
1084671,12.690160451176911
1084729,247.88596375625258
1084734,42.29401558562602
1084735,716.1665223460857
1084749,37.45345730965564
1084752,258.53248807423734
1084785,124.84344295406929
1084794,213.78005759116428
1084812,70.19158809242508
1084827,54.94828486606225
1084840,108.61876288840541
1084847,27.94781001822403
1084848,545.9016002077072
1084864,25.637935488613813
1084873,49.450169833846104
1084874,211.79739188732714
1084912,197.2139991406249
1084924,279.2404972329681
1084942,25.540886212025338
1084980,108.48786381328009
1085005,386.18416314796735
1085036,36.85007272064198
1085039,564.0591268206958
1085056,24.2919065837039
1085069,638.8395502567336
1085095,19.42520648677605
1085106,135.56689699857728
1085139,164.3220032320421
1085143,25.978357727262065
1085144,349.35132562359155
1085153,13.177397451289414
1085163,125.81715996821927
1085183,40.428062407585294
1085191,38.71967749576748
1085197,11.93307721638252
1085203,222.793192541862
1085213,192.3105370595338
1085214,111.56646119269743
1085236,43.93245575282262
1085266,16.479364306551034
1085268,13.251159807445777
1085278,309.03549315273244
1085281,41.68215400059013
1085309,31.13963017124295
1085320,29.265109273416286
1085341,272.58698715946923
1085342,69.10813486652667
1085344,194.10333258844005
1085349,77.50251274457028
1085386,198.1780676600716
1085391,160.79856476900918
1085396,115.49841214877219
1085401,176.27726369564806
1085409,54.97783948076192
1085415,52.65555922900267
1085416,169.96198548535943
1085442,229.0517367947838
1085459,52.343360076848704
1085465,75.48853365530647
1085476,535.2119538143972
1085482,122.73870121763109
1085489,77.93285189509032
1085513,34.765532333563705
1085531,25.096476958005344
1085578,31.360333536985944
1085624,108.00342926072614
1085653,38.86048657612284
1085656,0.07191656494913674
1085675,143.3822302434121
1085711,37.01866725762449
1085737,497.271827042215
1085749,131.29951441040893
1085758,116.05225265478053
1085830,177.49821617451397
1085852,257.21177389880614
1085873,216.39796554510158
1085876,129.825578824112
1085877,316.3149207767379
1085905,14.052137223585657
1085916,5.81814319353215
1085945,7.797790133344555
1085957,53.120387175428526
1085992,30.81688745188593
1086007,205.52323955326574
1086028,246.8471103855783
1086030,150.07757741364725
1086034,364.3911283878324
1086047,134.47787881881666
1086057,49.901284678235065
1086058,272.27079714033465
1086065,55.52963651113581
1086068,127.09027893728913
1086077,592.1342522321
1086088,112.16299135026308
1086118,45.39077308890736
1086120,80.08451260356716
1086128,242.76959239743394
1086137,106.45659707764123
1086163,1267.0636973861458
1086170,40.138392527646715
1086173,75.53668017366938
1086204,96.37646785297969
1086209,272.6122050660121
1086214,14.192740936187006
1086225,28.88659429622452
1086235,35.181771972034404
1086255,64.16177481597573
1086268,211.26817938493753
1086282,34.20462665375124
1086294,204.79015261481277
1086312,252.53763665344678
1086319,168.0704898753439
1086325,283.0204112342496
1086341,117.38583741984787
1086365,376.10772268864343
1086367,150.66910822069968
1086371,46.51991449629556
1086394,12.630690238144288
1086401,13.223969773378174
1086413,231.74384584373414
1086420,0.9042677513054372
1086440,25.69435932595727
1086494,14.477477119126352
1086495,288.7921788027672
1086505,353.44288502171077
1086519,226.96655967789215
1086521,308.50939426468415
1086535,1200.6254609881667
1086536,34.72903097553737
1086556,32.576055150561885
1086585,76.1315992929475
1086605,37.24018177273034
1086610,114.74660141924406
1086612,15.176902899881421
1086613,250.1607919516505
1086615,46.325081943071325
1086618,39.269129882145954
1086621,258.7807434125266
1086671,51.66567816794191
1086686,146.19367616503175
1086708,321.44991999965083
1086750,539.5569413126026
1086764,295.50881865412
1086787,90.64248607620496
1086847,2.2522455558840027
1086855,125.82098794955114
1086893,350.5923807228564
1086936,219.2711420555114
1086947,23.29221329560575
1086984,19.33105926335788
1087004,1025.8024714755115
1087010,16.540438740535773
1087011,136.5953628822153
1087017,72.49041911533763
1087043,104.31170808524742
1087090,35.151407422498195
1087099,213.18373303958413
1087115,55.640529404714066
1087121,778.165038539039
1087129,129.73467375279205
1087160,18.73445111130484
1087166,330.6029438898474
1087168,1055.916111879726
1087179,234.12924887704705
1087184,103.73731303740483
1087191,71.86671735108696
1087198,92.30360366390755
1087207,40.03351598326467
1087211,33.257218572990354
1087230,106.89289184221047
1087231,175.54899546586984
1087268,171.77580752174003
1087275,137.2397509522142
1087300,68.99301006832033
1087316,304.6627547118378
1087358,127.09617820040498
1087374,10.103448057300458
1087412,9.552728668881512
1087415,429.2888416808812
1087440,349.275749165798
1087455,41.350712391217314
1087470,89.44442919938396
1087492,307.41134087259604
1087516,89.03130810052564
1087532,133.4950355246659
1087548,38.11274457314305
1087561,27.26549096691706
1087576,161.9552584641713
1087593,204.76521531461128
1087629,212.69271046943098
1087631,0.09943531356614385
1087640,154.14816096584406
1087645,250.9854310651382
1087675,39.81824055182975
1087687,20.890500169916297
1087693,355.32452723320984
1087697,136.14476760202723
1087717,21.693789997458342
1087733,166.12032953310197
1087742,50.85254084120246
1087749,65.27887918190787
1087803,1013.7517134703628
1087842,407.6269194022779
1087869,11.638811559410293
1087871,191.95806727245127
1087904,35.62510060842762
1087910,27.464964089720826
1087917,241.76093842332955
1087935,725.7993945950917
1087963,218.618938928879
1087971,117.68180558402977
1087974,29.04814874886188
1087987,63.79818128122391
1088047,346.6699230476994
1088084,816.6876283470912
1088086,51.77898433336626
1088111,25.756122554581303
1088146,252.9478779964763
1088152,1116.4335635247635
1088156,25.292491277138208
1088169,10.888803178223235
1088172,36.593527203518896
1088236,37.852029121274285
1088239,107.30722934590976
1088259,175.12511466660965
1088269,59.69477751975465
1088320,111.5441785340382
1088323,0.6556108876712973
1088324,184.06659533039735
1088344,290.4582501284478
1088345,178.76750216449304
1088390,462.53270297765414
1088403,245.1784577582812
1088412,161.0989532247983
1088414,407.61400726929367
1088431,222.2723930499962
1088442,235.64368653447144
1088449,446.90880725738856
1088465,447.4730998631666
1088470,139.1537509983393
1088502,258.7853097920687
1088540,38.247505197581965
1088550,155.2447442090551
1088551,177.4650496444334
1088564,119.35858019428954
1088601,406.3747981327359
1088604,60.01979886018333
1088611,29.774406922448385
1088612,17.98291727631904
1088619,12.81976765356714
1088641,127.91220154677825
1088646,53.95021069861414
1088651,374.5994219106467
1088656,498.71694980861895
1088693,100.5667417175388
1088738,207.54846271777149
1088743,27.065847173511173
1088753,8.901918561152328
1088756,231.13960166347437
1088765,145.1216637476918
1088772,27.110476803785513
1088775,985.9836227870969
1088809,230.3926086969491
1088812,403.42351142196003
1088819,23.864571930274405
1088835,563.3383451757148
1088860,42.12550305354563
1088866,151.77434491689388
1088888,11.350785203463271
1088922,134.07311370739617
1088945,622.3082534454786
1088986,21.620219208955415
1088993,90.10314771001872
1089000,17.857355522103212
1089009,265.5793082758735
1089017,267.11167515598953
1089046,157.81318682625027
1089050,564.7090771331594
1089056,84.71587693646022
1089089,1512.3427047564132
1089133,44.222680509203094
1089147,84.95785280987789
1089153,36.426298181506375
1089155,220.3912904073863
1089189,10.029129410217527
1089192,120.9915686376194
1089204,0.46255175082701205
1089220,25.549842470751464
1089247,124.26168999596109
1089249,15.278425308368409
1089252,601.6223996822018
1089294,2042.1289702651363
1089322,76.32713945077124
1089335,112.61542981693036
1089351,453.75835355240747
1089354,20.079197321575364
1089355,266.2066488995509
1089356,480.6846470381435
1089398,166.84256465853244
1089414,18.528984696336913
1089445,702.9267876081013
1089465,101.79354338889976
1089466,53.56868676690588
1089484,52.88226459751742
1089488,27.076212299321764
1089493,341.55441234547305
1089505,10.486454148830466
1089516,26.505289513065385
1089518,231.16154054508692
1089556,245.35770150341048
1089558,82.60479133027371
1089582,45.647246054652605
1089612,1015.0310299703964
1089615,1781.7786009171691
1089623,254.0591097184913
1089638,392.9302095764872
1089646,441.3728632357059
1089648,233.9168953403067
1089683,170.82840070009888
1089695,51.81720086081093
1089717,63.53043924481871
1089737,15.341277247809003
1089745,79.84079553927845
1089746,981.0210626648566
1089771,173.78947798843748
1089775,224.87214075443748
1089782,128.60889330517884
1089820,132.83523879789087
1089838,176.05845309343474
1089842,14.444643553353082
1089873,696.1506558613029
1089876,69.00728700301683
1089895,198.01294825691502
1089923,111.70651639296257
1089927,197.14531114600885
1089929,10.134730573064385
1089940,41.18343285609924
1089951,612.2527256444699
1089983,65.22841620411796
1090001,24.466028975833357
1090029,81.00275727628316
1090050,118.41970842891428
1090089,2489.832862162616
1090094,113.04295419365492
1090108,114.16954332771782
1090120,34.6977429375054
1090138,847.9037000546426
1090148,16.809983068923998
1090177,266.89576175720896
1090206,167.09729109308137
1090212,237.90035696241202
1090223,917.2552340113173
1090267,97.65394635510201
1090286,592.6028698991265
1090305,11.085197489724582
1090311,12.745386131910587
1090317,15.367333657718536
1090320,27.738794505328936
1090327,13.890707952244178
1090332,123.74149112936917
1090346,496.8749878250406
1090382,37.607363990253106
1090412,15.977760137813886
1090414,39.12910890723204
1090421,86.22835029598563
1090433,83.95359964326562
1090440,991.4641337208334
1090451,138.1549050854651
1090469,13.846864734549275
1090476,242.62891221819288
1090477,25.587241130451183
1090497,84.14905867259179
1090499,323.8461933539732
1090500,68.33636798420409
1090506,827.9228710064656
1090565,116.09605379920214
1090571,79.4371319017428
1090616,223.97995181437497
1090620,249.05590030460758
1090656,91.75515294694918
1090667,418.5327259245046
1090685,39.590343110238344
1090686,510.6766509170083
1090692,109.68463498000266
1090698,1643.0650730698633
1090704,40.62519218262994
1090713,63.736969538781445
1090722,14.228983241516364
1090724,152.14385015610432
1090725,211.93517329048325
1090735,147.8969249367799
1090739,175.7852088401791
1090747,275.5596388207834
1090753,256.88171772550965
1090759,314.25379276261185
1090779,55.07630116337893
1090792,36.03283122910681
1090797,93.94365543460759
1090818,18.274298538103285
1090905,675.1729043862233
1090955,250.60614594758226
1090971,57.81581763431819
1091017,193.76415448218106
1091060,39.88688525799155
1091082,106.3460140107776
1091093,62.11772698682896
1091113,403.806065895217
1091114,363.5513094074555
1091117,26.014610858013114
1091118,328.6459268877278
1091121,1174.8459044082497
1091126,104.60457683228137
1091144,302.9743799342236
1091182,18.274614036014793
1091185,11.239380686733192
1091196,47.03752812257863
1091205,44.548888144946886
1091221,102.68903694080845
1091233,174.44472586995758
1091234,14.224981280369654
1091243,160.27991293723807
1091267,166.21032802742323
1091280,38.25702523598675
1091285,35.6200330393082
1091288,1695.8870978755172
1091303,187.76033050516537
1091316,83.99827558986583
1091327,157.90319933008223
1091337,462.38027571987766
1091359,15.403441056511664
1091363,195.79544963869773
1091379,392.54671520534447
1091380,20.59718405923943
1091408,162.1960935562603
1091430,153.53086586454333
1091432,147.89456119154326
1091445,162.32376525050645
1091471,99.27923922208042
1091479,203.12780980699068
1091493,27.36287712349996
1091512,11.721090028683937
1091560,73.65906728198883
1091570,68.71431829874544
1091579,367.0895909714957
1091585,456.09374036372435
1091600,364.08094309267244
1091685,20.86445693549506
1091688,22.684749747547176
1091700,182.30697007146077
1091726,144.7829427437056
1091740,77.50980092288641
1091749,13.086078203047823
1091750,516.8453764145329
1091771,12.072454491690584
1091779,93.68061347979396
1091807,262.5593523528774
1091853,617.3562067418327
1091873,150.93674339809965
1091889,186.63258978873918
1091948,1983.96707311118
1091949,467.21006357892963
1091951,178.7716559788596
1091958,127.09277475268576
1091996,52.49470285403186
1092006,54.10896189256285
1092013,111.43399897406974
1092027,292.9662184695623
1092030,89.9425432115215
1092034,478.78425762148333
1092076,29.940059207401994
1092082,33.343085620147754
1092093,210.97310744382435
1092103,123.76932952931706
1092107,276.9431897168215
1092126,227.0627792655151
1092132,230.4644130613465
1092183,51.608407091685685
1092200,83.07578146342523
1092204,14.090465071669644
1092214,409.1417167310891
1092227,125.27703709719879
1092234,35.70088307358519
1092272,277.2022594895374
1092291,80.08038982314403
1092303,35.254891915900494
1092325,440.0661513502322
1092362,326.6878824498524
1092384,185.9405017981708
1092395,89.73155625361348
1092414,21.85004277364447
1092417,424.83555459701364
1092421,49.27222669469508
1092440,92.611704856329
1092468,220.97470404264936
1092472,436.74426386869976
1092475,199.08420425857872
1092508,79.14120419159697
1092532,156.05108280282099
1092575,37.29898472958275
1092576,64.53161311911902
1092587,145.84595172815372
1092603,24.19206819271598
1092608,177.94552373181338
1092628,176.06331005581208
1092629,13.104869165172246
1092639,134.05873133348965
1092650,43.60742968920667
1092679,387.70526098713066
1092728,60.01947480074803
1092729,67.05036439279212
1092730,160.53408935036217
1092746,91.73482851647135
1092779,814.2308526729995
1092801,337.413561786492
1092809,758.8231330670254
1092817,107.66500045747773
1092832,204.5751540515975
1092849,228.43922659290214
1092873,86.97933745448859
1092893,172.69017188328908
1092905,250.29329103878015
1092978,4.068721048598536
1092985,110.51603598376153
1093010,68.47923913059222
1093013,52.70341376206142
1093029,96.92044277989821
1093038,2131.3382034443953
1093068,165.63785918041305
1093081,69.92335278123619
1093088,103.49855290435833
1093106,243.97003383827354
1093130,130.13158386177236
1093143,19.35106603421597
1093145,80.62788444890995
1093150,113.62174441347811
1093179,337.4019846286074
1093184,40.71816852798673
1093227,1563.7074206254824
1093243,580.8739504753723
1093258,44.67473487555982
1093267,85.30963940404068
1093297,60.17061993266448
1093306,857.8310012046041
1093307,457.14997162242935
1093346,2.6084502251712625
1093359,243.37980113538273
1093360,2319.7137263405325
1093368,42.97149473097544
1093376,434.50102996691675
1093377,188.521924966296
1093380,288.7261358833807
1093409,508.5849154986163
1093473,98.67153549927741
1093489,121.31928263596816
1093502,431.4305159677997
1093507,864.3913700480978
1093556,2027.7750156298368
1093559,136.29650731806228
1093571,455.3297302261126
1093579,35.88776005001392
1093599,394.81345358302417
1093602,430.5691324803908
1093651,549.6036522975496
1093672,24.504347033708683
1093705,272.30786423883865
1093731,512.2459246189054
1093737,16.698069545243264
1093750,19.197793977668308
1093777,528.2449023425398
1093785,261.30245435034146
1093786,75.13171009294308
1093789,135.23575001594645
1093795,149.66117990833703
1093815,261.5302389790856
1093831,86.14622863152225
1093840,160.86032480359688
1093850,50.949293706025074
1093858,129.56908435315637
1093868,12.063035135866567
1093872,194.7018865517637
1093878,80.19618549892498
1093883,4.6785967037360034
1093884,21.682227111855525
1093896,5.209446245898526
1093908,29.97346550557644
1093917,242.05384660629943
1093919,34.175628755467386
1093937,259.4820877428499
1093949,562.4318430247025
1093956,13.79940159070346
1093975,542.1776717325764
1093990,29.28152984874383
1093991,147.0957617781237
1093994,12.446255284176848
1094031,51.90377268901504
1094038,54.254876064628334
1094044,623.3760066585818
1094087,982.4090641641534
1094093,233.40859386341518
1094102,358.9752793612513
1094126,16.76585910894436
1094134,226.85432145612555
1094135,206.2845462276549
1094142,58.291254097470926
1094157,92.01483839050715
1094162,769.7107263966278
1094183,46.6799965173694
1094190,474.5877001781181
1094193,28.133413923783227
1094241,9.028334408030654
1094254,397.4613247843132
1094263,13.5363273841247
1094290,112.65871603011101
1094315,36.96052816888278
1094329,105.00173381884889
1094332,20.320129723544596
1094342,54.4525704118009
1094372,286.1392112072969
1094380,386.6688145920748
1094399,41.28610397983707
1094406,167.6795694429771
1094413,236.97289543297458
1094414,48.696103707723616
1094443,118.12728785009722
1094451,269.1851757426008
1094469,240.03690966002023
1094504,743.2978929272304
1094506,288.7334448203244
1094514,26.680615778770814
1094528,195.14270182234756
1094534,486.1976776985935
1094537,311.46964823274226
1094571,163.87136247760327
1094576,70.20295616123016
1094580,47.75974332268069
1094602,22.21310927738753
1094658,104.4164648047533
1094661,1117.235737274439
1094690,439.2180988759587
1094696,103.7059582563261
1094700,124.68507766626658
1094702,268.5575967106367
1094705,211.09956517783505
1094765,12.433737057113769
1094768,103.4523592556388
1094777,82.11098957768981
1094898,45.42019115568936
1094909,376.7730464866878
1094914,30.2417407621429
1094924,1806.094895855442
1094927,9.744372907561104
1094930,382.9300557320907
1094935,203.22820385981797
1094992,711.9474089454502
1094996,23.069981927588675
1095002,12.035176861298758
1095013,66.59826404639985
1095043,460.58091144665616
1095052,164.6931686942039
1095090,190.18717319986496
1095113,155.26704690916944
1095118,48.30484272584346
1095122,1423.8039567498108
1095152,76.24795288103645
1095155,353.7326420963287
1095162,38.51410952373468
1095178,18.28570221323045
1095188,131.1042690126572
1095215,351.7059313528062
1095222,211.15064541043236
1095231,216.27843768737333
1095238,15.481121959066526
1095250,270.95385502826485
1095276,117.95876490609372
1095292,468.4433804407784
1095297,117.75133060162506
1095300,138.45729396167022
1095301,1085.752900277264
1095333,248.94737120801793
1095362,38.61614326666063
1095364,32.87489165031583
1095368,389.50050683713965
1095435,185.07707954950916
1095442,130.94558533579408
1095464,66.73239913690941
1095473,451.9072191066339
1095490,542.5205749109432
1095494,75.52970902830232
1095511,0.8944180827158333
1095528,317.0921852524993
1095558,21.82260294540232
1095568,431.32190532319726
1095570,0.0
1095582,13.041692469481996
1095594,108.19463605027934
1095596,41.69297305726404
1095601,854.7562500178441
1095602,14.52340151530408
1095607,108.4818927835085
1095610,56.948296406789424
1095638,317.3587615855231
1095641,73.82762007595227
1095654,15.6101879822157
1095691,360.39501955232936
1095693,267.23720774229866
1095697,16.81933236165061
1095707,22.319106752069064
1095715,45.72933266434415
1095728,162.8999020962435
1095731,95.50369026398756
1095747,76.27222730844021
1095767,34.999473722958655
1095800,15.41069776640657
1095804,84.53660446107992
1095815,294.5939037058739
1095830,31.83509719645187
1095834,1734.4651992417564
1095838,123.81403974790437
1095872,251.40012564999427
1095876,11.97096798003277
1095880,85.71113683485429
1095882,107.18868275811707
1095885,297.9825937667501
1095889,35.89687270444867
1095921,72.20742804509904
1095932,84.81479416727275
1095952,306.4808645345374
1095953,109.70856370721962
1095958,53.473028995516245
1095968,238.1512215320901
1095975,452.42047855699235
1095976,280.06068637137616
1095993,6.840690464257047
1096012,20.826100561099356
1096050,15.966439261019298
1096073,96.06527524250825
1096075,2088.827011086806
1096086,151.5270266989071
1096101,159.68108678047682
1096103,87.91387780277441
1096124,14.800843894415177
1096127,14.014381192480966
1096137,100.78767748620942
1096139,120.92675786102856
1096175,174.41664285326024
1096183,62.5241419886204
1096212,16.353367378277
1096264,0.0
1096268,45.64506200380634
1096290,0.5799326318826212
1096295,284.211659770779
1096318,540.2875537269603
1096323,786.6290847096791
1096333,67.71306898155571
1096371,17.040957707404388
1096372,1773.473633465215
1096378,11.839911169398505
1096384,69.66037384393546
1096392,65.64133943082743
1096404,162.82716818250253
1096407,304.14683400123977
1096408,69.83371051842023
1096428,15.95677417843727
1096435,354.10822048782256
1096442,230.36921342738478
1096482,119.97580591907402
1096484,235.46371408026016
1096522,53.287621362401715
1096561,141.61299244899038
1096564,104.91277805033512
1096571,455.94089931720873
1096576,307.60659396682325
1096602,82.82201886190659
1096610,359.09464932590737
1096623,121.81855726900655
1096629,44.1161171343556
1096643,1077.129435007381
1096667,68.8040831000118
1096729,181.86183708730377
1096741,133.32606933841325
1096746,83.27937527762427
1096748,74.64655128786316
1096751,33.33364617436443
1096759,78.645425727276
1096780,582.6147332008765
1096794,536.8030891591936
1096804,161.83188223540066
1096812,175.62643298724203
1096814,336.04474801742595
1096847,61.00831729700284
1096870,129.67550452874292
1096891,302.25312804286256
1096892,34.48265601508274
1096922,41.30635820157613
1096925,186.56226133678328
1096972,182.52730390685414
1096987,12.677934068281747
1097004,81.1523645797374
1097049,102.28033552575387
1097071,113.05878873770429
1097103,293.3650732835267
1097109,457.58544514149656
1097126,229.44593939905292
1097127,1026.2008620166757
1097133,38.00233115220831
1097142,19.67134465801425
1097146,68.59799534382782
1097156,772.5073050737844
1097181,471.7659401728488
1097182,424.4538930397043
1097184,129.842773925081
1097202,82.20990506749035
1097219,44.52508965553898
1097232,31.794753468087617
1097238,56.311211227640136
1097259,31.78101129857744
1097271,127.85293085351331
1097281,63.045474532874636
1097299,455.2638651729796
1097311,12.355917684032372
1097352,119.84357014293549
1097353,69.59502284954488
1097376,705.1479701789635
1097417,287.6095410711542
1097438,120.9557292125164
1097453,116.15852177326224
1097457,225.28641187114079
1097467,99.15822870814434
1097480,139.67577961276882
1097496,508.0831706096244
1097503,268.4483229957371
1097512,84.98030591303531
1097524,29.551198607247414
1097531,482.55791342025555
1097535,995.6269339256452
1097552,91.48659265487797
1097563,151.74180264770078
1097574,5.850643064328209
1097637,135.61515825916868
1097664,12.398353233891578
1097687,31.823464633557254
1097704,46.478733113536016
1097710,33.35632131710604
1097734,93.55920111967413
1097789,175.9780458480921
1097803,173.7674601045999
1097810,325.0327572687912
1097854,12.15702912201201
1097871,62.551918963327815
1097877,531.7488282643736
1097908,91.23706345453499
1097909,356.72020123032695
1097913,0.014504813198382979
1097923,174.47494622869326
1097952,37.19388038009889
1097976,13.303736467944614
1097979,90.35207100373347
1097994,567.4036711656729
1098053,112.13049601010553
1098073,169.89902410779484
1098084,368.5246175858698
1098095,113.08688049521227
1098120,18.83540760613738
1098128,109.04615039721352
1098155,46.56969202236295
1098157,43.498714231136304
1098169,282.26908223510947
1098172,30.883924914240996
1098178,104.8923921418564
1098179,190.4423484422518
1098189,111.10916904295618
1098200,31.541311635664915
1098207,299.87077086355856
1098208,272.2564514455585
1098228,1507.505708133516
1098229,129.31188460124372
1098287,154.80288752039903
1098294,586.7770779613858
1098302,379.66098681016064
1098314,67.42311680090842
1098324,128.4280675267674
1098339,10.438108529614794
1098357,293.27246433315224
1098373,131.9535724095622
1098380,45.33935428820388
1098408,103.55586927607048
1098456,819.5215999147222
1098457,47.093612308888396
1098488,181.5567245533148
1098491,275.81641962096404
1098498,100.18736912238245
1098504,122.86426966690993
1098551,101.38512743933568
1098563,229.5892618498127
1098570,9.400990855659659
1098578,102.64413365766943
1098604,16.850161021937943
1098622,119.34078523269767
1098625,113.22599289982932
1098649,171.06133603206047
1098663,211.61148867876864
1098671,50.53892753615581
1098691,36.87671122254705
1098695,529.7791973613781
1098698,48.226422616812116
1098728,39.210953766150816
1098767,44.96279417735851
1098789,16.580976958088335
1098833,158.7987572803166
1098852,182.06919508424735
1098869,340.4292414045716
1098918,428.4074744570341
1098936,281.2511065436716
1098944,16.503477130515243
1098955,64.87981367139874
1099026,75.89460141269778
1099027,22.330499494280485
1099028,12.227936676104353
1099030,149.7496660359047
1099037,255.10429337606752
1099051,187.0347270248879
1099057,41.90090479035208
1099076,253.56016694417698
1099098,89.29390619799597
1099116,39.07960803937648
1099146,33.26407852266074
1099178,289.11504089399756
1099206,161.33952516111233
1099209,19.564204521775025
1099215,283.346183866337
1099221,1151.1463976788145
1099223,174.35325187223674
1099240,162.22128032704532
1099251,558.6729140573276
1099252,382.22334022153444
1099298,580.4855797227489
1099346,30.098806217590795
1099347,256.73131794970703
1099354,116.73498579579916
1099372,59.45730512407462
1099376,125.68593440149712
1099379,122.96359306209321
1099423,130.8150815747687
1099449,233.25763289542357
1099461,69.08078498742418
1099468,59.49022886988111
1099484,187.25876711441737
1099528,126.22717729116367
1099568,199.79589451833397
1099585,320.4078698770283
1099596,41.78382560560661
1099601,8.37279005119613
1099603,168.7325255684425
1099608,224.12005185053565
1099622,83.76070826024949
1099626,54.5647711456893
1099632,190.44356160472876
1099643,216.58683969428833
1099647,43.450390903058164
1099673,29.52806066127925
1099677,139.7846559554859
1099679,50.10733872057705
1099698,178.6444285902331
1099699,20.08785931388215
1099709,21.912822020965283
1099728,600.4836170432148
1099736,297.82190399062694
1099744,27.540666880795488
1099768,211.3002892737266
1099771,296.2063015126699
1099811,96.78857442211047
1099823,82.11535149049693
1099840,32.93939335520754
1099878,83.86842070320954
1099884,58.803109553890486
1099897,291.3391501100011
1099898,229.78389119869408
1099913,35.417925617164464
1099951,56.20369709556645
1099952,76.04196261325015
1099961,106.92711254862418
1099973,92.24801425239379
1099989,368.79451764160154
1100005,37.70110929275465
1100027,83.05468370588045
1100074,248.87119553307994
1100085,18.484762113665383
1100089,1070.2787346000623
1100091,87.98244505116958
1100095,36.70785597509652
1100120,590.1310707227468
1100128,196.5805788890056
1100145,228.7884471279169
1100173,38.21869504446315
1100203,29.721594103982703
1100250,78.8870744537359
1100265,275.337408890501
1100285,241.43891898132546
1100287,34.6137546330177
1100299,1105.1412633177836
1100311,153.8838446079747
1100317,634.7157471105837
1100321,428.4976917703776
1100322,96.65344029897012
1100330,83.88199858662053
1100337,226.25616197925999
1100342,37.3744518293005
1100362,95.54273850566193
1100363,24.216920008909156
1100366,73.29303306963274
1100387,223.38111841879515
1100420,1401.8151935427238
1100430,386.8560829059856
1100432,465.577555437057
1100468,297.30350176840994
1100472,279.80559725649647
1100491,153.49550532401614
1100507,435.9960114405451
1100532,70.33266132317658
1100547,134.46993115002888
1100592,129.6883031821325
1100598,117.79463620826422
1100625,53.24845508009125
1100649,241.3443495028718
1100655,165.65535813687654
1100676,574.3403233989255
1100709,291.9232683376347
1100724,19.099939072484418
1100732,81.85229446077422
1100757,31.46120842890104
1100774,1062.033017768786
1100790,273.0899979954091
1100793,203.51468733520036
1100808,67.56444386352496
1100813,15.930240175097625
1100814,1425.8172579288419
1100816,148.9149668674458
1100820,29.612847547731377
1100828,411.40110058425796
1100845,16.756701737609426
1100862,425.52571553812163
1100864,273.9698147730051
1100873,81.89646136942997
1100886,67.58506284620934
1100902,92.66126814073964
1100937,31.36522961118292
1100972,372.0299953817492
1100984,116.18092190059605
1101049,1897.6221139268264
1101076,370.8122163501538
1101109,273.10181673377235
1101112,256.6061028064685
1101134,25.114244093903828
1101141,15.131523194750525
1101142,465.10703844562096
1101152,52.132653227890444
1101161,9.596081299783124
1101167,619.0928542828268
1101170,340.08469927567216
1101186,191.57251026623527
1101191,271.0462472996514
1101194,491.8069805478632
1101215,133.22869048905193
1101218,31.821735512029132
1101235,1657.7901197423978
1101241,7.55808887854444
1101243,396.175008605755
1101245,152.79456034776516
1101252,87.1556945444717
1101270,59.992872931685596
1101295,18.373805352807707
1101299,88.27525231757271
1101312,54.537979276494774
1101343,14.532408540798125
1101359,254.00031673859692
1101366,111.14965126935644
1101374,498.6499676646412
1101375,624.6276522724136
1101383,214.89331757734433
1101385,759.2964719571405
1101391,778.0365964285289
1101411,95.54905042016807
1101436,332.11796694444655
1101451,85.86120402081323
1101454,544.7560658870727
1101500,79.83917806063101
1101505,184.1056915276538
1101512,32.94519431794116
1101521,231.46303864267608
1101540,180.9945014296108
1101560,57.35131828217492
1101584,95.96138986346783
1101586,271.05611591797935
1101602,227.451595814664
1101607,325.1561267810764
1101610,414.5729746727022
1101622,120.28462211458455
1101634,99.21176254133871
1101674,47.662794532881364
1101699,2024.589914267188
1101704,603.6845999741099
1101710,839.3052433125164
1101734,101.70023231680177
1101780,324.17906677394285
1101824,26.486533659231757
1101877,51.41633672898713
1101879,201.43931708713168
1101904,298.4804911083275
1101932,17.060128641549316
1101934,201.06334283540343
1101949,714.442431905161
1101970,502.71575027962075
1101987,395.86066037451087
1102011,426.5865739424784
1102018,48.03726724868945
1102030,69.12465209137977
1102053,33.61343083090933
1102059,78.0272886869836
1102060,428.51325625385533
1102096,16.07718268005246
1102106,41.006988829539125
1102117,474.0640807307384
1102120,24.74719349545269
1102131,198.77233753122704
1102135,22.839872356868145
1102147,111.54066962308166
1102185,398.6760242998757
1102204,206.31653941583863
1102240,42.92422400059229
1102241,30.718357665874493
1102244,849.8956579072454
1102250,181.36386205547294
1102254,693.5243764780768
1102279,1263.4744511676204
1102290,116.76106449255487
1102292,385.14814084990843
1102297,154.557193113284
1102306,40.96842645637091
1102338,117.38502206212938
1102343,4.606873570888123
1102348,42.84689765500475
1102349,91.43837487951441
1102366,261.5039075505292
1102375,268.30918830204405
1102401,124.86351124178626
1102430,412.83205623481143
1102434,21.568166870473313
1102454,174.71440706236112
1102462,168.9638367873406
1102465,112.26196839415904
1102466,127.00032374982142
1102468,299.2678892021118
1102476,1069.5658479701037
1102502,6.287545815927756
1102512,98.57789948618301
1102535,91.51408879167356
1102543,434.611092459464
1102552,646.1190074215444
1102609,212.79463473510583
1102611,271.9946630400305
1102625,230.7610377811362
1102627,23.657248128459077
1102682,157.27194839006177
1102692,223.20971178410326
1102705,23.228081560205283
1102709,119.90906852715194
1102718,41.869995777134484
1102729,76.83346270400155
1102764,366.64550469689885
1102777,368.71494702046726
1102782,299.37536602587403
1102785,276.3673837531957
1102820,144.2639075241579
1102821,607.2271141710244
1102828,254.8241799361801
1102829,87.02142376051441
1102835,101.36997894119385
1102838,47.85501822620897
1102839,155.7508907764368
1102858,57.57393732885898
1102860,121.01172696851668
1102864,178.44166191867444
1102882,161.3977400638621
1102908,34.583943387312104
1102915,216.50398654063508
1102916,110.16361058647111
1102942,29.694105116946318
1102993,143.91821627940007
1103003,82.90757502721583
1103032,188.95667289789324
1103038,1482.0945052337809
1103064,254.09267361595894
1103070,117.72077947857395
1103072,329.0750618192675
1103105,918.3657227071535
1103112,561.2951134726964
1103117,557.4543803207803
1103124,82.07620302100042
1103146,11.014469437803877
1103152,227.7024394869429
1103153,71.25524984268102
1103179,21.799938887237115
1103189,138.1761711919351
1103191,44.031513094492766
1103196,30.035169627831465
1103208,101.34207900524095
1103243,490.96344908907037
1103251,1952.8170911837924
1103267,9.976916964447144
1103283,162.87574643726362
1103290,73.73160275337236
1103295,38.559809660917324
1103357,251.17112079902665
1103358,72.23374812427681
1103361,1271.963655394429
1103377,57.55672727752107
1103391,343.2871453942572
1103403,191.80987605019084
1103421,127.69784259909676
1103454,52.626967662487104
1103470,504.99197801822464
1103484,204.4618426119234
1103507,28.952234288995935
1103515,143.85707496088335
1103525,151.18100890817593
1103552,468.1741928834561
1103558,162.92303018615863
1103569,296.84227630936135
1103583,24.840386394964643
1103602,75.37312928967614
1103610,16.265280085067875
1103612,260.94985624460423
1103636,93.70531671316195
1103642,128.18291823061017
1103651,556.5663290964126
1103660,35.473121900738384
1103679,298.93949852995786
1103707,195.54652745454953
1103720,0.28226924168917006
1103726,224.07790631386996
1103729,394.4476518148754
1103739,0.14115440071814125
1103745,12.355385253414331
1103749,47.900100067824326
1103761,230.41229745489196
1103779,119.60582049196643
1103781,11.30310629694348
1103790,145.34618254186103
1103794,17.0047079121387
1103804,41.33751744061408
1103810,18.086702700145075
1103832,363.03593950250763
1103849,185.65750945755065
1103851,69.5555920885481
1103872,62.48518460849497
1103877,125.7209163530333
1103878,392.4218482589576
1103899,356.16680306452326
1103916,388.3203837777025
1103936,31.750601598463422
1103952,70.7462132450986
1103978,13.976364508476225
1103982,253.29564012444115
1103990,2137.0181226868967
1103994,95.43541785045916
1104032,365.15903152458816
1104045,112.67983188422005
1104071,213.05529223136008
1104076,179.70024936884838
1104094,18.184095232947886
1104104,169.3469082988079
1104114,126.36706782003951
1104126,110.68237042183684
1104148,14.164414109908893
1104172,17.684971432910242
1104176,185.3320688126691
1104216,21.9194901270112
1104258,169.88629013265015
1104288,798.1792710265225
1104304,120.43092065844577
1104312,205.798725314677
1104316,252.51428330844863
1104329,91.02005420341011
1104338,28.755439464838133
1104390,83.9545250038013
1104414,69.70189344861795
1104417,10.864581527606838
1104430,36.785289168008624
1104431,128.71951185026109
1104439,53.23817936904321
1104489,126.66155053260455
1104503,136.29135831242854
1104534,36.55470293958408
1104551,133.93583807840187
1104555,43.28013935821184
1104556,205.38835245073994
1104604,47.234545044154075
1104654,1593.9602114968823
1104677,495.0337714651866
1104690,100.64449765604442
1104702,295.13721601534985
1104719,63.26038772252034
1104736,125.62774442699867
1104740,51.56491917653362
1104767,448.11586157194057
1104790,105.62105365952921
1104820,88.37459324522854
1104829,151.6257018810634
1104842,6.786056771443665
1104854,45.27224107054484
1104882,34.31352698358402
1104883,130.74163154373977
1104908,33.98716280197788
1104909,0.10566040640207858
1104911,114.26925416105864
1104924,63.78212532196644
1104929,211.6391801431196
1104983,71.93591013089353
1104993,157.92243170393965
1105017,55.43750282230176
1105018,32.44231002623048
1105042,47.27025769437209
1105062,55.73493709590506
1105075,39.95940111224159
1105093,124.83733616220046
1105094,138.59423605038577
1105095,13.726907573724743
1105101,230.1949263950065
1105113,202.07605254032555
1105139,105.82061181647094
1105141,245.30107067519936
1105191,202.1041916992507
1105195,50.7071900842283
1105210,255.95594225721203
1105223,251.05003476316588
1105224,1021.4879240238298
1105240,422.5283418427602
1105246,416.54543710242535
1105308,187.00662628716677
1105318,80.3969187783849
1105338,378.80302510087193
1105342,290.8643934288412
1105352,12.591653153241973
1105354,60.96159181553814
1105358,268.2322149966207
1105380,153.0781950117599
1105382,191.6551700752243
1105399,41.811157168640754
1105415,1147.327485836642
1105421,230.40080609566667
1105445,48.026416436184746
1105463,510.8715289180526
1105467,86.6920099847995
1105475,60.406104782018616
1105486,347.1391417213705
1105494,75.27566177756005
1105498,187.03639468028405
1105500,342.7891905675876
1105548,148.62405722238495
1105567,335.98729397208797
1105577,122.23509967465856
1105588,192.2791274665285
1105602,41.35082673319576
1105636,40.90830909412324
1105638,19.168839331558967
1105641,302.4404883324615
1105644,161.74839921762316
1105654,153.07152161076203
1105663,339.340788375849
1105675,111.18368833311024
1105691,618.2638917125205
1105714,850.7950705755621
1105735,71.79107458604793
1105749,24.451705296437602
1105750,964.1329847613576
1105779,295.3428837847111
1105783,326.8699978115062
1105792,79.78577625252422
1105799,14.328621585377801
1105804,179.16240392716847
1105815,41.676079346271024
1105837,811.0508590954947
1105879,15.996240849583993
1105889,565.6548667430599
1105905,391.425951500037
1105919,34.743878543257026
1105933,282.5132897977461
1105948,319.6703157360432
1105979,214.79134177341427
1105982,322.6320648917346
1105986,255.21802149345575
1106028,109.89965185012836
1106036,378.8860179677328
1106071,249.349932652225
1106083,115.86681704756957
1106084,206.29997959757245
1106091,122.97640701410529
1106118,93.16073331486332
1106133,285.1238378212138
1106138,31.905559263840775
1106150,384.1914492268601
1106162,256.9929138014855
1106173,15.221351468507843
1106195,508.74393984783273
1106208,450.4056701559157
1106209,400.8448771546562
1106260,64.3761296417249
1106286,113.26465800223556
1106379,177.05974895082548
1106393,103.83824980837568
1106408,126.97166804001276
1106438,566.380203461231
1106454,38.82304028808072
1106482,193.68644102602343
1106508,157.5444476926331
1106524,72.24355911654018
1106562,103.31817147503357
1106569,90.51922448475402
1106605,9.735792532479078
1106620,1189.0518870017218
1106662,238.20099996258563
1106674,125.0536680681948
1106683,215.27756163850995
1106702,141.96265823249018
1106708,1066.1238793670364
1106716,126.01779810099461
1106730,42.1119364595677
1106796,124.35698088434006
1106798,240.3273712929863
1106809,1088.1206892006344
1106834,311.07991178648257
1106874,244.34571283689422
1106879,244.06502370088012
1106883,79.01805497426314
1106897,58.28486309748957
1106904,95.88955267892916
1106911,119.6592023405164
1106934,102.82798096627371
1106938,186.93352453376122
1106947,86.11930667548073
1106959,97.64226579444465
1106965,260.1315580349891
1106972,861.5667919650117
1106975,782.7792370504299
1106978,145.73216949001625
1106987,14.801766875468207
1107001,126.35375444904149
1107012,449.8221936021596
1107017,678.6379481288956
1107034,374.0935076338408
1107036,25.998698361385276
1107037,240.20919863474796
1107079,159.66233651330165
1107124,33.48524491459258
1107132,319.0720076072975
1107151,105.96341049411339
1107165,98.10802630923592
1107192,25.449459895545797
1107196,15.770857526465454
1107202,406.06240668371845
1107205,118.7141772201302
1107223,90.54506260284015
1107240,204.1378190209845
1107242,324.97950749048874
1107262,10.07691918646928
1107277,130.4807813738216
1107278,146.87119350682082
1107324,198.59537327257868
1107329,135.01121270903224
1107358,120.30821759252339
1107366,474.0179409172412
1107378,418.05182278270337
1107381,238.9120941147964
1107382,458.6900691827235
1107386,258.6406086790048
1107407,234.55206732716417
1107432,15.86966958015685
1107468,0.35135160676543775
1107474,90.70992675912584
1107484,199.65857323554513
1107486,226.16361001573227
1107519,58.259844850913524
1107553,27.82905104206585
1107583,493.0732295917019
1107600,187.68485623932335
1107618,980.8569519159904
1107663,92.84804330474901
1107668,25.990944812313707
1107709,115.62339169542122
1107714,276.996351962845
1107738,72.44884074297715
1107751,836.8614124842647
1107763,247.96353765502673
1107783,295.8876425259417
1107789,499.88828475419587
1107803,105.36962695749786
1107810,210.5289190223809
1107812,457.41088514539
1107821,167.89512819525396
1107845,139.2745162622135
1107862,206.82965361678345
1107883,492.58984357050434
1107889,26.14801036902725
1107897,267.9020471859743
1107898,131.81814495339665
1107899,1720.3994671100136
1107904,291.17469937258613
1107925,50.13286109482808
1107947,200.67131121912445
1107949,177.20569275709974
1107959,471.13212286721546
1107967,214.54677364502427
1107995,39.6872744364595
1108013,4.377320286676595
1108032,85.81392731419541
1108059,38.08122463710103
1108062,707.7226394437056
1108071,34.74896686497193
1108091,54.562725382791086
1108099,85.51893544416987
1108100,96.34650356480473
1108102,351.26075676165647
1108108,23.092717255833243
1108123,156.225274463188
1108124,44.33049695729895
1108132,20.28440715484657
1108134,373.9995990368438
1108160,947.4667821081674
1108169,54.717020903611484
1108175,1.4602430136452387
1108197,116.56914433580305
1108200,101.97642118901136
1108210,44.679888798974964
1108218,6.010925871019304
1108221,97.41472677082422
1108246,289.2813194000039
1108262,297.7128884862881
1108274,255.22221504901614
1108277,39.18241856065246
1108362,16.121748811895532
1108374,770.3583638246973
1108380,5.037451057495822
1108405,337.2753156121138
1108444,159.16345200152188
1108446,18.658041186551575
1108464,142.9908558126443
1108487,216.93828244537417
1108498,290.6253089897552
1108509,175.29161369353372
1108547,422.91772831010354
1108592,1848.3031989333845
1108597,84.43940894212506
1108613,109.15170790438538
1108620,110.98291526931483
1108673,30.30413404675553
1108677,376.0025366136487
1108691,277.57672016262245
1108700,96.73253102018542
1108704,520.7104247248244
1108733,333.01073418377933
1108739,65.08220507562548
1108742,284.51670447244607
1108768,144.98104432735985
1108801,74.79863494151722
1108806,43.05290716794331
1108815,15.945954838634085
1108850,199.26204133858445
1108874,72.32327970194612
1108889,127.11902885950283
1108913,36.76934499401
1108927,168.01906730978166
1108936,79.69980307998107
1108942,346.9938341979392
1108944,132.78451897155512
1108945,131.23070314073212
1108947,121.47886244412945
1108968,10.743309155928428
1108974,144.4247017416709
1108976,450.0499586661843
1108978,10.633359312350747
1108999,60.08592979146517
1109016,437.4889699270959
1109033,105.43696276001991
1109039,36.98145831856677
1109049,35.01842886535366
1109062,50.70606628767246
1109072,39.1994948109624
1109152,804.5832333524933
1109153,313.97092264748824
1109184,156.52459707328958
1109203,37.965990508808034
1109213,23.177824417477424
1109214,476.6032802826961
1109216,349.3313996374282
1109225,186.41306494211128
1109229,196.0717957852873
1109233,118.77646144828633
1109243,13.707827807048881
1109296,136.3600801729698
1109305,262.87074038940085
1109308,34.471104059323615
1109325,229.05531476875217
1109333,119.80461550774172
1109347,354.3777595785869
1109352,136.47741415942878
1109353,11.4276574338581
1109365,204.05531171740608
1109460,299.13573430946417
1109478,186.59047689038033
1109479,480.8518817473157
1109484,312.098841926439
1109486,16.36255708613528
1109491,218.90858903760554
1109511,95.78320446487551
1109523,23.39831112954408
1109530,270.9976277787477
1109532,390.67096739623116
1109538,18.39391130670542
1109541,22.999818737861332
1109546,481.9527948353394
1109552,102.61357437108194
1109560,117.68531239941527
1109561,249.72373013950923
1109571,444.8427691796406
1109580,112.56381906465836
1109588,53.231484012920674
1109600,145.56453663483757
1109602,80.00606599571279
1109605,339.0584731307437
1109609,25.32179037937439
1109620,158.16543487943144
1109661,222.8003565104362
1109664,370.5315929552174
1109675,169.26100806669083
1109687,39.79260382208192
1109701,104.76054625055777
1109703,197.9919146104543
1109736,76.10026330834579
1109747,156.39814941455992
1109804,601.617838048595
1109817,52.27540420051269
1109827,37.15609978923333
1109837,285.29187377092467
1109852,2289.070287909799
1109874,36.310438238823764
1109876,341.09985960325815
1109919,582.7077195865705
1109924,410.275930384926
1109928,191.40629163842883
1109929,70.8566594180027
1109936,117.50687018504347
1109972,346.8054887257717
1109985,259.2131167536791
1109996,591.7291359549703
1109999,513.906816045309
1110002,234.70071790561207
1110021,153.91799769382575
1110023,42.94618702526136
1110029,61.8580694692173
1110072,579.5382930356552
1110076,165.48430435081593
1110111,551.1844469001908
1110118,105.09846235627573
1110134,148.38462245251006
1110144,136.92749556483813
1110181,102.75872884063251
1110194,21.267074911902757
1110209,78.25673531572856
1110219,804.5511756635818
1110232,97.60429458209633
1110233,298.65371940470135
1110234,41.19303461353693
1110240,218.16006153850464
1110276,10.3645445964783
1110279,138.76528612969594
1110286,244.76516301333567
1110292,802.0921761947379
1110318,283.6148507263761
1110323,27.981723478792798
1110335,506.7249737167231
1110338,232.76635858296146
1110355,81.2822151367768
1110361,477.8445679306726
1110389,59.585925631000734
1110391,142.67261186722206
1110397,71.54859507355056
1110407,66.03836381042987
1110449,100.51082967067566
1110475,300.15228233021793
1110478,174.32035614976317
1110506,23.392732820025916
1110507,257.9736026876449
1110530,21.33648988293105
1110541,56.421590520165694
1110568,208.2002231481669
1110589,24.994075211709415
1110599,349.960844654679
1110617,51.31524902563371
1110618,110.82609843792066
1110622,7.907520460316556
1110657,241.47717761015213
1110700,161.31904917069843
1110725,161.64224150924395
1110747,73.95403283135003
1110768,175.27333689783214
1110776,39.67025306293532
1110818,249.12082176376728
1110823,216.97342910576208
1110838,273.420685196964
1110848,33.55006946500745
1110858,241.60029888058335
1110867,816.3586431286437
1110869,304.94070293319203
1110918,73.42096138586453
1110939,629.4144254344859
1110951,87.91760425448733
1110962,29.104747981697017
1110968,51.60719724869193
1110969,79.15654818481944
1110998,107.11972394280924
1110999,19.78840338503252
1111061,19.067630754947185
1111071,6.525695220620363
1111087,2134.3668495137726
1111109,104.36538935413235
1111111,37.38270609700854
1111122,812.705900385849
1111125,50.12869481399157
1111154,10.222335566874992
1111214,219.05228921808254
1111218,417.22558473936175
1111253,127.26643191002498
1111260,262.92797295403494
1111265,225.89281963955958
1111277,27.156763481129524
1111278,255.67129971119223
1111285,33.58491305974991
1111304,204.41670730954277
1111305,95.81783819169648
1111308,24.05596710072266
1111309,9.024467368899215
1111332,131.95319224493983
1111393,315.1476473794254
1111401,166.94942046523772
1111452,172.26996143246666
1111467,216.7270238186741
1111480,208.2627119606871
1111497,36.197227037839426
1111500,87.66632527262915
1111506,2016.926420009448
1111518,14.54014387989424
1111529,43.88452177824001
1111558,119.56305435208444
1111575,120.40811135716774
1111577,84.39435123512482
1111605,27.691143927903024
1111610,22.23392135470259
1111646,83.38683428732168
1111671,12.549999918167709
1111675,56.67859736636585
1111687,271.06819874670833
1111706,50.48513623312405
1111719,78.14177720283814
1111725,31.161504254635133
1111727,94.98530275033954
1111734,482.43406737573383
1111735,45.26097025606684
1111818,24.27964779201316
1111819,5.4705859582198615
1111825,167.0076115659047
1111828,604.413119850391
1111856,402.15561862509304
1111869,12.709130205608759
1111871,383.3582492184716
1111872,228.65155458775428
1111884,69.88531806254518
1111904,340.92875262001286
1111913,77.34586447642563
1111935,179.07248792436815
1111993,690.631788535801
1111998,35.34077059653469
1112006,656.9296767506677
1112007,239.08295168751303
1112011,118.05323399593499
1112022,21.588789496622905
1112041,29.675114425620627
1112045,110.07989230318707
1112056,170.0492855923577
1112058,153.94430622285515
1112065,25.31183957527451
1112072,441.8976428003066
1112081,180.5051864311895
1112082,39.677742825402376
1112092,125.72592384124991
1112094,19.123405480277356
1112099,224.94158810285177
1112119,79.9109933440932
1112122,122.18744562932746
1112142,61.035442511399864
1112151,582.5789236588714
1112152,71.1808783697987
1112156,779.2708085661874
1112176,258.6248022378773
1112208,139.87978558904422
1112212,383.7175739188106
1112214,572.2578000444094
1112246,153.71315901330425
1112281,861.6712184706518
1112290,16.299166744528268
1112304,235.6539518821818
1112317,107.22394660169431
1112398,100.43711443986662
1112432,3.880265261397725
1112459,225.3002683557634
1112470,164.79502442824395
1112488,232.86615923279058
1112492,234.09397242872845
1112506,96.29526640970825
1112513,14.253948514771242
1112550,22.03465062053172
1112551,574.0187412081884
1112554,139.20176830386234
1112568,247.61445183925008
1112572,13.706040002694193
1112602,209.27643551614523
1112604,81.54445492218261
1112605,1909.6157630743987
1112607,22.671868481298926
1112624,175.78140681101007
1112696,284.05375100209903
1112700,294.72625637081836
1112704,121.09223228557218
1112711,381.8014132904528
1112729,102.37947331376337
1112746,18.930835958357715
1112770,602.688820699313
1112783,194.41523035099146
1112793,63.158783273566705
1112808,16.15259113164787
1112819,142.91836627850637
1112824,156.70285761470535
1112827,127.04568205308989
1112851,13.942296632495815
1112950,419.16328077820594
1112961,414.7585894524597
1112962,1883.6856161937474
1113019,122.51173539717092
1113039,49.4658898307026
1113063,30.666966792551612
1113088,676.0994868058041
1113104,97.59099556108421
1113123,39.76886604065093
1113139,46.85056448693936
1113140,407.2373069099954
1113146,67.78463204241969
1113149,784.4940411089699
1113155,315.08409071079456
1113162,74.25133361170445
1113170,41.49286323265085
1113235,54.0339894923955
1113253,1070.7597526314398
1113318,31.688047097799014
1113345,388.1180096751783
1113366,54.1313267459224
1113377,197.3867582025181
1113406,343.02848462427954
1113423,168.37822828354206
1113433,95.2961019665326
1113434,115.62712478496884
1113435,229.8380759989094
1113492,1085.4723142584546
1113498,403.76464359476745
1113523,225.74318595599922
1113528,145.1475443675865
1113545,2111.4015639549375
1113550,228.64474484456457
1113557,13.911992812905083
1113562,17.464912170600833
1113566,15.687678835707986
1113589,85.49701904015721
1113611,103.2818010167309
1113612,71.32868445420826
1113616,290.4721175940451
1113630,68.73026834703491
1113641,238.54364631427836
1113656,74.39105743049024
1113679,214.33177901810137
1113685,281.6173316407969
1113687,48.22313775466657
1113702,465.17878505649213
1113723,72.36580440352698
1113748,27.931090546402675
1113754,127.22128586745147
1113809,157.15662238487133
1113836,208.3311721715886
1113838,68.65653902060208
1113888,218.0439083129943
1113889,638.7772461821183
1113898,442.73590156138636
1113910,32.367489619627406
1113928,81.3864114844824
1113947,88.02095595744241
1113951,148.29036096974434
1113981,450.03919755788434
1114022,22.592360244077348
1114030,540.0792357300152
1114035,83.79097264365764
1114069,58.11463234176609
1114099,245.15580914075264
1114108,11.943974194858418
1114122,112.54331330063924
1114154,150.23642415934572
1114177,98.39206997515299
1114185,304.4051433202822
1114189,10.591780972237265
1114215,31.381118861651462
1114235,417.43727779524477
1114236,182.8790019582809
1114245,293.7717320941996
1114250,20.47362341455092
1114271,713.3484298470307
1114280,18.129501652673234
1114301,586.9087705128153
1114322,549.5267611419648
1114325,14.907232904136565
1114342,20.821174973546615
1114349,21.21496936428941
1114376,147.10748717500465
1114381,194.6919696632241
1114401,103.43106252416332
1114402,976.4387832142373
1114413,215.22452191283162
1114439,390.6196225746162
1114499,80.50819491113863
1114519,198.04454526807143
1114521,137.90886094224746
1114529,97.58729343461195
1114558,67.64242877001678
1114571,13.566967269554498
1114584,29.8308017790462
1114607,72.47080688723399
1114608,314.5150265119536
1114635,374.4782666751694
1114637,102.79496691609825
1114649,105.87416755074406
1114666,91.12814751563299
1114726,131.88293136779015
1114748,36.46009881562447
1114751,239.0219164478665
1114758,1758.9258720834764
1114780,112.74181339154926
1114784,357.2368516162255
1114795,1184.2597214930722
1114802,93.56983157921661
1114825,2.558368654056876
1114827,29.83401526822373
1114835,317.8628701951827
1114839,30.4949224272642
1114869,105.32678995067823
1114881,44.81588602270665
1114886,167.4362707634142
1114889,164.42173726951765
1114903,134.7532320558176
1114943,142.03902940191514
1114965,266.00894708759756
1115000,73.8479160780272
1115005,93.25066435395884
1115016,1648.4326298730678
1115056,403.1439520883355
1115062,397.41966667437464
1115066,142.45093475100802
1115069,42.3142756708753
1115081,718.9887718821831
1115132,131.65071982467342
1115161,974.2082918051276
1115177,275.7160780399011
1115180,419.98845668664916
1115185,393.23804532576895
1115199,86.77282349884065
1115214,487.1312755496717
1115240,72.74338073183525
1115261,37.08825706838646
1115289,45.762570704552644
1115309,448.7720726688287
1115318,258.05381026366086
1115336,35.12511244109366
1115349,91.0171484392451
1115378,22.133652123053064
1115383,64.23103028908577
1115387,33.21569403562917
1115404,28.135145900792907
1115454,88.51170124495731
1115458,34.77105669620474
1115459,180.7003423338483
1115483,363.89581126961366
1115501,306.02925978272856
1115507,27.005755317173396
1115522,274.5383239056489
1115528,11.352472574330827
1115545,134.97325845956726
1115561,162.46723513293682
1115564,9.163302581363249
1115570,689.2593966359146
1115572,338.3010353342898
1115576,225.44998577964367
1115599,149.82483712970316
1115605,1093.3267354629695
1115606,15.23674706580196
1115630,583.0641566284899
1115642,214.28147335797723
1115675,113.71065277727871
1115681,95.24265059936434
1115685,97.90189462208826
1115692,25.840735479376505
1115697,470.43197040981704
1115708,272.4471850860285
1115717,200.66102673314182
1115724,172.58296057418815
1115733,109.49858470825187
1115748,575.719020299599
1115754,223.93823930846267
1115757,38.45100965271247
1115764,235.4980190770909
1115766,75.1886343764674
1115805,810.5285256443082
1115820,22.2496840664218
1115834,139.11299716127212
1115844,102.24373810340714
1115848,94.15456982498726
1115861,152.82613866760056
1115883,211.322986718832
1115897,28.969853274508623
1115906,297.0864703822409
1115907,31.265835254109778
1115922,91.67870200566723
1115930,35.00562136351699
1115935,239.02266372302506
1115937,77.55465600199719
1115944,17.18891031764368
1115966,1065.8387089902108
1115977,221.36661908486974
1115978,36.80700063164821
1115980,139.97312866948485
1115994,717.2412614039835
1116026,154.4263773395223
1116043,253.3756800137694
1116053,355.71078531748924
1116062,49.54314381082149
1116078,16.277216818934377
1116102,2.2574545261868404
1116108,14.872758907995602
1116171,34.27370561237738
1116211,128.1854914552781
1116213,127.85302845109086
1116236,39.64903757622979
1116321,175.86094962655193
1116325,282.3958344118992
1116326,390.5525992186239
1116327,2706.484688568482
1116333,178.87195161559754
1116354,243.53203396582626
1116374,324.1679961151119
1116388,12.22453738441481
1116399,167.62695402145337
1116418,492.2632344587292
1116430,62.93755819756431
1116454,109.23105206634509
1116456,50.96369759425569
1116479,48.455170201343556
1116488,12.545105791561415
1116511,306.31129769962115
1116522,292.30364812950717
1116525,163.94466754021474
1116564,73.36536752507668
1116567,22.090868735290066
1116595,1164.0028935542048
1116597,30.67323666722905
1116620,201.8006052776084
1116633,110.63351448876044
1116674,307.29755808983475
1116704,147.08796890317788
1116729,45.082300086084686
1116753,190.16844089362783
1116791,23.964170051925006
1116803,24.794789895655395
1116819,292.37974265455125
1116828,46.69517827442643
1116834,31.198128062958677
1116835,250.18059570936896
1116838,190.52085460356238
1116853,165.10844311814066
1116856,462.15869881228434
1116883,461.40135211978446
1116900,42.941082613698164
1116914,110.86822073834351
1116916,21.780100455443808
1116922,220.66185938019055
1116946,355.4874421284996
1116984,242.4917514633337
1116990,70.09930102270121
1116992,654.6408182678347
1116996,84.46578815895998
1117008,735.8567752555617
1117017,71.64518040320309
1117031,136.23690426250081
1117036,2356.2023420967516
1117059,34.021295681467684
1117071,74.66762715462889
1117072,523.9012465155239
1117073,32.64971661055066
1117090,13.825443120158095
1117169,66.5349077872585
1117178,502.0140745150502
1117180,861.409861256819
1117216,273.1435220829797
1117229,88.12226410231611
1117230,89.42735258894356
1117249,453.53147275571934
1117255,442.5979678788761
1117265,154.8728962200422
1117271,330.39956716472744
1117272,14.714646510118879
1117290,187.034029682739
1117345,359.9918888986998
1117354,119.27787033364588
1117382,289.09039902740335
1117394,145.62117144477514
1117406,777.9123435709371
1117415,30.493149668260333
1117421,336.9782236927021
1117429,183.4049249386838
1117487,266.59603638364
1117505,726.6307607878396
1117513,23.149373045217917
1117518,672.9740280920158
1117537,302.90945208253584
1117544,517.3924521174979
1117583,375.91182922203086
1117593,349.5290659118392
1117594,696.2631533745108
1117604,158.6493518246235
1117606,261.836690377019
1117633,168.4529353580632
1117672,1792.3005406999318
1117711,13.859226580180971
1117757,14.2544238797109
1117758,119.29747895626295
1117763,236.2662569532342
1117768,155.2576443546488
1117788,173.68797357382095
1117812,6.236163476075761
1117823,433.03470558602845
1117835,55.343608281268764
1117852,13.22362325033917
1117868,294.60578076443926
1117884,202.92999969395376
1117887,203.28270048038266
1117896,31.915281520517695
1117909,408.34015447332405
1117910,256.45712248477173
1117913,809.3321918209017
1117920,228.15704537377482
1117923,121.8815174939831
1117929,88.88562676906
1117959,86.88384221924677
1117969,134.12443820033775
1117970,73.8567632888094
1117973,19.97138445617908
1117989,105.44081662568156
1118019,249.77804448650548
1118030,15.73028367262851
1118042,1069.037408595446
1118053,182.24946637319812
1118069,0.18565501405584803
1118081,308.9036753313449
1118090,315.4176312624486
1118094,90.25368667740888
1118109,36.61593626121052
1118117,170.65312751396561
1118148,40.34848754227287
1118152,39.889329651580816
1118153,53.6468737745743
1118156,83.93158486297797
1118194,39.88656588839271
1118212,40.669527405799506
1118213,16.827511634502653
1118218,28.54124645569395
1118223,235.8899245003022
1118227,806.8452968376304
1118231,179.25144725191035
1118233,23.476464524105413
1118236,62.92195373782116
1118245,260.1822976149965
1118263,12.553651989340695
1118334,562.4070546337076
1118377,226.36528761650874
1118412,145.08525526535956
1118413,90.16387996230034
1118423,39.92166630205289
1118431,123.73146220644077
1118433,242.03991596597376
1118447,68.94024383491505
1118461,160.6427780218171
1118472,267.68790761361475
1118490,40.931458903580236
1118499,106.44707631598509
1118519,240.9122214187727
1118544,704.5697352609521
1118546,60.598152573472596
1118582,122.96230092690519
1118587,7.169518717785531
1118613,36.597277347034854
1118619,181.0104762181902
1118621,1046.733463885508
1118637,16.375049566693235
1118651,45.38124392021602
1118654,500.08205818273285
1118664,216.49076109305966
1118679,857.5500456620085
1118685,22.5584471799332
1118702,46.06755726663089
1118707,174.71161038015666
1118718,670.9465852573412
1118719,16.83754906424661
1118760,375.97516285898257
1118778,1.49309172996472
1118795,405.57609248767386
1118797,395.4369034751626
1118823,181.9149598710977
1118832,413.5910518350609
1118851,153.83152855016561
1118886,80.60491020007593
1118887,26.409688764538515
1118931,164.51974895814425
1119000,27.95111207871664
1119021,140.98613571805717
1119057,102.12726633411772
1119080,305.2643038068333
1119152,37.75168113057471
1119155,18.164423193100294
1119159,78.37296050939496
1119175,84.6807311544679
1119188,167.8344827884106
1119217,52.24518261034085
1119237,223.62651488870756
1119251,46.94887333707107
1119268,102.10327050670926
1119279,216.22030684754512
1119297,211.26457915926235
1119341,56.68045342724976
1119344,31.81480858246616
1119382,224.32143345304877
1119395,120.97061705539471
1119422,95.68912614870399
1119425,487.0526968746866
1119440,85.59961221642165
1119462,105.2383052056872
1119464,596.9004126035246
1119476,753.2139737320911
1119480,192.6590983275842
1119483,54.54221243817068
1119487,2399.0326603268786
1119490,36.86741821314678
1119491,121.88940615826576
1119492,48.993770580248984
1119525,362.71709118531294
1119531,361.9262102142671
1119538,14.325089127487223
1119550,15.422236295550642
1119553,35.796804934801216
1119592,157.880779529166
1119599,59.96911831050291
1119609,43.674678462665824
1119638,133.52451861860786
1119648,101.24707432401047
1119650,41.1566746003659
1119655,54.19018065976783
1119669,13.400536427757824
1119679,21.366075831846736
1119683,240.59093373044792
1119688,162.44782077913092
1119698,21.672650492604742
1119709,92.1027296489454
1119724,1.793649929041982
1119729,384.75992643784065
1119745,291.5767447700346
1119772,256.5367487841619
1119781,85.35660070663096
1119799,43.78025492433373
1119849,12.515020226830053
1119851,174.27850784311286
1119858,163.52524727018883
1119868,199.81320615878747
1119869,457.72387630832844
1119877,372.67784170806164
1119881,83.29306589137371
1119887,6.592044374403493
1119891,42.872210847069184
1119919,162.6274595780463
1119932,36.19233569950702
1119951,71.35472746044402
1119959,96.25146215432174
1119962,175.61982898985917
1119975,245.26545719503522
1120011,22.913960461165775
1120015,11.449131154946935
1120019,6.021089241851152
1120021,538.696539537185
1120043,70.70868639028468
1120047,106.41760753735096
1120072,453.4896810774542
1120074,470.97832048005847
1120076,185.53741344747806
1120103,64.1729635381526
1120109,209.0081498295376
1120131,47.73053925398331
1120159,147.29449689414128
1120175,104.14541244572072
1120199,618.5389731714155
1120206,143.72223705217374
1120213,439.0444343745359
1120215,255.9945330075294
1120227,107.20332083406608
1120237,11.287591418814207
1120250,78.20366004819532
1120268,71.10860427328939
1120318,152.8271433335164
1120329,397.7329789923556
1120331,28.41590214092079
1120392,363.1919872364218
1120407,206.42461146408687
1120418,71.13300854220434
1120430,139.2993937704132
1120441,212.61009290896234
1120442,111.20817691977257
1120515,112.64897515221256
1120533,24.549109263827066
1120550,11.540198101663478
1120552,57.51767892295993
1120564,12.933390702013009
1120570,55.021575532166345
1120598,57.572439557383944
1120599,126.30999784892494
1120606,2756.064735531795
1120639,54.45862657799467
1120664,61.60188811981492
1120697,72.63888272347623
1120717,133.0476066510956
1120723,193.42467510427545
1120725,529.202312805277
1120747,163.84414674266773
1120774,35.76240879911557
1120782,198.758328244291
1120799,70.56151234152162
1120804,22.788890214189703
1120815,403.8501546829118
1120819,410.6615198141901
1120835,57.22875170137797
1120848,357.39162449586655
1120855,50.37362003046066
1120872,31.20897273747853
1120877,407.0195622471127
1120902,1128.981779962886
1120903,73.2513913585909
1120911,158.74936925188317
1120923,154.3678052442085
1120927,167.18833713737
1120940,483.4717944102619
1120980,24.91339546700615
1121022,160.84236378275435
1121055,33.766602901484774
1121088,67.99346645779667
1121108,82.70520165378464
1121115,442.52430433110027
1121116,182.53551314398828
1121159,11.732508498030603
1121169,66.93227237926594
1121174,15.696274450068286
1121206,108.06082995809398
1121211,88.14762871307057
1121215,311.5057603279132
1121260,281.7083209312157
1121263,102.63125170280122
1121296,24.992483499558197
1121323,116.6089586829408
1121324,322.2665305695768
1121352,76.11902241986155
1121365,57.850144426735056
1121390,590.3088000736498
1121415,207.03503734388096
1121434,441.99774634568166
1121456,11.636984334198841
1121467,477.28063689492427
1121472,23.003561532141887
1121475,20.092276305784647
1121476,131.5524791128368
1121489,181.6351348417274
1121493,142.03166335648223
1121534,100.69495723200579
1121542,71.24247960008589
1121544,59.17837090321065
1121561,11.282363447125165
1121593,480.4692777728981
1121620,43.7585165059312
1121635,659.1460694124262
1121637,581.0640399375117
1121665,14.269987561124521
1121684,423.8135825957483
1121701,16.244211802603022
1121717,481.0994765018553
1121765,543.2442550304991
1121782,87.10294977846519
1121802,343.5355509213045
1121810,820.2998039690531
1121842,28.93958468922659
1121861,60.72130040639828
1121882,66.77446706362062
1121896,253.1664826861268
1121929,200.98720728162232
1121941,482.37913154192745
1121948,37.438875809179244
1121953,309.6385107053372
1121979,27.650883574451957
1121988,445.49190594769556
1121990,81.72226652804805
1122068,16.767426737886858
1122080,51.402918748733846
1122083,395.01434033116396
1122106,922.5948665074944
1122155,12.898433116705654
1122156,7.031803316053319
1122163,251.11292419345568
1122164,41.14236636297784
1122166,19.352069239430456
1122208,967.6515151401849
1122214,126.42771272765204
1122220,121.18646342314173
1122246,63.38271397522107
1122277,73.83677484492661
1122286,505.1423603489099
1122296,32.029521893990896
1122299,77.12957139344219
1122331,47.3856699417128
1122374,13.443819460912168
1122401,55.77727118414137
1122408,112.857855720029
1122414,1.530121564700664
1122416,136.2206062919637
1122463,503.13286106509486
1122466,739.8491984185667
1122492,19.225547134441918
1122503,273.3856172939217
1122525,392.18182533966035
1122526,244.40804697384095
1122553,200.86053660410172
1122567,180.84554756099763
1122583,74.40272863150797
1122586,25.716978559019637
1122589,84.36827717736642
1122590,146.9065543911147
1122608,111.35977047949167
1122637,166.79854199515185
1122641,66.56611087055283
1122653,67.96565446481793
1122672,0.030754777111282525
1122674,309.7942408946457
1122707,297.5841874371548
1122710,360.5457868777089
1122711,149.70720100425848
1122716,47.60699797434176
1122743,89.77187295668844
1122805,46.919025467541445
1122806,207.75782707525107
1122832,42.312702866805
1122837,189.15407138193038
1122843,114.64546452617422
1122846,340.92005157052415
1122865,128.27410252766964
1122867,460.72417129356717
1122897,340.5664758125117
1122933,315.4643420229214
1122935,884.3561419057302
1122942,44.597952761853904
1122945,174.81246913411363
1122956,234.01923280747323
1122970,42.07234716711645
1122981,195.99170079114856
1122982,73.84951783602382
1123031,11.287607573151586
1123096,12.96636560495423
1123101,37.674879856814194
1123106,181.9746307226454
1123111,216.67336528951824
1123130,141.00441204798796
1123137,366.8054020277705
1123142,155.90136312769104
1123143,15.206487126327062
1123146,594.9323280214978
1123207,43.53125348377155
1123214,1548.6640316441872
1123237,32.53895923252653
1123239,196.83531136786976
1123242,28.47146187536081
1123252,188.38531520561045
1123285,3101.712335821188
1123301,87.7540134405706
1123307,189.70706404949087
1123336,52.94433237577658
1123342,45.77060616933011
1123371,341.77578177298574
1123384,70.74601776186837
1123390,109.37067792994736
1123396,114.9144070276618
1123405,44.07124638927586
1123456,199.9761269510376
1123458,237.01859484566575
1123469,58.43372183309424
1123472,298.2835737331863
1123493,74.72532166620576
1123496,217.68602264032995
1123521,119.50654694779168
1123524,305.92278047991675
1123527,456.7122886974396
1123531,137.4805418678858
1123578,91.49376607268212
1123580,138.66856523720634
1123588,13.38150606615443
1123593,167.37286723355905
1123603,225.43028829769221
1123612,44.96930291097048
1123616,235.8803885064196
1123645,201.54062658396285
1123649,297.03265504130286
1123675,113.32525906621036
1123687,29.744474238626708
1123692,1285.9424635297228
1123698,125.12346509706683
1123716,196.13509594569413
1123723,194.9795277807785
1123735,18.713900099070642
1123740,437.9728289127256
1123761,61.635619669982276
1123762,422.84206130860434
1123768,246.77036369565062
1123773,119.38613974853978
1123788,114.51393502867482
1123801,403.8457019793003
1123939,25.06322648081985
1123940,106.55758293584218
1123946,258.94324240512816
1123959,66.27468327188565
1123969,414.308835949763
1123975,10.119208656419492
1123997,48.15679248056186
1123998,119.18356257235166
1123999,67.70933376085519
1124007,48.424461251840164
1124009,283.3326846227593
1124041,114.18823603710196
1124042,118.10231522731733
1124052,211.32567202409857
1124103,301.86957514221706
1124122,643.9635294649397
1124137,138.9038551895164
1124262,235.02705270308763
1124263,687.2259250597225
1124283,1031.0410642737297
1124284,110.32040214103334
1124300,235.32540740933752
1124304,360.94539172324727
1124343,39.63742586796946
1124415,2903.7464156861797
1124427,37.081284052572094
1124445,0.0
1124451,73.16965454904782
1124463,294.2274875045561
1124487,253.83325439417447
1124497,558.810564943323
1124507,108.58375754227437
1124512,209.20563813158333
1124519,587.8031333828677
1124524,53.0747922833093
1124544,188.17433119201868
1124545,25.409454147519888
1124573,175.3150434931497
1124574,38.48656429040991
1124593,615.6457156800403
1124599,525.3838321127679
1124601,24.82174202466028
1124612,139.16511901809278
1124619,19.242932003918316
1124620,534.0491036959147
1124624,32.11462405699176
1124635,44.42188190276848
1124650,159.72918680468288
1124659,1025.7693449077492
1124673,13.137796773826286
1124674,235.54087458806794
1124678,0.0
1124690,266.7960150551914
1124696,84.41948573305717
1124700,128.9419526648622
1124713,197.45941598534438
1124731,40.34906082570493
1124751,539.4638191718251
1124837,95.82358209050909
1124862,50.89369708171319
1124932,132.34699743561652
1124945,26.141671068999226
1124970,302.0262516436854
1124985,62.65975749552615
1124988,2076.8285955499264
1124996,382.03786424792196
1125014,34.28805888190075
1125018,32.95724356083251
1125019,171.23060341908368
1125034,1277.029303769819
1125038,426.9349291959394
1125057,430.6087639975132
1125114,24.13363904624216
1125120,59.36133958913064
1125124,88.26856239932376
1125151,958.4276704533768
1125176,40.889914293906834
1125197,22.155136134166483
1125203,62.14755242542901
1125205,1138.517039837313
1125207,356.90891569626297
1125215,1281.624378029134
1125217,7.770127947775742
1125244,92.41663113532847
1125250,741.8335267215931
1125254,82.52179137517565
1125260,312.67457307083686
1125271,109.17490493221258
1125302,15.364699538230179
1125314,212.78130284983504
1125326,306.5265513795817
1125328,8.249251353516467
1125330,176.02860751822152
1125353,145.12125663515803
1125354,4.91854969846407
1125357,107.45736278760562
1125362,100.15171007466829
1125403,392.65570634280135
1125415,109.40062525860066
1125431,844.196926475231
1125457,155.20478498328703
1125481,60.76692923491466
1125502,824.391981582347
1125510,211.77636381747794
1125550,18.570813718851753
1125554,196.33057634188208
1125602,238.46542296804643
1125618,25.602214702569157
1125619,30.779756787384382
1125626,235.98993373322222
1125632,607.1487432561621
1125663,176.14617766603996
1125670,55.06300503968233
1125676,205.6376225154998
1125678,133.51513927629895
1125681,78.49345455226602
1125717,14.535198193553205
1125745,79.10333579878473
1125817,260.8066096549822
1125818,228.48697235883623
1125820,91.27310043668359
1125834,505.5604063022814
1125836,407.1070035496753
1125848,248.23205151513233
1125886,457.74978586163195
1125901,312.79147032612906
1125915,269.7427613102702
1125921,111.96295024821436
1125927,44.84686834344608
1125938,355.61344557945296
1125955,161.49702948770405
1125965,33.45507418595398
1125996,54.47827460774322
1126025,34.63038760892091
1126038,35.82964272582638
1126045,23.997580406024362
1126061,117.51994483221478
1126069,64.42566879975755
1126082,70.89278755467106
1126089,28.666711517638653
1126102,530.2082577271417
1126109,9.906072913983431
1126127,91.54815812537397
1126128,67.65727611101825
1126137,47.34277827442934
1126149,173.59552312292422
1126164,11.54172585583938
1126189,39.32341993495075
1126206,54.585562103794665
1126214,60.67985704847321
1126260,91.50633828823052
1126270,420.25186600132713
1126286,227.46052678880972
1126294,170.49004485460907
1126295,1401.5527497146632
1126299,119.20801415664896
1126306,184.87770901695217
1126332,512.174504517159
1126370,133.26067866091486
1126396,1129.031202206736
1126416,21.999447620979478
1126452,196.54381270406242
1126466,45.97579048244735
1126475,54.364696750524004
1126491,1355.3036937486786
1126504,142.72749650066825
1126514,28.997107250654373
1126519,603.2145545731673
1126539,195.3200170047779
1126546,430.33431205886114
1126581,103.25103606472588
1126583,35.46868311623626
1126584,53.57275508163895
1126587,118.0957338471047
1126590,31.60538745504557
1126592,171.8811004578753
1126623,171.05526495250314
1126635,64.5532382318275
1126645,142.1159645064448
1126656,14.853149473799169
1126706,290.26230247831523
1126729,20.297691934306577
1126737,532.7573397653422
1126741,40.56092258692474
1126746,287.70313978680804
1126752,924.7020561177806
1126772,263.8889402988957
1126786,44.10015111884319
1126860,103.14683621773993
1126864,142.53046405710714
1126893,137.8122780739255
1126912,44.809994853246664
1126918,707.1684479692601
1126925,178.00395925115373
1126940,913.3773117611017
1126946,57.59468352086178
1126947,110.2178276684167
1126975,19.731994643608257
1126990,420.51614880864446
1127001,385.3587060265454
1127003,382.4654237933966
1127032,528.591990412831
1127039,12.256644270051385
1127043,75.51631564271169
1127057,31.860499231022327
1127074,111.34615471927864
1127095,206.15917619834119
1127141,322.60221075751224
1127161,77.2972796200528
1127166,17.3274016075039
1127204,149.01042945361
1127237,138.37588279187486
1127289,67.12041527514211
1127290,147.18145822770347
1127292,20.655267279995524
1127296,67.57089690057403
1127302,374.70016753493564
1127311,83.51380833856727
1127315,325.3413663768385
1127343,436.4423415333902
1127368,0.0
1127373,20.757770513309854
1127397,11.740275692503873
1127406,127.1947325443108
1127415,190.636561356064
1127418,374.5534458261168
1127426,26.101150594155836
1127451,104.47220633766858
1127458,1.5208322331280586
1127473,16.068577137095048
1127484,31.956288896631566
1127512,0.0
1127530,44.26061683271072
1127531,33.819046034952216
1127538,36.216305364350134
1127551,48.03715291735829
1127567,34.44339688060049
1127586,146.93970090444594
1127606,203.9989363033718
1127608,175.23057980668474
1127622,28.96621428255617
1127637,207.98996181723055
1127643,178.18959510814227
1127659,60.55208927503198
1127666,71.16245432987631
1127680,138.01176447491173
1127683,58.981898578934235
1127689,444.5891784982674
1127728,318.5064637315118
1127745,195.83935891298148
1127755,445.3128956710796
1127792,170.74937858497486
1127793,19.34152762619246
1127841,345.622279972868
1127853,276.3220916884802
1127856,496.86182012170815
1127908,103.92142915754505
1127930,100.70438682471193
1127933,246.8327823156977
1127936,1355.0673388226176
1127961,17.41222438417349
1127975,188.35267829894883
1128007,216.0285324835646
1128016,132.2545477523013
1128032,11.492002461788731
1128043,828.3300255593682
1128096,166.0638695561018
1128118,118.2629399964557
1128126,25.842541001860138
1128131,151.0534108681391
1128146,20.985008822714715
1128160,320.8786670452136
1128180,6.557320894444146
1128198,117.23278905698193
1128200,120.43090953925248
1128210,138.44873014218004
1128244,52.81383853050035
1128260,104.11073330969923
1128265,38.83347046088998
1128271,122.58468275603755
1128300,161.53418837924278
1128321,43.29116648712786
1128323,425.48406937359584
1128343,90.6148433015041
1128357,30.281581291640723
1128363,102.95379016584677
1128364,115.09047429314717
1128376,10.852378116158722
1128378,130.49513480923466
1128383,22.70249113535059
1128401,56.36346982410074
1128404,52.63344895411956
1128406,699.2541922828219
1128407,39.48730096265757
1128418,67.42723730731358
1128430,63.45430328033893
1128432,204.3614315204219
1128433,690.5432835721933
1128435,23.024726542992205
1128443,19.64988250041744
1128508,267.03979688106836
1128513,111.79071205673924
1128539,151.6442743833719
1128557,125.44430231668248
1128571,161.9750968314865
1128577,112.22144431723704
1128581,43.31601662585834
1128597,128.56857491506236
1128618,195.94016178742845
1128636,57.54601510455672
1128675,145.53695515445662
1128689,10.458333281284807
1128691,17.87524987548894
1128705,35.04504377481316
1128710,114.99325435513678
1128774,52.95124205163192
1128779,93.44962897826345
1128791,54.27912995982232
1128793,28.573169804242493
1128795,980.6427020987612
1128826,114.59543756844141
1128832,1176.0341248051216
1128843,97.81039884881325
1128850,2474.3855270549134
1128860,200.96250670155464
1128880,8.942233707394736
1128910,26.685720228230082
1128915,77.40600006359509
1128930,61.85307698338561
1128942,108.02124363501487
1128963,63.25157722229643
1128983,217.35659231551142
1128989,176.02158350032883
1128999,6.686677890654145
1129005,1049.7111658134268
1129006,290.2213177849532
1129020,15.749740763720052
1129026,26.45808903554444
1129044,40.842015809026385
1129081,1691.9344064388567
1129132,126.82662520034269
1129168,354.8503756105037
1129172,139.4125956831474
1129187,84.19277168934934
1129265,69.16509398132264
1129290,16.914897804757953
1129309,46.63574804372423
1129316,46.74263162962805
1129340,162.4599075393336
1129361,45.68878791007255
1129388,47.85699245008998
1129395,333.1835069355208
1129402,93.29316420327396
1129429,1.670878628750529
1129462,623.9272381444712
1129467,815.3248516237652
1129473,158.11366214862016
1129487,76.45623657085864
1129500,60.723104882747585
1129508,207.94201030850417
1129511,575.3750801904625
1129512,62.01033929944905
1129536,134.55910532543706
1129548,154.87848835777186
1129549,83.16697353180511
1129558,72.49615906691247
1129603,254.75194375834278
1129604,224.13400448532727
1129605,189.25556855718398
1129615,17.019185260307484
1129620,186.6725030324945
1129628,20.419881549857894
1129631,124.60860626139701
1129632,30.813578653926342
1129647,182.7525982052409
1129652,52.61829822929569
1129687,175.61556711394132
1129706,106.33635455985737
1129707,479.07274182794464
1129712,839.9201527470227
1129714,175.86039182886742
1129722,311.9413877295012
1129742,45.00167503176256
1129747,23.453318625984632
1129751,171.71210418970657
1129758,15.33186532867103
1129761,165.9412056183656
1129769,165.98738163200542
1129795,477.7230690945356
1129825,116.26695759025564
1129849,441.29942426677104
1129865,6.587462907429501
1129872,186.20226535939153
1129879,1015.0656291346816
1129897,42.729752794676685
1129900,298.4001874808439
1129914,152.6526816003724
1129929,579.1040745180978
1129935,94.69054308546023
1129955,298.04211513275465
1129977,135.12350910253463
1130000,28.40049625072193
1130025,467.6607657110281
1130037,676.5180400483355
1130038,1231.7263684640877
1130081,48.541727244446726
1130092,460.31713583297295
1130102,201.23015819115955
1130121,23.272126822378105
1130148,160.1419294730809
1130150,100.21831323289672
1130157,156.92938474550675
1130159,257.3068396384967
1130199,50.894269742576284
1130206,11.695360847934122
1130227,181.30782424458263
1130233,61.89751876785544
1130244,60.143970510544136
1130256,31.798539081139364
1130262,132.04987372320613
1130285,121.69807888525357
1130316,256.34036082586414
1130326,20.51671572450224
1130338,99.39518151978011
1130340,54.20363089305017
1130360,130.855458417214
1130404,40.07204179455505
1130416,363.3528275106765
1130424,263.3887433990586
1130427,44.87023768721989
1130479,38.32477182252886
1130480,456.84201299491593
1130481,26.661627130082653
1130482,635.7045930462111
1130490,27.264417641163003
1130528,1563.159890840723
1130535,93.43684636421686
1130546,517.4317002319505
1130549,29.801747993272464
1130559,404.38943515672827
1130574,113.0845671441521
1130577,517.0480885824173
1130600,314.2724759353003
1130619,523.8192746810798
1130627,43.834486590144216
1130635,172.55037120869278
1130649,91.59482628974601
1130658,301.13875379062387
1130663,13.181272270373066
1130670,61.95333218976737
1130685,374.4080283624082
1130721,252.7651355529728
1130724,199.63006077384497
1130725,69.91528062403593
1130726,40.542173544395695
1130731,395.1856475931201
1130736,585.1651232905524
1130738,44.16671765099347
1130746,208.59835194641465
1130751,122.77995841008996
1130779,829.5857697347288
1130786,18.499758559624812
1130814,97.3701178437383
1130820,959.7625662466617
1130825,78.00367072750716
1130835,133.7600025868305
1130883,79.81333364610414
1130885,13.220953325510742
1130888,1757.0810721319829
1130890,519.3401863342775
1130901,164.1493075652764
1130917,267.382626145286
1130959,144.76804266727848
1130968,1.8417254542699666
1131015,119.24272948114964
1131022,106.5930071019466
1131039,78.20893055223198
1131071,57.509449233612855
1131135,97.0557009987947
1131144,70.32773545380125
1131145,126.0922087413409
1131155,68.37815533950375
1131156,46.63011243030657
1131169,199.0132074580336
1131178,296.3325016760803
1131198,497.5589955970109
1131213,257.8502423003754
1131248,25.06097938760457
1131282,464.2207705694987
1131289,146.0780678602231
1131296,58.23914501846826
1131297,35.688819416919145
1131319,167.03205633280044
1131331,354.0751962431065
1131342,64.51000978188216
1131373,15.157719574820208
1131404,37.60429329069869
1131405,379.7900858852312
1131459,554.6710616471946
1131461,295.7589112754214
1131468,29.23045731446458
1131507,129.65685172896337
1131518,68.88799047405976
1131529,44.4657731148705
1131530,36.120044742109364
1131538,514.2069733222258
1131539,30.49949715809502
1131544,354.86486912330037
1131551,55.08070887341466
1131553,635.9677595634762
1131561,40.589020876712695
1131581,106.48307086586297
1131586,29.95536178351367
1131610,12.731102147792937
1131618,166.72428020201153
1131633,324.6005678158352
1131655,21.087506125891405
1131668,33.12443561893669
1131674,190.93963277768466
1131692,346.84396531712963
1131712,343.8433192402285
1131716,5.930098840175516
1131741,198.6721101428498
1131747,56.3722790050127
1131755,28.785878634538882
1131763,43.053489709107076
1131770,152.30378522233613
1131780,147.00449857338418
1131800,31.493685424921075
1131807,747.3580051801076
1131821,107.84049771044795
1131831,628.2689380648936
1131842,58.132782367557546
1131843,77.5867841270231
1131845,93.8717906740657
1131852,27.522807577738238
1131866,40.8682014627961
1131911,82.54155508572933
1131919,634.0573703126854
1131938,547.5799272670889
1131958,89.39083060893509
1131960,363.79177382341675
1131961,133.68206665336587
1131973,127.52533830466992
1131994,110.58519128954931
1131997,34.66081670283396
1132022,78.56814238688092
1132041,83.43605527265348
1132047,118.19812627299169
1132084,207.7659472463806
1132104,31.373677427798395
1132112,106.14041680113051
1132122,233.33923347868682
1132139,424.94861443562786
1132152,114.94848005775255
1132160,14.853727064136912
1132187,324.40001431905665
1132197,358.77468907227336
1132214,219.44686493117842
1132246,123.25505640048924
1132252,139.4384601210876
1132261,104.21276967578845
1132288,60.60041819483617
1132296,432.5054400587277
1132303,84.74682642700297
1132304,22.19159382757649
1132306,121.55643141854638
1132317,723.5587761653089
1132323,146.46226029933308
1132325,325.0938637449864
1132342,321.69885586687724
1132370,29.54626476930612
1132414,39.31256003412401
1132416,936.0979441091569
1132421,170.0143332778635
1132437,860.8300271768416
1132453,207.20617796687887
1132474,134.96608449275985
1132502,42.98155204957616
1132512,523.2158500142386
1132518,78.80231030993212
1132521,92.79557460384751
1132536,45.423014835186976
1132553,18.26068981601677
1132573,686.341778563612
1132590,39.88742975469011
1132599,33.01658453683457
1132616,33.34365354775156
1132630,138.8565697106623
1132636,773.3296862562925
1132637,31.243874133182963
1132673,126.0782654006445
1132676,489.4459398537441
1132690,14.797873901798804
1132706,276.2616262402095
1132739,199.80610538684692
1132759,270.00634843008766
1132769,106.64061235946302
1132794,221.09837861494933
1132798,177.3215425580886
1132799,46.18573520358192
1132811,196.25922585869233
1132812,112.96491268590471
1132871,390.9454370679752
1132971,183.79401154879378
1132973,337.64802698500796
1133017,0.007082064280931796
1133018,254.90757005040498
1133029,390.410124008398
1133031,31.677022201313402
1133034,35.082318316631806
1133040,16.91048017415555
1133047,263.9040316318176
1133053,90.50603912634993
1133067,349.54021450272785
1133091,256.2213702152739
1133114,210.31564667409515
1133119,2.011828594188877
1133144,35.33051048638258
1133154,169.10740830838137
1133161,32.60699522356836
1133180,262.3684242505979
1133184,1411.5864299695434
1133186,135.0098281365304
1133192,251.7515492760313
1133252,199.68974067427726
1133254,325.1146151427838
1133258,359.19354518267266
1133290,21.144398421323107
1133297,298.62652130909305
1133318,32.60759024181561
1133327,502.9740986243082
1133330,124.87288470455287
1133342,32.633585369346655
1133355,27.356842204595075
1133369,49.69322729008065
1133390,55.59223842864227
1133401,99.84047454866203
1133414,41.16823767258288
1133418,170.50321000218386
1133468,14.041872639323145
1133501,88.85771301693545
1133545,860.3050948381789
1133560,99.17546474521087
1133574,86.59131402667332
1133587,28.828432674488234
1133590,258.0302530743901
1133607,963.9779535510945
1133636,531.1029779026525
1133637,120.05114095070046
1133642,109.31197248905588
1133643,23.868717914295935
1133657,197.54888421230063
1133666,657.4522499750965
1133680,84.91921135598892
1133681,12.668462279901968
1133698,42.67706058706551
1133718,22.15612001031474
1133732,17.95545427636075
1133734,1077.2539048136666
1133739,87.29980343219052
1133750,173.0816532962562
1133753,9.237464404932876
1133760,67.78820314154974
1133779,67.81167194619452
1133824,60.94184263541063
1133854,87.60549179023847
1133908,642.221094263596
1133931,41.06326769022344
1133933,168.29116912903723
1133943,112.12858028725181
1133951,1204.0598485172509
1133957,143.5563401583641
1133958,32.28874287676531
1133975,406.1939522161353
1133994,62.85295617193211
1134014,310.93788024824676
1134018,13.900905898626393
1134020,47.19172933650166
1134036,173.04218457606788
1134038,441.68018172949235
1134065,289.18186714844234
1134075,106.3630183289994
1134077,31.57532987301943
1134125,130.79538504862336
1134128,481.1442238708757
1134168,78.09709170405523
1134200,153.97148395303256
1134201,84.63131139731584
1134215,172.81030986495082
1134217,45.92242162324418
1134227,17.736670204431906
1134238,34.69753472734587
1134259,95.58966904633618
1134271,289.44719462839385
1134300,108.44813310149149
1134301,99.16667312487908
1134348,15.381329886465474
1134359,265.7459196236483
1134369,101.45669978898239
1134380,71.38029203604297
1134421,101.90733596662905
1134426,353.1878822253014
1134437,38.69103154019855
1134444,308.2750472159895
1134459,1358.0425378349478
1134462,52.65165468486225
1134484,66.21944065771676
1134494,108.50764293957226
1134530,197.2567310340017
1134540,153.46249191611827
1134544,162.82705483609695
1134558,145.95745641802492
1134580,241.1459346294918
1134606,73.35279167304104
1134647,95.93412959136765
1134658,160.4549611552801
1134672,479.72387822321076
1134676,129.3533461290288
1134692,58.85807029125316
1134701,463.49954859223413
1134711,381.16620049141983
1134734,77.54437113624662
1134748,209.0296820150986
1134764,183.03477570413665
1134765,31.92381125180249
1134786,1643.684959388382
1134852,1568.6805143539482
1134877,171.99285755448744
1134896,142.1753350402771
1134901,10.032429152772
1134905,159.68415127835658
1134918,81.60539299550456
1134920,50.64782382457721
1134961,22.760721365942533
1134987,90.16791171858723
1134994,48.453115469249376
1134995,38.47259632771019
1135009,68.42536665482524
1135015,123.68272115973791
1135028,70.63595742503256
1135029,415.74806154930604
1135041,124.9463223107753
1135055,14.010713428741498
1135082,239.94028346666298
1135110,132.74529034446886
1135133,266.6230108749016
1135134,117.25666972268706
1135164,407.24251921692365
1135179,212.33995810054859
1135202,170.48949190811146
1135228,28.329694587808884
1135243,114.59013922503974
1135287,45.7269236705345
1135295,62.44054168055059
1135300,172.7655810850549
1135306,75.10882586273968
1135341,213.38873575424492
1135371,142.75424295664482
1135395,84.91671426453985
1135400,536.4312842163818
1135403,90.23373514042179
1135404,115.65412723153834
1135420,115.53156978890144
1135475,67.917023269246
1135487,192.48466726809858
1135503,28.59129236219118
1135504,17.313421968753097
1135508,349.9559918224329
1135509,380.5316462663023
1135520,260.8467525822953
1135533,402.3531477274986
1135545,121.23216559323774
1135573,19.66786322753102
1135583,177.4450284359822
1135584,33.87400382572834
1135586,346.38959490931063
1135607,303.8179153432027
1135634,544.8618404219284
1135656,137.08315458230422
1135659,428.30783731695885
1135688,847.0116340707442
1135715,21.383209475655434
1135723,342.2028699701876
1135737,420.4274963858921
1135738,763.8370715892698
1135750,25.070775133490923
1135752,33.85953661637225
1135766,44.25633500268134
1135792,69.89495641561265
1135794,47.09788892239586
1135795,107.44466987902622
1135820,164.2050947820104
1135823,47.30065390683414
1135844,11.90329711136577
1135850,76.42963570779986
1135854,246.3370101170954
1135861,12.423210684978418
1135907,361.5252778633676
1135939,288.5556623790563
1135964,54.90062272340733
1135977,280.41607689409955
1136004,122.69069363795049
1136010,229.4595711433208
1136023,16.590660170730086
1136027,141.68388438673216
1136040,241.65929173739747
1136080,247.79548604804214
1136100,64.31469898164683
1136102,715.2306195405173
1136112,41.18889104970785
1136118,158.27169662667893
1136132,13.63750660333956
1136158,159.19510216242563
1136179,390.5065161658883
1136184,158.3724829338038
1136200,43.91133878421165
1136233,88.7782234711749
1136234,55.749413420573966
1136265,578.7603536272499
1136291,36.917600827984515
1136292,59.2589160922718
1136298,294.392439999461
1136324,305.72488491649034
1136383,122.48443288969048
1136386,6.735903994306243
1136398,194.76379130408748
1136450,186.3647296531675
1136497,183.26618927949949
1136500,41.524954839800344
1136502,24.61361936293091
1136504,9.763152932532845
1136512,1298.2788866446024
1136555,109.67103985457031
1136582,27.140340264721047
1136584,37.99685856608877
1136587,4.793643620007773
1136593,367.17576332779583
1136598,592.435888816591
1136618,293.945528188895
1136626,45.603300496112084
1136649,68.50506198724922
1136665,0.4262214365208038
1136679,188.36062695065786
1136726,683.6561635734556
1136753,45.47268665250239
1136765,98.1735210505065
1136775,196.7971614802588
1136776,131.32516008503757
1136777,48.98901229787196
1136800,63.51451270427055
1136802,115.453042087876
1136805,205.15653342234432
1136807,171.57487485858124
1136816,439.74979497711007
1136838,426.5949185029621
1136853,134.93012585486883
1136861,169.510117809413
1136864,52.393560256467275
1136868,62.833029176205095
1136894,95.73548487309917
1136905,11.713025450886752
1136954,1340.554622244798
1136982,503.4155022688718
1136984,76.35631553406152
1136992,40.71159292475088
1136997,615.9511754351813
1136999,68.64975876766886
1137033,156.9128304187375
1137040,185.78293582327657
1137052,348.74672610333414
1137097,420.5148156847273
1137125,23.70775517471488
1137134,489.99791761481924
1137145,18.19841832405241
1137161,97.55824551602528
1137166,267.7258358347731
1137195,30.644044220237145
1137204,597.2444593920377
1137245,801.7433675910368
1137246,85.88840011801959
1137247,107.2461861764699
1137255,310.4395748096213
1137260,265.5704678433714
1137267,102.38762761368743
1137275,1117.5200862196125
1137292,1179.4389027827615
1137317,353.1714737388635
1137331,24.846004569144675
1137339,48.28108131384663
1137357,1119.9146588136023
1137381,89.99606000137452
1137404,40.75325008843848
1137425,145.0419688880701
1137454,493.19961905092265
1137477,269.6263164071827
1137486,25.913108223506793
1137531,118.44243428038709
1137539,95.32046289942043
1137543,157.20784300925936
1137571,70.4571994364698
1137590,14.775972762933115
1137610,1504.3647400557447
1137622,299.86048214447874
1137631,207.26953092794105
1137633,525.9667546512663
1137634,12.494992882747194
1137638,298.64702065413127
1137664,30.849200457738235
1137669,31.718312791907888
1137692,281.03774942758866
1137703,125.37668521559401
1137709,273.87303676622685
1137715,139.1691883370745
1137724,201.73313256672125
1137733,30.108989890763105
1137736,1.8452805450000327
1137755,174.83255183340933
1137757,283.4740897665427
1137782,199.26173260442118
1137795,35.7706939155963
1137816,86.98157068962387
1137845,283.38013553572245
1137846,311.45386997053487
1137849,46.03288574056023
1137861,214.25603142998827
1137875,88.174024683255
1137912,159.62962316097256
1137944,115.31931816671822
1137982,12.96474531491731
1138058,27.83399843490176
1138065,580.9056743084626
1138077,86.65429350330038
1138081,78.27601897167511
1138104,34.66583642725254
1138141,241.52417166807209
1138143,15.250482322128052
1138163,114.33288081425171
1138171,110.20060024341414
1138175,544.8764196116098
1138191,193.54262106542222
1138204,452.66615597105584
1138217,1190.9903079694673
1138222,918.0508888844005
1138248,300.13276677505235
1138253,98.64984315618021
1138260,9.926019236218728
1138267,314.9658357141181
1138279,241.8277002916434
1138281,73.27971464720275
1138288,474.58058054497405
1138335,168.17316830992002
1138371,36.77393130922566
1138392,28.963431309247525
1138400,186.24475849259596
1138409,363.42143354479634
1138417,21.122220051994898
1138443,165.71804745601887
1138460,54.65759294058554
1138486,238.266762338086
1138520,400.4521495030424
1138532,114.8873102381775
1138537,7.4490097221586415
1138618,112.39028637443198
1138627,10.055179328635168
1138638,202.91895641251276
1138651,323.52568140981924
1138673,2216.9699388743625
1138700,656.8543249274973
1138702,30.37533325625825
1138775,104.45924102145077
1138796,10.889062096982999
1138810,291.90253269481855
1138868,31.346403464762
1138879,94.16771315858448
1138894,90.55840603067207
1138911,274.6887521313923
1138941,43.71974900774021
1138952,62.22506381330031
1138980,109.78076461960228
1139004,514.608561688081
1139012,1041.132999830249
1139023,67.47216220878519
1139039,69.93244285145452
1139043,222.04399617496009
1139047,34.566314642107166
1139055,48.1836198719376
1139063,117.79351479689899
1139068,26.528380516076616
1139069,78.9163790711985
1139130,55.85459114847709
1139142,46.16077474224036
1139167,151.95658307393415
1139190,41.62294646588292
1139202,146.65590170458321
1139207,22.71964688535976
1139258,434.5483422635317
1139260,66.78151688753536
1139288,16.70543919262787
1139300,512.8172194243447
1139349,36.1297109925482
1139353,60.78017960731806
1139373,130.21161822507165
1139374,10.245900558844882
1139384,184.3869043777289
1139395,91.94678732663405
1139397,30.076539371200777
1139409,123.57768909106814
1139412,488.7055326536295
1139460,248.94970626488742
1139472,100.20282979373063
1139483,40.758824678552315
1139498,29.580127965542808
1139545,34.00625903992985
1139550,36.696421680880995
1139563,248.32765274328088
1139577,320.1648273967901
1139610,48.97433659204133
1139612,240.8751082272477
1139622,48.29148589290212
1139627,24.062493572474153
1139636,24.462809689199386
1139647,799.3924776206311
1139669,48.289329702206956
1139728,182.33098999122
1139730,685.3798411636158
1139762,187.82718824413678
1139782,42.66082874563338
1139792,407.9611462841122
1139910,130.28616799632084
1139943,0.02600717058153359
1139973,34.426435877944684
1139984,123.03830957265052
1139987,29.433044406698677
1139996,821.5544076267887
1139998,97.75608678219304
1140008,183.53951251427202
1140020,11.860262834197862
1140032,89.91574586736633
1140034,150.95845217226838
1140038,262.8358733480965
1140043,378.73027816366215
1140044,58.22799751555383
1140050,21.225331912719273
1140077,247.2267024037644
1140085,134.76618367518753
1140087,45.81858400802419
1140102,246.65250334657992
1140133,24.49398839584133
1140152,68.23130997614867
1140184,140.35184024912996
1140198,191.45565461311435
1140213,21.22815062505982
1140243,548.4727441353301
1140262,20.86232726396126
1140269,35.517398494100654
1140272,120.22090166350011
1140274,106.02825124206846
1140293,86.57973019057367
1140301,275.5422123928369
1140303,215.1424711207735
1140317,43.55502749231614
1140321,1327.5693853982812
1140349,519.4821898917705
1140362,117.80674235795004
1140363,534.3193058232619
1140398,25.954295886864546
1140411,39.31215639660581
1140422,81.87564032984763
1140431,377.80810128061785
1140432,25.907278999086795
1140444,30.64273143137699
1140449,17.89446552927644
1140455,675.4648283148696
1140478,14.331031652951621
1140483,97.42649101469023
1140498,133.93317903402735
1140520,9.493337382265201
1140522,4.546497991927867
1140533,123.58021585438591
1140546,20.137097723284896
1140562,133.2375156181446
1140599,240.09301723180403
1140603,84.98095667269365
1140630,630.2418221894264
1140632,159.93023474384648
1140639,376.92489169583547
1140643,967.5374484307523
1140646,181.5759790505333
1140660,274.6725338989113
1140662,43.14519704482515
1140677,5.3395622049705915
1140696,13.473597004117908
1140698,254.75119489616694
1140702,54.71152935767396
1140705,68.66453517862895
1140717,176.22788687028904
1140763,1395.048245447386
1140772,611.1423016959435
1140775,61.010786006664844
1140780,108.02152236456404
1140787,232.0027411105148
1140803,31.14977108542843
1140817,512.6219977890617
1140825,1056.5008599836117
1140847,184.2956698588911
1140859,178.98623902312445
1140872,397.4668099106205
1140896,129.739608337158
1140900,60.9993108531273
1140924,185.41086547453006
1140936,181.7118060869336
1140940,144.42804540365466
1140942,335.39727128783727
1140959,21.155186047604204
1140966,476.0014566060261
1140986,371.26286414177616
1141007,15.495295814775183
1141019,18.54903082255151
1141020,93.26384058143964
1141028,592.4198854021869
1141097,101.68934023570013
1141103,1370.7613383796818
1141119,102.61150048749428
1141137,20.959372629465932
1141138,276.2410620934131
1141140,51.14932383189954
1141169,37.4955181834701
1141172,227.90669697043376
1141206,286.3945009044487
1141220,380.3060793907692
1141237,646.2637429734207
1141241,374.7531440211496
1141248,210.91740581000417
1141262,33.221316196422244
1141281,11.01979997190603
1141389,19.363019310242915
1141401,60.624437906750934
1141415,465.1292380412624
1141438,30.567584225332073
1141469,45.05604809997288
1141481,155.58282069700954
1141482,107.37756943315048
1141498,48.505332265618804
1141504,323.5530871146397
1141506,45.1230101044172
1141516,106.70009064468262
1141529,219.7164904323607
1141538,309.8651888023827
1141542,564.434456109084
1141545,95.700844202355
1141553,12.89999233161053
1141573,452.16798567813964
1141599,115.8560896334585
1141616,18.21456995267275
1141624,337.85136853872234
1141626,154.64856932260435
1141630,926.4888463503489
1141635,67.31184395199294
1141648,107.47344857988544
1141667,426.0424154839519
1141693,49.85510004564058
1141699,61.51400525392469
1141705,399.48523947318637
1141716,41.14967723818692
1141719,543.6856300569443
1141726,131.05183694957867
1141742,259.3290764465947
1141743,138.6945384923314
1141787,167.4444578372609
1141792,21.30317935514346
1141794,89.70394819597709
1141805,75.63668371440394
1141823,54.873611769665104
1141830,233.53916934814035
1141832,171.59101442350482
1141854,20.90457498467197
1141860,451.5505463216779
1141862,100.44194047615879
1141868,22.01452643558235
1141874,712.8986677715741
1141879,253.52685994311273
1141881,773.6305752535757
1141892,74.64569012544828
1141894,41.836055937323124
1141921,885.6490266138945
1141964,2948.7797746730594
1141999,16.484109146158357
1142017,19.56494149563882
1142032,119.55388150199911
1142069,5.589735456132785
1142079,52.65103111797167
1142085,177.40996177637757
1142103,112.40671065659718
1142113,595.0352585834391
1142142,114.17989425662641
1142151,44.263271245474634
1142156,23.84938943266247
1142160,553.6052773386627
1142162,36.33685221982388
1142191,58.45721059798223
1142224,38.96392160103076
1142228,40.46639880974224
1142240,122.21469414717679
1142258,877.6725679843777
1142259,33.28182812369819
1142328,70.13742629025374
1142372,287.12606183520467
1142375,379.16825163543086
1142397,110.12710675520913
1142402,292.60851600815823
1142405,598.0986934817842
1142409,720.8019865247794
1142410,96.18497355446078
1142412,12.595952121537785
1142440,349.3044234810923
1142445,214.45594368212906
1142469,38.77062754456209
1142480,21.192654491078237
1142485,14.267540523576155
1142488,571.2631769400882
1142498,43.187082043551094
1142508,210.3167665375762
1142552,200.6902107661157
1142560,63.37540954877795
1142567,568.5106470616694
1142595,1111.4108603930247
1142607,18.855907943176327
1142609,293.57357669533974
1142620,250.08657209665108
1142629,403.7540547476887
1142646,187.8344741104505
1142648,119.46103856494189
1142667,15.921608056368031
1142696,241.44435244501986
1142707,283.7330121854129
1142718,36.59635188230398
1142725,172.21846640586028
1142733,0.00022515062367923938
1142743,402.6975165416923
1142750,391.2094288837244
1142767,72.45345906056393
1142781,1369.7674065358374
1142788,309.7682998139397
1142809,174.9683368858126
1142814,211.13842287108955
1142838,1272.7887110620554
1142841,235.6415946741656
1142843,105.70411958830259
1142848,104.55101675668185
1142875,131.65150656659904
1142876,193.4226916441574
1142883,164.3087739142888
1142889,51.63444247892163
1142898,168.0904240861646
1142936,380.42126973760185
1142943,96.60966275230521
1142944,10.704048460997836
1142998,40.50740380556997
1143009,314.6190626498793
1143023,758.9297891885876
1143026,81.66570490946417
1143046,117.18209138540672
1143054,33.12619402427383
1143077,211.0943137593457
1143105,8.248271537131997
1143109,47.38951128403763
1143118,9.05056812594629
1143124,372.9079853753818
1143142,317.4037581029915
1143198,352.1544357246302
1143199,19.698084635730048
1143221,524.2938927106385
1143224,17.13418850764691
1143236,46.88607821589836
1143262,191.22308607508035
1143282,15.429843585955188
1143283,384.90655119506226
1143296,35.455933734017
1143304,406.97663505010905
1143313,135.2077789581826
1143333,73.36089455130819
1143336,9.08060637888426
1143346,194.82614709624767
1143368,289.9912146204146
1143378,50.921383206967846
1143391,34.13452791395164
1143415,79.9498186269065
1143421,180.2486661588678
1143434,95.81364918118781
1143486,29.693818447429628
1143492,28.383366731900175
1143497,22.024705150842543
1143501,12.977856501308523
1143509,271.7739985643081
1143538,697.5594277422018
1143542,131.24727564935648
1143573,80.07172723390273
1143583,736.559753665946
1143621,49.284777648672
1143636,150.5271100322662
1143644,74.80961578136932
1143648,25.453864163338114
1143676,170.1347907829344
1143694,82.30777249688977
1143695,86.82528471430369
1143714,16.46200140746128
1143725,33.043616046970634
1143761,37.210437950007325
1143781,129.89876475952002
1143816,12.395280952390411
1143819,19.835104829402635
1143822,90.16754988199747
1143854,39.79451911718032
1143861,122.25876092726875
1143868,42.48434519778093
1143869,113.7574026284327
1143886,74.7326629100529
1143891,109.86956874652923
1143903,135.1525657085823
1143934,444.53773351878584
1143936,38.611003408963285
1143939,161.24647230861214
1143967,85.02573127903942
1143972,125.58136149814322
1143977,66.50493402026277
1143995,162.17989439876433
1144010,212.94096822051068
1144032,164.8080078217858
1144060,147.24368651691168
1144073,116.884688814973
1144115,216.06066462009673
1144116,197.71426128776287
1144125,46.20908002685431
1144128,413.69756669996366
1144162,229.40163832057922
1144183,663.5577327072292
1144211,866.7800776710973
1144232,41.63978941213944
1144237,81.76636306263381
1144242,426.60005341378724
1144252,69.88932825972294
1144255,45.26009840827207
1144262,240.03232437853654
1144287,85.4403453322044
1144306,243.54369692391867
1144315,337.7632762163085
1144316,333.29894286215193
1144332,259.49151454908326
1144343,108.94407483130654
1144351,96.61978731881345
1144362,108.09221498448763
1144366,190.4378750364593
1144372,223.60713794083733
1144384,126.7842155570352
1144385,140.98672817117537
1144387,29.96488797316297
1144418,198.9886988898754
1144435,26.67152674120147
1144441,265.2456349283438
1144443,199.28703302157052
1144461,342.64134219838587
1144479,63.528528691679256
1144509,50.88420218500899
1144512,454.4365987247914
1144523,372.5449595947457
1144564,288.88334227829654
1144575,70.4471687152693
1144598,180.8735153197867
1144617,17.27774774155892
1144631,414.25206488096546
1144637,174.10373118409672
1144647,10.181650645064256
1144663,152.61089973258933
1144693,352.9193204701487
1144711,47.48259664137878
1144722,231.31930695209994
1144725,355.1257925074474
1144733,182.48941275346104
1144740,267.41262648827995
1144786,181.42347396920147
1144793,1935.7705464242817
1144794,41.700187072796886
1144801,11.787927046870262
1144802,23.072910904882743
1144863,253.10895283695376
1144864,24.40081096814897
1144866,860.4634347454305
1144878,19.887701546450767
1144895,481.5611238911055
1144903,84.53802067543174
1144924,247.49196208234807
1144931,210.5530033068415
1144948,368.10187557482465
1144960,96.14652037257126
1144962,78.1176033106264
1144977,25.254915177714274
1144994,162.05216681945632
1145013,276.758496955029
1145032,61.25112166547041
1145033,205.02066244518002
1145076,30.801653150557268
1145097,33.19220615681453
1145112,16.317082756766744
1145134,693.3333960758342
1145147,653.5892776843525
1145163,253.37023075102152
1145169,99.03081871854154
1145177,12.513425929190655
1145179,36.974456267027726
1145185,67.46706672124427
1145189,55.19001452610712
1145192,42.3963466929402
1145216,433.29159818983754
1145228,69.97639822828523
1145318,63.582184065775174
1145320,115.15242414695918
1145327,301.71574390778414
1145346,314.9195403179768
1145349,1090.946578722485
1145363,533.2071112920859
1145373,1370.782675839322
1145397,274.9563631064847
1145434,300.0210372771717
1145467,125.78730025956031
1145496,6.808450029252548
1145502,95.99257210484454
1145504,718.9732451606882
1145515,33.03776160213541
1145535,420.7293440985012
1145540,0.031010111875239037
1145620,212.70274852819952
1145651,164.77055205554555
1145664,104.88606264150499
1145669,109.46477872686941
1145683,222.58402947972962
1145685,109.26571861891989
1145737,176.39430481042464
1145750,152.48854484781566
1145754,40.43111782323875
1145757,387.7073111052929
1145767,215.29431194260397
1145773,154.74714916791703
1145821,379.8464989025362
1145823,61.51932981510676
1145830,266.5487541590664
1145836,568.5053357363421
1145843,175.52275810707957
1145845,11.947218936322463
1145855,248.28118384093668
1145862,461.053685179262
1145867,620.7205015610672
1145871,136.64609308814497
1145891,82.17426943081553
1145893,29.16210545448285
1145895,214.38210922916366
1145942,21.678891522123457
1145961,165.59581389015645
1145973,328.65233378814565
1145983,158.21367756222932
1145990,329.76492906585054
1145992,110.18533121624995
1146016,84.12263982873677
1146029,0.17653104767616207
1146050,199.4709187547125
1146079,17.030758190449767
1146091,19.566528156680477
1146102,44.75170106393812
1146124,64.70428723106063
1146127,115.12248374268734
1146138,29.122829481134826
1146173,15.959856962493395
1146209,125.42544684775548
1146210,193.32151243606043
1146215,695.7870730903715
1146229,45.27171741525999
1146248,42.00934004894847
1146258,48.77736461060057
1146264,111.93913805165126
1146271,469.7072781578814
1146280,244.1462701646464
1146287,65.39333363977418
1146321,225.41668914702782
1146335,117.38939487064737
1146344,417.3290840828442
1146363,112.54383237899168
1146408,238.83998484202664
1146418,35.91531468886912
1146421,207.1838002649504
1146461,312.51141586087715
1146477,324.4297522449059
1146493,308.1827669107866
1146521,88.7032704076463
1146539,10.320878469404114
1146546,40.818585213058846
1146566,26.094670740295147
1146575,38.93353583457084
1146579,580.0222125205235
1146613,90.30007389748762
1146622,353.47334326756175
1146657,192.34748412205073
1146677,281.01413660538225
1146680,270.6663445528217
1146684,541.3397743508889
1146686,195.1184948784422
1146723,34.12776904452788
1146752,743.7087288920251
1146755,212.4952242275042
1146761,128.8164108322474
1146767,276.83305335915645
1146776,47.653793094631105
1146781,69.24534850603443
1146782,41.150017080788366
1146788,217.87167278678666
1146795,78.01163803509489
1146800,62.19986679879969
1146827,352.71430857200704
1146830,129.63971333258655
1146852,118.15743959778777
1146882,110.5468993859007
1146886,517.9650217249374
1146888,76.48067383941108
1146902,30.341310807520827
1146905,146.24914370725003
1146910,69.74546134932693
1146927,223.93233054003795
1146955,74.39660669138549
1147010,84.68774354373997
1147013,221.94949049611068
1147021,65.25924188519471
1147027,155.88025920497842
1147030,952.5618972444291
1147034,77.8350161690383
1147045,214.36559454161352
1147078,62.45638678631108
1147081,53.079675945920705
1147088,2458.2900926467187
1147099,6.7054398224397485
1147110,559.7238682523451
1147117,471.479189872766
1147147,291.5683078565626
1147171,262.71852412646035
1147172,55.04931792407827
1147190,27.803155828687917
1147260,289.13462103379743
1147262,596.9545337562686
1147287,510.944262222312
1147289,67.26632856138612
1147300,21.603557030630338
1147326,46.48528030369798
1147337,62.52449332018468
1147342,238.7998123841509
1147355,28.957682244197734
1147372,81.24414996684915
1147384,166.73134550175618
1147387,117.43072751468056
1147410,20.384220242289885
1147425,80.10415731812581
1147431,112.42823615832405
1147438,1437.5351116758866
1147439,12.528688293085466
1147448,32.588743976921485
1147453,314.1585486358685
1147478,28.39067685496257
1147480,80.38088633737597
1147532,1306.1515498787635
1147536,6.920724704437494
1147571,148.3489951362099
1147717,64.7027357813987
1147729,269.57282778247503
1147761,206.80418066825104
1147802,393.0493841508787
1147826,275.5064991405281
1147836,680.0258462488713
1147842,21.141644120337006
1147855,462.0576443681318
1147881,125.49422965836848
1147888,11.946233961238104
1147901,25.206252967240008
1147947,8.779140345794533
1147950,80.04101182075523
1147960,109.9466241807083
1147970,663.5415109832599
1147978,39.78231145071636
1147987,86.38486072402932
1148001,92.02183337962033
1148002,9.424209417993348
1148006,11.816517586278831
1148023,31.972452913042396
1148030,160.76381439590378
1148097,317.34236417789606
1148106,1532.1888081651198
1148161,3.3037668070906867
1148180,800.4676954781473
1148182,408.7710892933009
1148186,120.08832894966649
1148205,82.89243609187955
1148219,121.19920062549043
1148243,55.80835228398742
1148248,40.739718486049384
1148287,130.98686500962418
1148318,349.8322046855597
1148320,1021.7870653897559
1148358,14.052898004091885
1148385,18.814588129673773
1148419,75.43358439421833
1148432,31.53393596741641
1148436,30.964144693668704
1148437,424.50292368996634
1148446,178.40891162930703
1148456,30.194797776612514
1148469,75.37280041457204
1148474,240.21372894486566
1148475,533.4945501579667
1148491,85.68404028859803
1148498,583.9266921460625
1148515,166.8828454764317
1148565,124.37726619891978
1148633,371.33047304583965
1148634,3.043499929384343
1148661,187.0714231555397
1148711,86.85301573011094
1148714,235.01275237419395
1148716,68.23220566931917
1148724,111.48491047996669
1148728,252.13387787021145
1148734,30.33598407849879
1148750,326.85784078229796
1148765,210.13255576837352
1148769,637.4202574246664
1148781,55.12548184513743
1148815,223.40342825531948
1148817,25.619945846352262
1148821,424.95932826773964
1148826,304.21149903042294
1148848,66.35013877568136
1148882,17.119939924875894
1148887,42.22619843021641
1148888,310.9391828162327
1148902,16.626975229023984
1148904,29.47753664529515
1148911,243.17007419678825
1148925,139.8601364832018
1148958,1617.9173760942456
1148964,40.36139602003801
1148984,199.54668624237584
1148989,208.09283370372356
1149000,221.36183309090168
1149006,30.192037110407277
1149007,77.94608765396201
1149009,59.81946042109004
1149035,456.62146773791505
1149041,22.33749730308407
1149053,26.62622716063529
1149061,12.09033374221203
1149079,127.10897062708544
1149086,12.467293652672671
1149088,305.1067705807599
1149110,1421.8520785838734
1149120,150.09301328701667
1149128,159.1588130396535
1149138,561.8037831446163
1149140,85.40207066400947
1149154,140.6095155231426
1149165,153.97214616485994
1149171,317.2130205151145
1149195,593.8622605678955
1149199,69.85279868663984
1149204,256.93717361385643
1149208,473.36171514791477
1149222,120.72089292820776
1149258,205.4910848736174
1149262,79.60447895500569
1149272,1251.3368550564512
1149279,187.43420388685206
1149289,117.61926286769602
1149305,28.2414206399634
1149325,373.7139435928671
1149326,39.492336261496554
1149327,150.15819196727267
1149362,85.12459044562927
1149415,70.73879942635466
1149460,145.94587272591366
1149469,114.09864472508248
1149470,129.1209832301912
1149489,818.2831072059718
1149490,1390.8338788238395
1149507,106.3090446170566
1149541,32.17982339353634
1149550,68.36811922992547
1149554,298.7729817793011
1149555,215.02563587648737
1149568,158.17621389416666
1149575,16.97333506008709
1149589,1289.3893897209666
1149602,130.8183331322811
1149610,19.146039154257153
1149622,75.40547800390364
1149663,731.4547133528065
1149679,108.58137223932916
1149680,286.0523517289601
1149701,395.5551538673329
1149711,193.85882471229726
1149757,258.06700302479203
1149758,253.45707158325118
1149765,191.9018558801667
1149766,39.3080802062402
1149775,307.3433620291663
1149789,23.756839784853206
1149792,81.78031543508668
1149805,111.83560416482398
1149836,449.06374867873933
1149857,81.25812793703426
1149871,35.7251977543017
1149914,94.15914774427429
1149920,176.94416574689484
1149922,4.844745782732026
1149931,170.7300996118348
1149958,263.49152685961684
1149962,120.73973226754767
1149972,67.6892251275854
1149983,139.992986054978
1149992,311.2094036587201
1150000,73.32973211710475
1150022,220.87347085652823
1150029,266.440369769891
1150034,83.27987416873022
1150037,176.37392866006007
1150054,487.17194017280985
1150058,252.33980752871335
1150078,135.68760708767905
1150094,44.77571549882302
1150110,177.55461233080578
1150146,294.8042207093131
1150150,222.70150852314455
1150157,1452.125355205344
1150178,92.49924517146853
1150198,88.23826185306656
1150221,108.90437065080332
1150235,63.880934277355905
1150281,542.863670153581
1150288,154.29064043390815
1150293,78.26339288314489
1150316,69.02813341403656
1150323,142.1541653988785
1150330,192.52963464983887
1150331,9.357960882669277
1150337,11.378815021557296
1150345,137.75996126685357
1150346,261.95222946833354
1150354,77.02586533350765
1150358,380.45671809353104
1150362,88.6756520956345
1150418,18.06225355635946
1150426,118.44948063829884
1150452,202.2341134547145
1150462,34.86365082825161
1150467,212.9164921392387
1150515,45.717991208242516
1150521,34.41987047706165
1150550,59.16928342196255
1150554,116.54790941653488
1150560,209.85791378217345
1150568,42.846053505851096
1150635,260.73431380095
1150649,405.5151271043773
1150675,21.47338966767022
1150676,274.4351422852626
1150678,30.1011944813999
1150712,190.68233642161664
1150723,24.359359482472183
1150748,45.89080559778029
1150785,12.271074802779879
1150804,237.04427210913633
1150813,322.84040021963864
1150824,637.0931047113332
1150833,78.38140401519725
1150838,78.19603529812387
1150862,182.5617154640188
1150869,43.05761210856877
1150878,4.401424060244271
1150951,273.6827437238
1150952,139.16033829247536
1150968,388.9994437092657
1150992,19.270768808932893
1150996,159.82567554793445
1150997,0.46842547549559277
1151009,129.36731312233348
1151079,44.50179852583513
1151084,312.9343019961371
1151085,308.6544138666386
1151119,1903.9880518065152
1151124,49.01269604438845
1151189,325.54615521354884
1151202,66.81409418883895
1151232,14.795499509619473
1151245,477.2328511853961
1151262,215.64467293614763
1151268,59.0472833241329
1151274,770.8408687799366
1151282,33.19921512215474
1151283,13.691673114835176
1151293,139.17575511500078
1151297,202.53599357906944
1151308,191.73115421247456
1151322,18.575885799919206
1151371,127.3647328106426
1151385,25.428979988909813
1151394,115.97997458238875
1151399,154.26858045694527
1151450,100.76693261435072
1151461,75.87281605051959
1151463,228.84500343340792
1151498,183.55728671486935
1151507,243.778912042946
1151545,255.288039229133
1151562,72.82026354344329
1151563,115.54158211428398
1151568,422.6276290770147
1151588,149.61254364061395
1151642,458.7205898247781
1151671,169.86028415877215
1151684,58.80227639588911
1151706,150.948055968566
1151739,151.66701986783016
1151744,142.37247624605968
1151767,26.813318806141396
1151804,156.3525911775855
1151813,619.7974107549533
1151818,43.86450523101927
1151845,220.8784121769999
1151847,13.06662371516663
1151863,14.209101783458387
1151876,350.59441299645994
1151883,106.71123783458624
1151884,66.18746801784256
1151908,44.28708873441698
1151954,10.634497883449274
1151969,899.7924978687275
1151982,20.966325442019897
1151987,13.078823907850387
1151988,102.23272822683609
1151991,47.84787057177482
1151999,64.90475237727453
1152002,2.633863518635016e-22
1152021,268.2344037154393
1152031,702.3282914980671
1152041,1196.4759478426447
1152066,508.25514946477256
1152086,94.58402013375961
1152096,58.82372613969509
1152106,98.8612113471919
1152112,176.70724339350264
1152116,30.47975104947081
1152131,36.89380011934044
1152169,129.1096995094369
1152177,83.86983640803281
1152188,140.33135637471085
1152195,531.7208175939633
1152196,435.2003367817588
1152216,31.58674198114989
1152242,1089.4434340506439
1152269,58.6902065740583
1152272,672.9020083487617
1152280,132.49338467425017
1152289,27.111907358032465
1152295,138.8779329808805
1152312,106.95243604427685
1152313,115.66149208991408
1152361,242.76273434894398
1152380,177.74265677194904
1152407,56.52222454775795
1152408,168.4342198650112
1152412,0.004420025878342399
1152418,301.20072353641746
1152426,452.14165304300843
1152498,337.4036061946237
1152499,101.58740724657721
1152503,304.7491417280321
1152557,179.41069231999148
1152565,298.45744896774363
1152567,97.38466100353163
1152573,807.0458417319642
1152578,281.16625132513855
1152614,130.09148086443423
1152619,392.8284426657679
1152630,151.96028557573604
1152640,22.004925974765623
1152647,1067.68203190569
1152662,211.15555134665556
1152664,12.429200117266431
1152665,41.71746401182275
1152672,122.21679403027473
1152692,18.79323592866516
1152696,67.63672380439988
1152698,510.26630626112046
1152701,463.2917603996985
1152702,23.440680826599856
1152704,9.781385751870857
1152711,188.79798787704914
1152714,33.930510730202265
1152733,30.764474551791636
1152740,65.27662299231363
1152757,138.17344737800272
1152761,29.900939245240917
1152804,13.112915164589317
1152832,80.74184495139394
1152849,41.86235590639912
1152850,11.74399365278416
1152899,68.5263736737869
1152927,524.5961810887469
1152949,2.920128129194911
1152967,101.17562112742264
1152981,252.40274690497353
1153013,381.6150582616591
1153063,5.913486894890051
1153076,128.6433871396484
1153084,56.8987226892329
1153086,18.655409509832516
1153088,49.02834795339262
1153095,116.05044830933578
1153097,21.569886945194174
1153098,521.9105315291617
1153131,250.3720321600167
1153172,91.53883966355795
1153179,101.05588060375652
1153201,205.6584746231753
1153239,26.729907068279953
1153248,88.2789697994891
1153258,215.64923773841235
1153270,65.07926612666752
1153339,67.0325106852253
1153354,257.14981392928524
1153382,269.6368804291115
1153423,46.04142021889978
1153425,21.690439206289124
1153428,114.20277470999406
1153454,988.0127275443085
1153514,62.30205088362401
1153545,200.90672441189926
1153559,20.804915190937045
1153574,260.38617783872564
1153580,79.8008352652499
1153581,454.4442506261154
1153606,1338.8604348003114
1153622,242.93122402659392
1153638,241.0605952720295
1153639,42.39027163287348
1153680,168.39497849134358
1153686,109.51616867039279
1153701,85.45802702205688
1153704,49.18064308140144
1153718,709.8961540622298
1153742,72.88606918949785
1153751,35.75452889026342
1153756,419.39491796277923
1153827,39.273177704535065
1153862,522.4131966460676
1153898,1032.2221964468263
1153904,333.13598762370515
1153911,229.76198048267946
1153933,218.08051821436544
1153942,87.81316935302992
1153957,947.132392837203
1153982,427.0679865577098
1154015,612.9247623621263
1154017,107.83090127964623
1154027,65.36731751258478
1154031,138.7577080488787
1154039,180.46241823809112
1154063,605.8778833360316
1154076,123.37892207633583
1154085,325.5367801434024
1154093,59.72243241002034
1154097,57.97059325904971
1154102,101.87291178884487
1154103,216.88172205642704
1154131,61.617584951128045
1154152,391.21451163058276
1154154,9.713385534767285
1154157,160.48708889137978
1154169,134.90922050810272
1154170,318.3864586810032
1154185,62.41782363606854
1154191,65.3944754769759
1154217,349.49374091181255
1154235,35.85992191358545
1154247,20.004036615223637
1154248,278.2539364190919
1154251,62.50130775941345
1154252,33.86749172585031
1154260,64.29320657901597
1154308,378.3841320925138
1154323,30.40318034029882
1154326,103.01864852069694
1154338,136.1744829774775
1154339,130.3278772354998
1154373,254.65687316209028
1154377,184.34355519515188
1154390,17.923231931341178
1154396,28.567784561598767
1154407,90.59121678122399
1154429,91.49204987941688
1154445,399.75072471553574
1154462,444.817944812103
1154504,14.22876270751203
1154515,127.09189745642857
1154519,18.156445033906813
1154525,73.51019719032165
1154554,431.8127941404845
1154559,161.74350091653292
1154567,103.26244546194985
1154573,45.659585072326585
1154581,487.6662325181095
1154587,284.63147986461547
1154591,346.5337518963927
1154617,153.05437788120727
1154621,369.8446924974225
1154629,58.830794938183516
1154647,67.11872549818379
1154649,61.06046339140827
1154657,8.739191824728916
1154663,143.01677976393694
1154695,82.00323355660295
1154706,204.89347067605323
1154721,7.520303154019696
1154727,105.28158802118169
1154773,113.89725212816023
1154781,24.749222271729934
1154798,47.82868941222892
1154806,23.638344334835203
1154816,137.91402221088563
1154829,20.64091793934373
1154847,184.5965848517374
1154848,538.3454099554459
1154879,31.74182369178464
1154883,53.12361069959981
1154900,58.58632399505238
1154903,36.90484731150004
1154927,61.215206045878375
1154956,71.35841652055947
1154973,11.225738104180284
1154990,227.64716755033555
1155018,29.47568936333944
1155033,98.28984412429571
1155036,351.8890127784402
1155055,537.8488152142997
1155113,78.05034865011598
1155127,126.37762346727976
1155168,210.1759126789875
1155176,13.336139892575222
1155177,49.70856471378449
1155200,58.408832730367976
1155205,10.739688716079414
1155218,39.201045640069495
1155221,171.6236838380184
1155226,664.2663409829812
1155242,54.834884900261486
1155251,76.96431160200225
1155253,373.2814592312946
1155273,47.54233208504952
1155281,304.8717754957171
1155304,480.45937762893857
1155338,70.58384194002362
1155339,382.4912867892102
1155353,252.50818267257367
1155368,82.85944262109078
1155386,148.7678831448358
1155391,282.2511225457685
1155410,62.875857269227566
1155421,509.61158557221756
1155430,57.13983547100751
1155477,15.199660051183235
1155514,90.31188749326124
1155554,114.58779159013724
1155579,42.16397444391656
1155592,592.0886046521717
1155624,21.071859577106864
1155627,24.86838227467917
1155630,48.307890997349965
1155654,32.47358602103242
1155657,278.5763363676955
1155695,312.32093699421534
1155697,9.267985661938825
1155714,69.84071265277132
1155726,107.53878157521439
1155753,124.08649783292225
1155781,63.15285268564815
1155784,440.96895078716756
1155822,237.63452240425332
1155836,91.07819525219176
1155840,266.096372660578
1155844,47.13658962044039
1155845,64.26943360828184
1155889,398.8040674598053
1155890,346.3930734964446
1155898,123.13894377003919
1155905,49.864185345548115
1155915,11.980334876944601
1155929,58.6048802392767
1155946,54.59143777580698
1155966,327.53097693433403
1155992,79.32321041316862
1155995,174.4401997770779
1156018,30.302080368830566
1156031,58.03490774834257
1156082,631.5158602008843
1156176,201.52946099758034
1156177,134.228949460399
1156187,126.62821862102325
1156189,40.14652830783273
1156193,55.24627605485513
1156194,487.39953225220285
1156213,32.29863901372879
1156239,101.01646034964423
1156240,271.8720236318878
1156252,45.72276733592094
1156261,22.835042002494216
1156294,31.534993839797362
1156317,24.85001891592529
1156318,526.333332162191
1156319,32.26978893462447
1156328,119.8249485572591
1156343,14.897384117647606
1156344,0.11074178885742283
1156352,96.6447463922802
1156368,198.677659650979
1156397,62.62466432850022
1156399,494.9289708598416
1156440,297.9054638276652
1156482,100.8088324255682
1156490,63.598945947939804
1156508,66.15654702308181
1156522,1907.55265569596
1156578,52.0845137909484
1156579,254.56028934341887
1156586,42.56776570899963
1156598,83.25731858890815
1156628,24.063076055511047
1156700,138.01671579223168
1156703,264.99142746357296
1156704,5.202172976310967
1156707,47.39673997368948
1156713,271.67924287258353
1156715,15.914775019663388
1156744,209.75592539907177
1156755,32.4300324874434
1156774,690.3874550636549
1156779,33.89844104921862
1156793,360.33419504338724
1156794,39.12637447250079
1156808,51.17868348043457
1156847,4.81981842482737
1156851,166.72057724791253
1156896,82.02750079253666
1156922,144.96891671560397
1156949,330.7072787232376
1156954,295.2401338822925
1156979,54.814875513390895
1156987,21.796303623176634
1157017,34.84118137680864
1157026,23.904663207525182
1157061,231.14035783280167
1157067,53.00798702826446
1157084,374.20549045008573
1157087,101.34045330886133
1157094,190.98986341513483
1157099,36.989734240156324
1157131,41.0604333999439
1157152,95.75894626553108
1157213,1238.319487006588
1157221,63.78675897455487
1157233,65.58550707191895
1157236,73.1521899268012
1157241,0.34059454786967863
1157246,37.53165509495183
1157251,1324.967854755595
1157252,73.82679216739793
1157260,175.22710430448078
1157287,27.68786770582984
1157302,164.4865863205588
1157321,56.761366847700714
1157339,27.280686320468792
1157343,111.54319251335909
1157350,110.30027686506838
1157352,32.7555270747494
1157371,85.17307890601516
1157372,562.935422336826
1157382,1219.7605364969781
1157387,135.1914036263412
1157453,43.66948499317927
1157467,47.93684025933361
1157473,84.07833730602485
1157481,11.449038246400516
1157526,676.7688957930596
1157530,41.29102656248892
1157559,75.63116413253809
1157583,104.77237593822612
1157584,25.26771445262121
1157631,356.9957020428557
1157643,125.73993855618104
1157645,458.9320861235511
1157662,299.2369790532158
1157667,729.8078281191525
1157687,0.8043106024555524
1157690,108.41853596435925
1157695,71.41480599917107
1157697,141.32921207195164
1157702,94.99464148760221
1157707,576.3947933731631
1157714,26.10194007075303
1157723,140.2468843758684
1157741,1905.0503230026452
1157763,224.20984264904678
1157790,93.03370663609856
1157808,140.9384852335412
1157812,157.62300305005655
1157820,40.62027246053951
1157822,324.6738146384681
1157826,369.6919898048432
1157852,106.2644395460413
1157854,19.424198753699528
1157862,241.47499058147952
1157864,419.29016765305107
1157877,32.44380055007976
1157900,84.9067462634222
1157912,104.27092647067485
1157917,84.76982468295792
1157925,51.65748554480625
1157948,41.930972399190345
1157950,22.567685437812944
1157952,454.39394871010114
1157955,305.32151749529254
1157971,520.802493841239
1157998,139.6651415876156
1158006,22.46985116482227
1158007,312.3155436772774
1158030,454.5247712758923
1158034,22.568623447855114
1158042,108.71014530853552
1158052,151.85132927678293
1158061,122.77387266456917
1158066,1478.9540179626229
1158067,442.0986691969928
1158069,152.50402916057138
1158075,164.203128749856
1158077,213.83923744459798
1158107,279.9779029013306
1158108,61.86527702794886
1158124,234.33181721858665
1158128,558.8675543819128
1158135,556.2186265031204
1158140,81.98533521787347
1158154,57.891520516414715
1158165,769.2411295104769
1158190,52.58133915150682
1158238,44.38736058710537
1158242,8.794437379520273
1158244,72.19552604080846
1158245,18.909628367777458
1158272,427.8718974513382
1158273,1307.5824406376191
1158290,219.31329355198835
1158312,115.94718794246191
1158313,551.5558235156989
1158324,99.15382589678184
1158328,46.62380471311674
1158425,46.10570525958387
1158436,200.80016726733325
1158437,283.26808337581855
1158440,291.5906543517102
1158456,45.10273168915831
1158465,139.76475569520363
1158488,132.70874343185082
1158507,52.914140666181225
1158511,5.035133417206851
1158519,85.10840736719007
1158536,74.81591061465696
1158546,28.75631511867477
1158592,57.0899962192295
1158599,226.56869594311647
1158613,1432.930875866334
1158632,2031.2564371919818
1158633,37.47494224806708
1158635,257.4773831827982
1158661,93.82016374995973
1158671,29.026970584176578
1158689,410.5692733991892
1158712,61.237382811127986
1158717,93.57352836277137
1158723,379.24842729635793
1158730,69.69560541927454
1158737,66.97844593823736
1158748,133.01163922456828
1158773,185.18599740967258
1158789,42.36441850857288
1158796,165.94237279656366
1158804,216.32445336365788
1158805,680.5376182768119
1158811,559.4941209026197
1158859,8.206089939711847
1158868,19.65635654680841
1158899,1002.0844161097851
1158903,229.6611267263713
1158914,107.98795381509069
1158915,253.26032660326132
1158916,131.47031179785495
1158925,507.35156153487173
1158959,80.92703914019197
1158962,42.33489478099487
1158968,247.84039163538307
1158974,179.0059660548837
1158989,117.73483094133822
1159026,150.83368104058573
1159030,117.53179493424597
1159038,37.464048272263746
1159054,22.215709281210707
1159056,88.8512745543026
1159070,28.94499051783198
1159072,12.67544009872188
1159089,4.1129594238073
1159094,386.80780305069067
1159100,1704.1195118305548
1159106,597.6727019546037
1159117,144.14848866297783
1159162,28.821208381429344
1159178,80.59678700122404
1159193,124.64917969756057
1159200,176.2707116212679
1159213,93.40739214242724
1159217,126.55505754072543
1159227,298.34565341511654
1159245,20.622175898045832
1159256,275.556246469537
1159274,265.37523613975077
1159279,124.29271540569164
1159283,99.09671479891558
1159398,111.66150839146712
1159403,60.67779716428324
1159437,539.8277401138188
1159448,446.00887403206116
1159457,25.04488828983246
1159489,130.01276675617905
1159511,277.0701448856799
1159521,0.0
1159522,371.08835051261957
1159551,7.83207919607438
1159595,751.3064634507725
1159601,314.03406259631294
1159627,152.9259659421739
1159657,44.36229012588929
1159662,177.36147659995424
1159673,425.6988762458549
1159696,29.583725716172488
1159704,1978.3033288715965
1159714,546.306400820952
1159717,17.618606579832722
1159741,289.88011892292224
1159747,110.69802053173045
1159755,640.9539350559622
1159770,81.46469333094447
1159771,50.15336401248921
1159794,1179.4740071010283
1159801,30.731960615090124
1159863,561.5503086002695
1159875,345.4665958491802
1159897,19.26043162205943
1159917,224.95684417190202
1159926,65.33078700213798
1159933,68.6721186676189
1159948,191.33397229463702
1159953,321.11654545993264
1159957,51.8351258795454
1159985,128.88157215917008
1159992,281.7718344362434
1159996,217.4260196553355
1160004,128.02286090571673
1160060,65.0313300680394
1160077,258.90038783124146
1160081,94.2570323319082
1160082,173.46800705307666
1160087,224.73196086948514
1160121,127.55966893566773
1160131,21.156143183522673
1160156,163.97948120854912
1160158,110.67979185749067
1160219,605.9012681741801
1160220,197.88811514197258
1160226,215.27910766841484
1160231,133.26213773222628
1160233,23.06666165544866
1160251,77.89206598946093
1160326,92.89813040169834
1160343,1469.0067391464765
1160375,19.026270872841604
1160402,2.591188608185401
1160411,60.8025710324635
1160422,209.67648312689482
1160436,95.19593235963445
1160460,512.149671239954
1160472,60.900616309616574
1160479,79.8123935420066
1160493,441.1428156902656
1160511,92.47931882361027
1160516,96.69053255049964
1160528,350.702108811496
1160529,218.93354133272
1160539,430.8593434382375
1160540,23.829731502593834
1160547,143.61548499213632
1160549,235.52724626284243
1160566,208.30037319344865
1160572,11.043910496912375
1160584,25.995613108297544
1160606,444.22473489514937
1160616,90.46132239887183
1160637,22.508441150554308
1160642,245.18004159588347
1160660,1048.6503584654831
1160666,20.27995662530772
1160680,114.83149692175355
1160706,144.83152541496213
1160729,460.9729788021294
1160732,207.0093601103304
1160784,2175.133373391363
1160800,66.03943756419164
1160805,265.5391497807258
1160822,10.374847238825604
1160861,32.75065891852051
1160873,325.82406370414265
1160879,44.06402700279692
1160893,182.03457869853386
1160894,33.6831978091435
1160895,40.08408021515264
1160937,143.82636702398014
1160970,1183.2186249581375
1160971,305.7757642525543
1160983,123.63814593432335
1160992,44.36711495503772
1160998,44.74032567515584
1161018,491.34299077836766
1161020,40.08957342360222
1161026,58.993504429946576
1161027,146.59870399364513
1161031,42.86830308465553
1161036,111.76172020774699
1161052,399.0664036119057
1161069,36.484685293462455
1161079,58.094382057550796
1161082,58.47409701437621
1161084,324.0021791228468
1161104,344.3364491394018
1161124,49.51779090452023
1161125,14.891021167752928
1161127,87.24683478673617
1161152,260.2630937503427
1161156,105.19440005155236
1161161,130.53640497475124
1161177,19.128030827902755
1161188,873.0581134073943
1161200,485.10379582191115
1161246,61.54430730644958
1161253,43.74106658856755
1161308,88.78585285200462
1161315,253.49247677382257
1161328,115.88617347930936
1161356,6.097804305945469
1161361,264.4836011076876
1161370,19.801199822114746
1161371,80.19898692751725
1161381,57.9619920105814
1161399,35.33426679425157
1161401,38.53858432686769
1161426,138.52966581578823
1161437,1322.926133013108
1161439,115.24253524057232
1161473,22.1196769464188
1161492,422.86940175656576
1161508,136.08165670374615
1161538,115.0092714310356
1161557,34.07391850797798
1161565,85.7608783551993
1161571,1095.4323144415216
1161585,70.81116314480222
1161599,11.400717249270494
1161610,21.715957956620617
1161618,627.416087329425
1161630,951.2041939974968
1161652,24.50266840997807
1161659,112.49563193225626
1161665,2.402810539815902
1161669,30.412723040750375
1161674,40.03095767669936
1161679,574.3984559858336
1161695,175.6857182372999
1161696,209.34297918581595
1161712,153.67603469445447
1161714,477.8951965182103
1161715,137.52883003131228
1161719,8.425437580773295
1161731,825.5705021261878
1161738,146.6440178552134
1161743,815.9137917897543
1161763,16.1209310153342
1161777,76.24547338403111
1161779,51.05951129926192
1161784,207.33891269705518
1161807,68.25051722587192
1161810,313.4651926935958
1161832,27.731586864197336
1161844,482.1484021950927
1161849,77.78161921255165
1161877,13.102619866757157
1161885,535.3264185171546
1161886,69.77606255507304
1161892,156.3141100356532
1161906,536.0250646779582
1161911,2474.811148967407
1161914,33.819137767845426
1161921,74.08391560695884
1161944,78.79431787077147
1161969,19.930840744433564
1161985,362.7954376566308
1162008,340.76916415250525
1162031,442.05931352563397
1162048,410.81677888368495
1162076,103.49249141208337
1162091,116.82450425554367
1162092,195.32550434604087
1162104,87.45785644929082
1162121,95.60290541237394
1162125,55.65909622930024
1162136,103.3170073454733
1162155,109.18506258748414
1162178,131.0447642316893
1162193,244.6792128160719
1162208,32.253019561665056
1162245,553.2065760012558
1162252,232.17611875731964
1162264,24.14196890614298
1162273,39.91033224851263
1162278,19.612009213777455
1162283,53.356171517166835
1162284,121.01972831719587
1162285,38.658933779578234
1162316,77.32347564238376
1162336,580.035176601238
1162339,127.49827434683498
1162341,34.23473605511401
1162379,153.91347517699106
1162384,381.3180299810417
1162414,363.7872589667021
1162420,86.31057147970053
1162454,25.319795575507673
1162475,70.30667737269586
1162484,128.2359144468227
1162490,33.08528277211376
1162493,174.779882917492
1162495,74.41790321411582
1162498,21.44563273933144
1162538,16.85164826539884
1162539,5.332582186785639
1162586,195.06905492729632
1162592,960.9359040157358
1162607,115.45511276953195
1162651,16.380330659774476
1162670,1133.0823141801582
1162693,63.77806479054679
1162708,385.04239388458296
1162719,27.09378692058371
1162720,23.892588337908762
1162730,239.41467077604503
1162772,446.0807627394832
1162775,479.09874917045397
1162780,782.0292705354258
1162793,66.61467544519932
1162807,547.7298807325178
1162814,342.6026802547841
1162830,53.719114869426896
1162850,24.653950243886655
1162888,22.358448436322472
1162925,160.04429120446179
1162956,0.17954833617904414
1162985,228.18643555578274
1163018,62.41114874233696
1163030,37.02280099167689
1163083,396.03979061853596
1163092,21.63749520946499
1163098,28.382332585098336
1163110,83.73632146721812
1163114,192.77353499396506
1163115,359.68996854862536
1163122,149.8270468910982
1163127,278.4744536757958
1163145,27.947665564575694
1163148,35.68673130334248
1163155,163.7387842571191
1163173,489.0375486183901
1163208,28.252965266002025
1163223,24.02229693499227
1163226,561.962599821254
1163248,31.550938230428294
1163249,15.173461116284495
1163284,99.52220286533921
1163294,158.04068319210106
1163319,49.434182168220936
1163334,53.100270910392716
1163371,1427.4945003685802
1163382,13.6019532165499
1163384,29.244599910267286
1163409,1655.3492764642106
1163414,515.461115285425
1163430,237.14287960290335
1163471,75.94584444971593
1163508,23.55427646239895
1163517,119.26150301031909
1163522,315.32523425069024
1163539,180.18319695700637
1163541,129.58232100720477
1163547,367.26018622434714
1163567,19.00608252477465
1163568,320.960790098505
1163574,1031.499693071847
1163586,137.73339842445316
1163601,551.555822720042
1163620,450.86695884456833
1163632,30.1780325043912
1163652,70.8539452331936
1163656,177.18822429178272
1163658,127.26300046912529
1163661,281.4216383783969
1163684,36.01279631890972
1163695,356.25014777904556
1163707,78.01133011895081
1163712,64.84443009102952
1163720,649.7682086381367
1163733,145.16840815099437
1163736,69.33207774126775
1163752,111.19784261636855
1163765,159.45466224315447
1163817,26.353034554823452
1163821,163.63037245828016
1163834,141.24330634306008
1163835,240.87005877996268
1163862,94.51557981474049
1163871,226.6737978636363
1163875,16.266161195412387
1163887,114.85361783396944
1163892,60.75246333105238
1163908,64.09826610299221
1163909,6.914761302988572
1164020,104.48053808746705
1164030,91.80944968920565
1164049,12.444747634562027
1164052,318.4170657594592
1164057,21.537652185851627
1164067,33.58374231005237
1164080,113.28745390723437
1164083,38.893786241038185
1164085,197.7112785594113
1164086,566.1473631163166
1164093,69.95477644238983
1164094,56.487574054675946
1164130,1132.008495537048
1164137,1412.8803091450172
1164141,174.9112070318023
1164145,73.6131148300346
1164193,114.08183054690059
1164196,41.78458792628366
1164216,57.24338402626369
1164224,44.88293109006961
1164241,55.15675528635005
1164242,269.9512135909694
1164254,46.99899421291902
1164263,356.35083191960297
1164274,120.13740937409678
1164305,298.7055238865737
1164315,145.20905306795635
1164334,124.42465873785592
1164344,52.12125455040063
1164364,126.90951659421518
1164383,19.542546802452467
1164395,74.5996907926454
1164408,199.56977466599366
1164413,857.2954181724521
1164425,15.200543116117922
1164432,218.08183004292752
1164460,804.2748935720458
1164468,30.60589810240534
1164512,16.556704694095707
1164529,292.4707307868966
1164536,322.8909799831962
1164565,538.9101329319545
1164569,430.3703669836188
1164578,314.6088340677353
1164582,237.82205367350772
1164599,5.939766383432981
1164600,270.9424308167279
1164610,52.03731928533271
1164611,35.64469282512286
1164623,191.0600069517173
1164653,28.13477065554515
1164662,109.801092408075
1164689,70.14326379626664
1164714,85.75404087665214
1164729,370.717058313587
1164756,381.8233166821058
1164762,27.864724622420265
1164774,78.18174082429651
1164780,226.55910866092069
1164785,5.362630189562253
1164822,100.31763786767657
1164828,88.84097298761397
1164850,922.8421478547527
1164851,265.27133433740624
1164863,610.1198892618482
1164883,458.7338900968974
1164898,416.85573069091834
1164908,526.9685644743164
1164921,81.61509365356144
1164926,600.606483216131
1164966,333.6268688174457
1164969,178.5635353598625
1164972,31.55874999851313
1164974,60.350829547784784
1164983,182.95528760001739
1164986,800.458423218708
1165001,98.43888477207172
1165006,192.9787456793936
1165027,21.34243723517322
1165037,117.55071561683302
1165065,200.03948905658808
1165067,157.20585166606773
1165069,192.21289265277858
1165089,594.1324379129942
1165109,60.92321255260038
1165133,38.79756456960296
1165135,274.8800320848022
1165138,33.531978778398326
1165142,251.14541027882024
1165145,97.25634196294963
1165214,118.02200458097388
1165216,141.2628872415403
1165233,77.39947412254173
1165254,860.8858006309096
1165272,29.318141664500526
1165274,398.1030465989563
1165288,121.39515860590492
1165289,51.38314655210786
1165310,276.22190784031585
1165312,536.7571534589677
1165313,208.54302998573442
1165320,32.90614036718378
1165333,12.203306837253596
1165334,30.084996914743783
1165358,17.63608423890394
1165362,244.58131391644076
1165387,90.53846480342496
1165390,41.05856344425532
1165391,33.52125735768743
1165396,566.7559819958561
1165398,522.6815924972465
1165400,280.28795098699436
1165405,12.020708011847596
1165413,459.14238843338387
1165417,99.67706225302558
1165440,4.678889347075772
1165448,367.1729660479806
1165481,125.54825635140301
1165483,49.36387163428615
1165494,441.4732972798427
1165506,100.2600850517322
1165516,36.112482184461506
1165520,85.130892215481
1165522,139.7771261728921
1165523,161.85286532646876
1165593,246.80786673472284
1165612,39.334768212588095
1165621,388.93996160896444
1165626,74.68426766813101
1165645,94.7499274736853
1165646,73.4347193761405
1165658,83.32575262527521
1165663,695.3527199099113
1165664,264.53544262857696
1165673,18.367192264572452
1165678,573.8864987395943
1165681,25.44057209607548
1165697,14.760416648731118
1165704,466.5333968611558
1165718,318.7527542685838
1165740,117.08887677591056
1165749,146.4900563572267
1165756,66.01612194943594
1165802,88.00494799461913
1165831,18.517665967261106
1165845,34.585621899309125
1165848,8.44063108820732
1165858,190.03471022662666
1165860,84.95138492023723
1165874,113.10047023420913
1165880,178.3658935844532
1165887,118.07580164364072
1165966,305.9927672557301
1165972,85.26698166573433
1165991,16.04244630831359
1166004,60.49719364273288
1166020,904.3473825642328
1166031,75.0447533941771
1166061,342.5243722121263
1166069,20.17063527521688
1166085,105.941325619765
1166087,338.8420041754861
1166094,209.50680879589427
1166099,82.14980882087784
1166112,26.852451094100694
1166118,174.6178855947728
1166120,75.30216105345187
1166141,59.67547634846859
1166145,97.88490390497114
1166147,919.6676277656139
1166161,201.94108523328575
1166168,119.6038378821968
1166180,106.77691608697518
1166204,100.3168723066017
1166219,54.8026927992183
1166222,35.21211986189996
1166225,35.59839589312798
1166233,216.35241763415695
1166240,41.69129293537291
1166260,50.710772561393526
1166273,43.2301647533659
1166342,19.855486099732836
1166412,192.38663659536797
1166420,261.1757666158199
1166438,190.26382702774526
1166445,118.85079146816811
1166459,249.69691137217316
1166466,92.77106683600505
1166528,28.083783711437057
1166543,45.363568047645636
1166553,229.9760984907389
1166572,77.01508878800169
1166579,160.16162830156514
1166586,162.12154613090217
1166592,157.87636175847587
1166614,247.02728555968997
1166615,481.14978147793056
1166618,856.9007904973473
1166622,9.083920986860806
1166644,90.38751204488237
1166693,93.13186820764857
1166709,67.1162837540711
1166811,29.619577356709804
1166812,21.597818113984005
1166830,120.50837256801896
1166846,225.63984752509248
1166855,456.2026687363944
1166878,1277.852417303784
1166881,25.790093061432035
1166888,81.66287045824686
1166910,271.0364594055819
1166942,87.26674361154359
1166952,394.5018556693698
1166954,53.54807301861181
1166964,329.18085662151503
1166976,411.810260089939
1167008,11.407684833651018
1167009,58.851392839550925
1167015,204.19798385610062
1167018,10.881947426607304
1167023,179.22774768362126
1167044,70.67729245530532
1167103,124.46773911602496
1167114,207.8086512469227
1167123,387.2584664423108
1167138,0.04026070778249373
1167140,180.64437079918167
1167154,144.41359248962638
1167180,155.742837072824
1167183,207.13291455673348
1167184,31.598064034082363
1167194,154.09230588233692
1167197,40.79917103199465
1167223,281.54559980052653
1167231,407.79445881759136
1167256,1752.7680704616455
1167271,750.7825055822806
1167273,350.2800571184478
1167285,16.68705633102554
1167286,54.25374950826997
1167315,131.6742883266378
1167321,136.38012755334944
1167345,42.15390707551243
1167346,281.4338514978908
1167347,104.76073161941437
1167386,44.116072531334424
1167392,143.82600531223628
1167396,10.352932942641885
1167403,77.99127141427091
1167420,188.82199604127715
1167480,73.25750286261986
1167481,217.70347083165439
1167503,42.552771534812244
1167505,360.6072649914582
1167507,9.051024535594316
1167549,145.1850495519066
1167571,110.68771422945821
1167595,13.837267882169229
1167608,1.5038734658628101
1167611,120.30386565518148
1167613,28.947105172646054
1167614,277.21768499338776
1167618,252.39676335660425
1167619,113.8282067123571
1167627,92.64023773572045
1167629,144.87984100696912
1167634,766.4644426033755
1167640,174.40040516027892
1167651,13.894145594409768
1167678,96.5325191225809
1167679,1293.074524058957
1167686,688.1130699724083
1167708,60.14455213489379
1167724,1121.4712074559247
1167739,110.39706127728427
1167747,294.99292490272114
1167748,203.0554517869368
1167774,44.65644499132381
1167780,41.21449494793165
1167783,45.49617298711343
1167786,45.79995444358106
1167804,32.242717046998905
1167812,74.21437315603866
1167841,663.9970393674234
1167856,125.59090284283448
1167859,984.5773602735311
1167876,43.744624130677735
1167940,92.61899960061933
1167949,54.32833813514491
1167983,213.67502736924916
1168000,53.19545078719411
1168002,546.2307894268663
1168006,72.26678225606817
1168040,238.253431188746
1168044,125.84753405968436
1168048,78.35880530115412
1168055,21.789307964807225
1168060,138.11749662669317
1168138,79.58059180916015
1168141,462.9090351908551
1168148,130.46191659437133
1168162,557.5206783959252
1168202,23.22793697882225
1168203,124.01645584413794
1168245,2.7114679800261547
1168271,163.7115049831996
1168286,139.40945010133146
1168290,1279.3817013571631
1168297,74.23036721535615
1168313,92.31566064792841
1168331,284.80882281116135
1168372,379.0226380346039
1168385,170.19087676077666
1168400,120.67639583092055
1168409,14.186300994338891
1168450,1408.8080728718828
1168482,25.36934968904353
1168500,561.2561670908254
1168507,52.556112160555564
1168512,35.19931133129426
1168517,221.32292209614235
1168528,22.393867080856605
1168534,159.51537007961718
1168535,28.735916341754574
1168538,40.07908830103536
1168545,14.295147633500875
1168556,66.08148730029319
1168582,29.332461949200322
1168617,495.0023175482249
1168628,77.42165778641598
1168634,72.62037569568976
1168641,851.2517148730631
1168659,52.68773613970998
1168663,274.42895137802344
1168666,421.2314198691906
1168667,9.613638244873352
1168700,86.80055090571605
1168706,412.9775578420526
1168741,110.13862501630774
1168750,170.331205579351
1168775,9.988227075208659
1168852,199.50682430043645
1168881,150.04230222395907
1168898,162.34234879650225
1168909,528.2931710152623
1168918,59.213923189613666
1168925,16.698673822403812
1168965,676.961016298563
1168967,1070.386760673924
1168970,20.060611591934112
1169013,72.00019853667573
1169044,593.2557617468553
1169066,78.75511417629701
1169082,19.452491944501112
1169083,15.407547326182089
1169085,134.98741572916134
1169109,1169.9472600157726
1169115,538.2796430912754
1169118,344.9077538947953
1169119,288.0006234036261
1169123,460.045187327081
1169197,15.086621361536599
1169201,221.95933887916627
1169203,109.45617428557414
1169207,57.74182283858538
1169218,57.72528429127045
1169225,431.6264333868718
1169253,538.5621974606872
1169260,89.50347181432014
1169272,31.813894198820396
1169274,33.70360953256222
1169282,43.79395805035546
1169301,180.43848758557607
1169305,28.904818195512018
1169331,17.174164706372178
1169338,30.35070371713245
1169375,566.991486495161
1169391,605.1517622446511
1169404,62.86361616705781
1169405,45.930358589018
1169426,277.6126108629686
1169445,518.027190156056
1169520,237.17646930273534
1169545,53.45701266603345
1169548,23.67419130958389
1169576,515.9564982632427
1169578,87.99754844696724
1169581,63.96553042715653
1169611,346.57494426054535
1169619,166.0798553934779
1169645,140.1375260929288
1169666,55.68303337610215
1169715,187.29867402628895
1169717,95.18848208633399
1169730,578.7880275682421
1169740,13.114592051831519
1169748,17.565992551594473
1169752,133.22558671989222
1169758,40.83290151049588
1169768,24.27363680190128
1169772,54.127136811531386
1169782,22.333738662813257
1169788,85.1185043979096
1169805,115.93323562007171
1169837,29.252356600178555
1169852,1309.8213039925806
1169855,141.97240139862834
1169864,12.766687985075444
1169870,94.15175614182573
1169895,157.86519234463944
1169912,128.62194256939566
1169917,113.46658278962649
1169953,236.6580992286754
1169970,64.85555768927755
1170010,95.29163735018291
1170013,35.52008903289789
1170029,37.8669011385425
1170030,247.42900841417872
1170036,78.28704645108579
1170047,94.45481419679264
1170057,74.94124118769592
1170077,77.52195711949801
1170114,314.06962740429907
1170120,146.02093298094164
1170143,244.9678629678772
1170147,80.98983049051056
1170153,117.35359138444105
1170173,131.2077632001468
1170183,241.03276218113223
1170203,54.02666243669108
1170204,337.2189458919699
1170208,92.05002872064367
1170237,13.627510528699796
1170240,35.05133710255583
1170261,182.04609279477816
1170276,210.19538944378903
1170280,132.7225332779013
1170333,135.42654588996032
1170339,97.804932834971
1170347,16.930668521156512
1170391,141.39934322755448
1170392,404.3315992758938
1170403,107.07223297406763
1170430,257.78691777592917
1170441,614.6175216579533
1170446,31.062616892716456
1170447,553.3313761614021
1170464,221.8596440023931
1170472,234.20669155352022
1170489,51.915278340763244
1170492,185.34783385806605
1170494,523.058323303558
1170498,112.35418865053718
1170505,116.36637345333303
1170506,622.959877459894
1170512,287.75039104305847
1170520,116.71379122974082
1170529,241.52282608704297
1170531,11.705509205902366
1170554,35.42655376861846
1170575,33.54921210518947
1170587,36.64370090422507
1170609,39.36608715478485
1170610,24.150229945954226
1170613,658.5816151201502
1170636,215.40476321011627
1170667,19.849041777857515
1170712,1214.1287367353063
1170745,909.9284280050855
1170771,14.91328310915553
1170773,0.0
1170791,290.4780610882441
1170801,52.12632274654786
1170897,163.5074414140747
1170902,48.80242736769073
1170942,62.904135851882884
1170956,286.9383887015487
1170957,18.51954047482233
1170969,40.85534409600512
1171028,53.86627234474007
1171030,282.7880944114291
1171033,53.63491094145867
1171071,15.389089432403688
1171101,326.55969178858453
1171114,46.976582561168264
1171130,461.57051000836265
1171147,16.957769164973985
1171152,23.21670403758412
1171163,86.70724565827491
1171175,192.99189766021613
1171185,26.290880218095158
1171196,268.1668969648145
1171208,464.9898497768433
1171211,1086.784303286733
1171212,63.7371030163984
1171225,660.5632290311254
1171237,594.7626218061918
1171254,61.5270341822035
1171256,13.403483901541135
1171262,28.346025424041773
1171263,55.61337005301281
1171266,103.96504716318732
1171279,93.14193792253872
1171282,283.33568715857876
1171305,145.91070625510812
1171313,144.5386653779055
1171318,322.4313211726802
1171323,428.1789955267643
1171351,45.478406408736475
1171352,658.123842116557
1171357,102.47330875687366
1171370,98.62054296460651
1171371,28.533460103338196
1171380,691.5549545170115
1171397,16.717495776614893
1171401,228.6604251110206
1171409,200.49363669063266
1171411,52.22865230266164
1171413,23.444056322945947
1171474,165.75273369741885
1171492,451.21983079723697
1171496,59.43775527876767
1171509,33.66133698858617
1171521,181.72405044772307
1171522,27.054308828861863
1171583,524.1163245164531
1171591,127.8876356235186
1171598,54.82388339498715
1171600,169.65635326188305
1171633,55.11293038436371
1171637,35.24755444878737
1171657,421.2199364781954
1171672,385.52694060833227
1171684,12.819033825655643
1171690,233.6787151196805
1171702,238.69154636000306
1171733,46.46242553012795
1171787,12.647523937187207
1171791,399.1977702768237
1171798,260.3225968505796
1171800,562.3929862153323
1171803,315.5933387304856
1171808,123.45205818559866
1171835,564.9852576075667
1171863,460.9293669886331
1171872,39.01957496180634
1171886,59.05657969091232
1171896,92.66437096888782
1171909,8.249421182972462
1171914,638.460449648349
1172007,49.20579647278097
1172039,11.263293333781254
1172045,319.3325702030557
1172065,29.97288484103672
1172071,2.9707389696302045
1172075,19.81509204243769
1172089,233.50035232197263
1172110,172.2268828150427
1172117,158.82028100764137
1172129,124.96328862192473
1172140,30.214870030156316
1172141,199.78171868030216
1172167,124.97527743358386
1172173,25.091874070429302
1172228,277.2050786862257
1172238,204.68075546944766
1172247,63.40434624672732
1172252,116.06018649120338
1172262,35.02702830374983
1172343,238.47232173019214
1172350,440.0244469063476
1172386,467.12070688945255
1172393,50.459704815412564
1172413,1113.2032205486876
1172447,75.37297733313174
1172455,74.36511826516647
1172465,60.7242091311971
1172474,257.9697366559931
1172503,414.07417502525595
1172547,206.12056392817402
1172572,35.366073554159314
1172613,1434.01095873268
1172618,362.45906917421956
1172631,15.28574535128739
1172680,41.91106642204017
1172707,39.53115989487611
1172743,479.1482471699419
1172744,185.68661687712054
1172770,131.52652943424005
1172788,83.76451409738371
1172793,292.2985535525075
1172837,51.0816694459858
1172875,286.49226927361525
1172892,94.63174244076535
1172903,41.0063170483195
1172936,115.14898147026473
1172938,58.8257193331601
1172957,68.51841621047525
1172976,22.945430907488355
1173000,33.328804849809224
1173002,73.10011703730943
1173007,166.51007666794393
1173009,102.4229049236362
1173016,74.45323317075008
1173022,75.67215818399312
1173024,55.01897330724459
1173046,180.39762951511835
1173061,340.87345080401695
1173065,183.28943828191797
1173083,682.2996222795412
1173091,432.08540004135756
1173106,115.77705948358536
1173109,121.24800284243287
1173141,321.6653034035994
1173143,39.72272447067188
1173186,42.617214831897265
1173215,2962.5668623353813
1173218,41.710992397815545
1173236,15.129096369719736
1173239,441.3495540152909
1173254,111.53950933628431
1173268,254.2006831987095
1173280,14.274467200430625
1173304,158.09233978995056
1173309,250.55012136229027
1173310,126.80741255241233
1173318,1010.9480007815091
1173342,40.02664101854516
1173347,37.57839114867619
1173357,308.1275694988821
1173359,541.6405780925279
1173361,17.53838569561942
1173379,112.27234059097337
1173395,36.956162128073814
1173416,1010.3492125345837
1173440,277.84987157101017
1173465,33.346286449363376
1173475,40.69787452435484
1173479,19.76354800868883
1173486,827.7068687055877
1173501,337.03412336246095
1173518,26.442825889124304
1173529,12.292256619062167
1173571,146.09233686187227
1173584,97.2444694137646
1173592,92.56440329955154
1173597,44.468856356632514
1173609,7.845173611388753
1173623,42.13056756236772
1173627,177.79635180689644
1173632,215.86230814332345
1173657,11.64597621306319
1173658,231.04425552123374
1173685,10.048798893371204
1173687,476.7253448771984
1173705,445.8083551907963
1173723,578.3387509472003
1173733,121.06867178585395
1173743,31.590470619225275
1173754,194.06902036980102
1173756,104.93722851527039
1173767,394.7655788614822
1173801,32.98878382106758
1173814,75.0574747481751
1173815,563.4508809813689
1173823,327.447355102925
1173866,367.01740935988863
1173875,22.080947145339707
1173901,164.85206874797655
1173914,0.7661220098205627
1173917,69.13175146076371
1173925,34.870276081001585
1173932,20.896906699673444
1173936,20.821895898047607
1173940,246.37644537743583
1173954,150.64668118015695
1173972,2110.028650041075
1173974,260.2809170675295
1173977,240.0969182786162
1173978,79.09918330454903
1173983,528.6608063259108
1173989,38.8725075624054
1173991,107.02691376084158
1173994,56.42409359874748
1174009,523.6923585978833
1174028,219.25590283749275
1174062,17.47444245840617
1174075,60.81144180518792
1174079,6.809639093913976
1174084,63.44521051699621
1174088,358.70316352670005
1174114,89.04345401266481
1174124,79.11007488990876
1174150,224.82809071411964
1174164,97.04114316959193
1174172,254.81386555209335
1174173,552.4508744048974
1174176,49.11881880735334
1174194,75.77584670528633
1174195,0.024757204295997953
1174242,14.343970188031822
1174252,25.518905055771896
1174284,185.62121462626976
1174307,89.3384790070323
1174310,39.33027922717315
1174313,175.7569317456938
1174345,401.52602125243715
1174360,171.62178296436153
1174361,60.97355504092696
1174372,24.690562206179845
1174376,86.6538336806564
1174381,14.247630575247573
1174386,54.70774869321739
1174433,48.6520339601618
1174458,614.8299031107653
1174460,150.98548698240023
1174462,301.6102606994315
1174466,130.79785823147006
1174467,165.9045417206046
1174471,122.76340027558783
1174472,890.8295611047413
1174504,349.5312628233245
1174518,70.5254577860614
1174520,332.1236572604817
1174524,760.2291494347976
1174553,201.45810639802772
1174564,206.1599389345831
1174577,17.586102893067988
1174598,151.78919603465448
1174600,210.53821388091652
1174606,995.1267098900292
1174609,224.0342599168325
1174617,32.56022853791564
1174657,121.26818275904992
1174658,3613.8617838991513
1174663,330.58852458839885
1174671,432.8747496323365
1174713,597.6740973116771
1174722,70.24191036907254
1174742,25.772734556265267
1174767,67.1838007589532
1174768,93.10019800841442
1174789,297.38956475233283
1174805,110.43367586760328
1174807,257.70186457336473
1174817,77.30890379217288
1174841,40.65408969921423
1174890,108.83758206574785
1174904,376.14279490716586
1174921,15.612291863513775
1174967,223.86761101732495
1174973,337.4863117572846
1175015,488.4756557655284
1175047,61.511072518097095
1175049,12.521935666486373
1175091,155.3534242931544
1175098,511.5089932830604
1175099,55.68953671198033
1175109,9.863243098192642
1175159,333.971382356108
1175167,117.1703879308209
1175181,92.2596068982684
1175187,63.36279148561191
1175194,57.57543151754161
1175207,27.08219050291102
1175214,202.80516208744476
1175233,27.943385005258815
1175246,786.527377447797
1175249,139.64054967715867
1175256,28.44823379352481
1175267,488.5080370057634
1175281,295.3483439212559
1175313,9.138163441392432
1175328,235.339908865933
1175329,425.22245481945254
1175333,113.36290016610744
1175348,4.385062530217527
1175372,73.68201171842567
1175393,12.308369783066611
1175396,15.789087965918531
1175421,151.19742542409216
1175433,156.64584742786792
1175440,176.87511570891573
1175443,14.490567253877222
1175458,561.2455003369109
1175470,324.588371564682
1175471,82.77247788754308
1175473,1578.7974073820228
1175478,121.80271425606077
1175490,45.13031205339622
1175530,206.70157257891947
1175536,265.83363571828863
1175537,58.81946924457544
1175539,263.81944026361526
1175542,370.5490965503957
1175552,404.69266471087656
1175553,33.784467317655455
1175594,66.95092206570398
1175595,458.1676067163543
1175602,143.05553817884734
1175645,263.9788750006818
1175655,80.2306262885792
1175659,193.28965985239716
1175672,17.20457068953431
1175679,171.6384316772837
1175684,40.48040384509482
1175687,65.08232916269255
1175735,105.21129720301917
1175738,305.1789808700951
1175740,174.25840181468158
1175778,113.40335024221946
1175779,96.95390460567259
1175781,118.93387416059295
1175785,59.305702509985345
1175819,116.29255518431536
1175823,32.91607765592799
1175825,195.63115004754633
1175832,194.72962269603207
1175834,108.51305227735472
1175845,55.24587779982989
1175851,124.50503490557975
1175881,206.28980025535085
1175889,48.02943645977898
1175893,207.31971029661156
1175925,491.4151071455416
1175963,41.49916158116956
1175969,148.94904569294792
1175998,29.89670285535905
1176036,187.21544518376282
1176114,228.5223659315999
1176115,225.2897472612992
1176118,177.89126202371668
1176123,69.90000225391876
1176143,101.81002390653705
1176152,438.853528755
1176168,44.69147643328679
1176172,88.23202587849357
1176180,225.28074299578213
1176188,306.74586866069785
1176218,369.3984615662614
1176220,247.0142038522536
1176245,33.7570531926287
1176259,125.43234333653542
1176281,282.853610920286
1176285,114.9607622372789
1176325,199.55300470317232
1176334,213.39308861154262
1176341,11.494208570106885
1176343,379.43399093674856
1176349,176.21286002429628
1176365,69.71221181673998
1176395,37.149664556393034
1176424,10.622704388781912
1176446,227.92598842292782
1176447,57.71230202863746
1176448,671.578521661283
1176469,69.61907501759991
1176480,127.34519938416915
1176486,243.5814247628714
1176491,28.021662559554862
1176492,57.29425943222833
1176563,43.45618918513288
1176566,129.25416754399217
1176603,106.77360425153091
1176648,126.57118904840321
1176666,122.90651603984126
1176669,636.0191845512963
1176675,74.61455983043788
1176682,66.31871092696457
1176683,20.9598230828707
1176686,32.55952231201174
1176696,27.926118744124256
1176711,20.01991486589277
1176713,69.4743458948556
1176726,285.30739509400206
1176747,115.86696689433835
1176775,93.55144156982671
1176781,99.45829554379301
1176790,27.079948424135505
1176816,32.21725448618505
1176823,888.6481352704106
1176830,247.70412906985595
1176836,980.8569519159904
1176875,13.935605134054152
1176893,40.074666410433714
1176972,81.68992852454046
1176978,8.834189054090622
1176990,62.3170649941924
1176996,29.482135337596457
1177025,151.5767461618282
1177028,42.55468356505993
1177098,901.2027774237116
1177106,1242.6480754588235
1177114,70.82629152693994
1177141,91.8148487743292
1177147,3.2284675356562227
1177149,93.01262838237778
1177169,78.60318815436746
1177177,30.035530331616027
1177184,63.39645779282278
1177199,541.2506578571885
1177200,26.288942675900014
1177201,231.80472972111863
1177213,257.59631103929314
1177218,103.10911675275116
1177231,61.72558641203242
1177248,128.1431860134519
1177255,27.59811539419924
1177267,257.8350277477324
1177275,387.44712597212913
1177282,1305.6013753780608
1177300,65.55441423480269
1177336,17.677037776816217
1177395,91.52563760683066
1177408,49.64181456069275
1177417,256.29925158972077
1177426,38.18085355730916
1177453,224.12335566727793
1177457,47.41657851694691
1177460,196.6633532313833
1177475,0.0
1177476,104.1949161756534
1177494,70.31320996357695
1177502,11.75129796072512
1177527,285.79792551652446
1177540,23.582825366123842
1177550,48.73938819325206
1177585,577.7728977491602
1177597,185.98927404790095
1177611,276.88033963219334
1177612,297.0175288718915
1177634,128.3347213131964
1177648,267.1058348211238
1177651,382.118054380029
1177655,130.61160070316762
1177684,46.468113418057555
1177716,345.4810731502172
1177757,114.539534849985
1177759,23.644697688113517
1177789,73.20297949860006
1177798,2072.867252366069
1177808,22.058766824019965
1177817,178.99408938875342
1177828,114.7336287951903
1177846,160.9793909383743
1177855,84.1809629108551
1177861,1572.5842511014837
1177870,186.80695885726306
1177881,17.56631359672306
1177882,121.5341280955529
1177896,57.60330187359534
1177901,47.23206500163307
1177914,23.13623304713948
1177948,104.31712232152084
1177955,10.31053452980373
1177959,123.54457211996548
1177978,133.4810329058169
1177980,54.43174430591297
1177992,109.34632950302641
1178015,0.6933678305047579
1178026,190.78091743612762
1178037,227.16263381943435
1178038,26.73275912094994
1178054,60.9567817125247
1178070,196.20029598442898
1178105,218.15188228063963
1178106,1623.2381013193578
1178109,120.04638730597611
1178120,122.88233278381765
1178189,128.60475137633964
1178195,346.5272406151823
1178203,521.7544844560487
1178206,1711.4838039139531
1178247,11.77436092956246
1178264,898.0995611695196
1178324,358.12968566330676
1178326,210.3597786279708
1178329,308.9119117447636
1178338,272.0530939170464
1178356,137.69324450032576
1178379,404.56769178233134
1178390,545.0767542140813
1178409,197.63005890959874
1178436,216.2422421021913
1178473,181.1786483390444
1178504,112.35706831708842
1178509,40.50345477988448
1178515,501.3023238935001
1178578,1826.1629577392114
1178586,92.44439819179581
1178617,874.0504633076699
1178623,297.7175264996514
1178631,474.2143061282335
1178643,231.9412929121401
1178671,31.58501921528879
1178675,40.17766852290369
1178707,39.889918529575105
1178714,148.83970190034202
1178734,174.53293659181824
1178750,38.46186099533318
1178756,130.82549731188334
1178760,63.39979304194793
1178769,104.54797532495115
1178819,21.337237607794293
1178821,408.9294452324892
1178834,22.21028917445209
1178839,60.38098303351974
1178848,210.51319188796393
1178853,48.2270359973471
1178879,690.6547239968945
1178881,133.08531420074962
1178892,99.3142458078363
1178898,110.84856123631224
1178918,87.71848052390814
1178919,96.14431287827661
1178941,172.30726676040425
1178951,26.913108606107123
1178953,106.94460979372049
1178960,69.51120904036961
1178964,59.46981702030158
1178992,314.2458280930416
1179024,109.45475721470476
1179049,956.0868266566138
1179084,70.12459781365756
1179101,350.39829338625924
1179146,86.85046468689853
1179154,1446.2085416888424
1179169,89.76342984223717
1179175,609.8265459089093
1179178,208.92669638131412
1179183,29.583377177261053
1179187,830.2151233288408
1179188,360.10661122396357
1179192,276.8176887487656
1179231,137.29156011515713
1179236,85.10733116790233
1179239,148.68094385795686
1179248,40.236659256001495
1179255,18.82597180331382
1179258,179.72945114302735
1179263,378.7730097144741
1179267,108.74901876536356
1179278,27.41560520839075
1179301,227.89824719411538
1179336,250.28898986376927
1179351,125.734034779149
1179357,159.41656555303493
1179359,19.062286665801015
1179367,131.09655849012816
1179388,51.99095118998201
1179404,319.76030919444673
1179414,42.03492202819937
1179430,35.833191800884435
1179458,52.783617675937
1179480,124.29058869471385
1179481,296.2280528247752
1179491,37.431918635200276
1179493,0.0001475256314536567
1179494,1040.6237951971234
1179503,29.201050454408936
1179517,1037.2218819416732
1179522,33.57236158402813
1179547,634.8457395637549
1179550,43.80262822036841
1179559,133.31243172474657
1179564,4.7536220979688935
1179600,468.7090234176611
1179641,117.24825048045113
1179644,174.85038177844663
1179700,19.342178789904764
1179723,222.2070182602901
1179725,51.595847553264164
1179749,218.3289045481129
1179754,13.521821986379813
1179762,533.1487183106204
1179775,172.67589255089197
1179779,67.00249190510169
1179825,51.39952791309834
1179829,2261.3073486997923
1179836,73.53523852687293
1179843,42.194460321898305
1179844,55.54755854082493
1179847,193.75899888204933
1179858,10.95497375518996
1179865,8.825894689664775
1179879,865.3874948050859
1179883,109.8138427974833
1179891,573.188047519959
1179911,49.36691093771135
1179921,48.731783728107104
1179927,64.75471375562566
1179933,261.1425450068737
1179936,49.589832203775515
1179950,558.2522186359947
1179951,223.20860371681079
1179968,139.4985356773082
1179973,96.7150393228305
1179976,701.8105254739726
1179988,761.64085451032
1179995,435.5166731055448
1180004,99.57619467834645
1180036,63.85068611303113
1180048,128.69033386261273
1180055,23.112729588807127
1180058,365.2611950568796
1180066,165.6468887389521
1180067,42.51472496805891
1180074,123.1077738798711
1180088,252.7593047823135
1180107,22.8014018847174
1180117,309.1423653524461
1180122,20.994099517464196
1180146,248.79673923617452
1180163,212.96307195733857
1180183,20.433528855017823
1180221,354.0967996903602
1180223,53.50267884190747
1180229,140.05780185243827
1180232,74.50812016961174
1180242,382.55177217887206
1180246,325.01463083560014
1180256,131.5478637323588
1180259,288.75409544122346
1180274,267.0821788563004
1180280,587.854893776543
1180290,280.2541880216907
1180295,40.499130140212635
1180298,139.8311106918336
1180354,17.59404164099931
1180363,953.6670648358254
1180389,155.88331026138368
1180413,30.9452983632132
1180417,464.525154044462
1180421,24.989115983928393
1180427,81.35746490837481
1180443,9.667913278005003
1180446,14.411832032135921
1180457,286.19836332806466
1180477,295.5668534372016
1180510,13.48792189695029
1180513,198.62831315994652
1180550,12.94768143563866
1180567,38.12734923017584
1180576,39.81892300635301
1180580,1473.874237678884
1180599,152.238650943135
1180610,535.5229007191774
1180646,459.0926192038833
1180650,151.4746612991577
1180672,95.45742208806854
1180673,225.21772795198612
1180681,245.65357862231076
1180684,75.975178023132
1180697,423.4950742325807
1180700,72.97727062524287
1180711,117.69578483818462
1180712,216.89923757427525
1180721,47.76382071140499
1180736,30.578954826012595
1180756,258.4781853750523
1180767,812.1601428809287
1180798,226.6507568084221
1180811,241.4706670806294
1180812,159.40700180359661
1180813,303.4627824413192
1180814,15.62851953808114
1180816,138.38553288966563
1180839,182.52096829688713
1180844,128.0877833434981
1180851,227.03704128569095
1180874,36.70615610631615
1180897,1122.697086573887
1180905,40.8053444851449
1180934,25.48139251355724
1180958,104.4906455579238
1180962,852.6460066718167
1180965,44.762433599165256
1180967,37.9787330118446
1180975,530.011882772424
1180979,9.525030737950296
1181013,79.42413248700304
1181024,247.8471093586592
1181052,177.27302179154174
1181074,92.12268208814567
1181097,65.73454614189546
1181108,38.123035701305405
1181111,860.0184835339107
1181114,71.99470024485886
1181119,110.16553669434583
1181140,467.7522479754411
1181152,3.6359777260193296
1181156,60.0479228462565
1181159,395.6839241375344
1181166,106.83093407668838
1181173,89.39638185865901
1181176,29.213766681793285
1181187,110.07767433669514
1181195,16.762465731966255
1181209,113.21109883228793
1181215,218.10042228180126
1181234,147.9873299097414
1181252,33.9762448039497
1181254,4.3968520486000084
1181256,695.9147300072175
1181286,86.86302357486827
1181288,30.10582311255407
1181307,103.22671593584899
1181328,108.86609870059793
1181335,30.234661080208735
1181346,68.78512531114795
1181360,297.05823094925273
1181409,76.7468913585052
1181412,11.716169213633234
1181440,132.4776133418578
1181465,127.02847184262137
1181471,431.5012458927245
1181474,63.4603794580175
1181477,48.24848598794401
1181479,191.1081888430202
1181485,190.23728718345387
1181514,70.53439355548598
1181520,104.5820045705636
1181530,73.08119401424332
1181549,362.61189409354733
1181575,798.9856399592267
1181597,193.5060056447245
1181613,167.09940185606675
1181616,14.6894897670303
1181627,9.320935928370183
1181642,599.3494111088341
1181657,229.86745809721586
1181666,210.32529572257735
1181673,25.78108171812141
1181698,33.405708953646354
1181712,45.987045816719935
1181713,99.35898377847862
1181728,216.6512138592176
1181734,61.09768420937533
1181744,28.898471264414496
1181753,858.8447666881993
1181755,176.3495401216799
1181766,53.912280114838765
1181771,228.78947003463645
1181809,343.05480505255224
1181820,82.12481831941997
1181824,39.45540731288425
1181839,66.23850147573303
1181846,64.13109209950578
1181871,839.2855454164866
1181919,48.8970026899116
1181945,499.85384232175085
1181948,82.48789336708072
1181972,5.6859607007017265
1181977,155.25447812027073
1181980,184.49622385806745
1182008,188.61894021360624
1182013,182.38286813841177
1182017,502.9457159427857
1182033,134.40989041073965
1182041,166.25517211637316
1182051,280.41044260091076
1182054,139.9967907664415
1182059,112.65176623977193
1182114,161.4741786248003
1182115,47.09449778231379
1182119,85.59275099480718
1182135,95.47525753796769
1182139,745.6066072020209
1182144,91.8977732505363
1182168,85.92739464680393
1182172,677.3492333967342
1182176,86.22369898135004
1182198,118.70756443500451
1182203,573.2698843748768
1182211,359.7752355986365
1182231,1518.806448269522
1182264,750.8874936235352
1182284,184.93797105701617
1182305,81.42320081073089
1182328,240.62492681400335
1182334,7.040671017136243
1182337,41.610655201100556
1182340,171.78083689682995
1182344,222.72405464146593
1182352,0.1999997631248893
1182360,150.75764981102853
1182370,341.01145980986416
1182396,16.39983783503791
1182403,32.04087337653268
1182446,468.2751638554825
1182492,832.9461483227783
1182497,1575.4138261327557
1182532,340.49881001854027
1182550,162.38574300449116
1182553,212.37518208329442
1182612,190.00359807880184
1182641,79.78287822787374
1182646,52.028206706137
1182678,604.0822786200201
1182721,76.71642284800308
1182751,283.92552660031976
1182796,60.856309632698135
1182802,19.309311639592536
1182831,75.9436435801175
1182836,158.28408711966534
1182843,109.52669394528967
1182872,242.52973559580354
1182877,213.77963094635373
1182886,54.00143346275506
1182896,434.0652787855684
1182900,163.91874623373005
1182906,241.59127891262207
1182924,48.10403692795778
1182933,53.907038043132545
1182935,298.03012979361824
1182953,583.8251464737651
1182987,56.67642343883462
1183018,190.1872639231693
1183033,422.59792811754494
1183036,137.9284206786973
1183053,56.648346457825156
1183058,112.35867990777201
1183080,247.70601584535467
1183107,116.51581276178602
1183120,130.9556850381079
1183147,75.42512916481523
1183152,1138.4888834386122
1183162,257.2235980186812
1183169,694.3375373539062
1183173,71.64171924309134
1183189,9.180223839296053
1183200,160.87636497866006
1183217,25.299772981606914
1183226,224.18362289565636
1183235,360.8864807780964
1183244,107.33709080236281
1183250,414.3105795597825
1183251,44.12597584014628
1183298,46.523135382317975
1183307,101.54178114997477
1183310,30.17059746647952
1183320,30.654327808676552
1183331,239.62149412088664
1183342,172.87344598726645
1183358,772.3584284201033
1183373,142.71537548806438
1183385,171.27709005901607
1183386,111.7736661818799
1183397,538.2825587225472
1183418,58.01354464326107
1183423,12.51166579452786
1183464,15.629157213653732
1183480,46.28573220455501
1183500,76.20383879508049
1183503,271.4340665084632
1183511,56.416665278426045
1183542,22.108796929464233
1183543,645.3463696990445
1183572,61.5014710943752
1183601,80.81875176714878
1183611,293.5957884546303
1183617,204.75892043798018
1183641,1566.6267229142186
1183707,77.33248620450557
1183714,109.37571091511808
1183728,136.5523182136181
1183783,109.07598348224806
1183823,37.61667342815504
1183839,13.20953064704535
1183866,93.26910225863278
1183882,98.76785175525538
1183895,609.5785876246313
1183897,393.87757682284195
1183904,77.32199103873957
1183910,21.94757538704762
1183920,19.47596327372625
1183926,9.203321735281463
1183936,735.6766576520915
1183974,164.91335856691578
1183999,19.51462789389929
1184046,47.46943354284402
1184062,414.69087363200373
1184081,208.1691087115056
1184088,77.92807565915471
1184103,112.19164062221026
1184109,36.84388530333798
1184112,157.06332651024158
1184133,359.33745282276107
1184143,182.44666435805274
1184160,381.98689920170176
1184166,146.87519587535266
1184174,1942.127634695503
1184220,68.57534749379178
1184241,642.0029650172809
1184246,446.68969788380525
1184251,536.681930049673
1184252,458.87744869078864
1184259,79.7994308712414
1184273,519.0090607616143
1184287,99.78457536798906
1184297,6.16285846030878
1184324,378.31743913098853
1184336,52.94771409773115
1184350,76.48606387772561
1184351,224.9057308138324
1184400,458.01900398337347
1184430,461.88013683477993
1184440,30.782215831198595
1184448,393.10686534811657
1184457,295.27697037146777
1184466,142.12238256351523
1184480,42.46878115915195
1184487,70.48304048398377
1184517,175.8841477063161
1184545,166.46103385512035
1184561,428.29658095271037
1184567,24.030562643930466
1184574,205.6385505943158
1184580,373.0448463709797
1184587,604.7205785107451
1184605,184.95551726749719
1184610,16.311630283286423
1184629,30.268308944741946
1184657,64.52879147745047
1184696,65.63505461090992
1184723,475.64317725255194
1184746,233.3958929723764
1184750,152.98071135636775
1184753,138.10679841388955
1184775,27.63903408003064
1184809,93.88735909774299
1184813,190.46288771883167
1184839,114.8107525412553
1184845,15.585347274272976
1184847,73.24846084184962
1184858,174.12063649680087
1184862,74.89944852506905
1184868,435.6731590488093
1184878,39.74706731781141
1184897,26.70294684823245
1184922,802.1439485409098
1184923,269.5839716502845
1184958,258.92380962230425
1184976,644.9142071009222
1184979,48.08480093569285
1184984,611.3788674326521
1185011,112.18001945645146
1185029,71.60801507275036
1185031,1431.5452165152524
1185048,103.35963281519443
1185056,38.78044515858677
1185079,131.9024539576112
1185115,33.3367257648948
1185120,244.03632745374713
1185125,5.345005203110401
1185139,779.9377984699596
1185155,23.64263778377768
1185173,211.77027936435152
1185214,228.99052071051818
1185226,654.8256771081022
1185243,427.78273691389626
1185266,395.4117693272293
1185269,87.77325867237143
1185291,1581.533780902005
1185320,498.89424492557
1185326,83.32873087383608
1185338,4.955795093490874
1185356,70.10439106836677
1185374,322.0213752104544
1185405,109.12405254024497
1185418,148.1686752296631
1185434,1796.5791903769702
1185453,1059.746245150616
1185456,320.1896511820746
1185462,16.68677496336421
1185486,9.316489582516475
1185489,308.3156217558323
1185511,205.5125543542897
1185545,205.50287820749367
1185549,43.926245166480854
1185551,1.5152104566779647
1185564,89.46284373317594
1185582,229.6972445155283
1185615,476.12688075731296
1185618,241.72360953567124
1185619,303.9201496550348
1185623,85.45356387747914
1185678,119.19268874583994
1185689,144.3057012083595
1185691,14.800945175409145
1185694,292.70496463247804
1185698,196.1378263045865
1185715,52.49475640314973
1185727,26.61273363750032
1185761,11.886058175288229
1185766,0.19060046469627762
1185774,57.887543923475896
1185779,1018.3890536003059
1185785,293.2735777378985
1185809,117.78278705139317
1185819,307.85193875810364
1185820,1043.0014489018713
1185822,680.1231666693566
1185867,38.320313480712606
1185911,114.90990500206199
1185945,32.18197920949055
1185989,10.91873108226431
1185994,236.93099555194112
1186000,46.52128963692115
1186034,327.7661540682368
1186038,194.5769572563403
1186069,53.09832523547484
1186075,5.899571893444802
1186084,35.17523731719366
1186097,343.5594165022758
1186105,226.13464379212226
1186113,258.8193178440779
1186135,317.43894319323596
1186148,596.772760076017
1186216,328.4593915404061
1186251,483.3043970727982
1186321,65.61960871185795
1186355,20.110994611546634
1186359,66.93042748757284
1186368,121.29528120272789
1186395,190.17333267700488
1186410,385.65194442157997
1186445,232.6629935081926
1186515,102.24549022270992
1186540,877.8759045347767
1186542,47.96451648402433
1186545,106.36673140507857
1186546,59.728836085219534
1186550,349.34743730505204
1186575,16.93759959941651
1186584,167.93701393390052
1186594,125.02766407665679
1186649,29.326758104169993
1186697,549.1401465681419
1186700,200.04458022291897
1186701,70.47088971333588
1186723,46.333123396549425
1186787,109.23048214624488
1186797,61.041038264896514
1186826,189.28610735836057
1186842,32.826482340597416
1186849,202.01388470286815
1186891,137.47817185484715
1186897,80.57116749123703
1186898,643.655298913062
1186917,74.22269988191836
1186919,87.68959311176266
1186923,171.88114124989283
1186948,17.43610093408087
1186950,98.20922711767687
1186964,124.79442588432644
1186967,373.54372646407364
1186970,148.80439732681018
1186984,281.8229398779772
1186995,372.0014354132589
1187024,303.3237406128337
1187068,39.87417558722063
1187092,132.32750895450727
1187105,11.90019539165921
1187117,15.82187010618566
1187131,191.43446571682685
1187170,38.601502407710605
1187183,22.819710150496043
1187185,576.9718370187188
1187193,202.0562202157126
1187206,42.08665222301416
1187218,15.08267865086288
1187227,99.70349560524897
1187229,58.54685882764767
1187231,373.078024630338
1187232,49.092145390391146
1187242,45.116689459317705
1187246,76.95402981228159
1187248,55.595972441569444
1187267,602.6015933710075
1187272,463.7039949237119
1187281,461.3406509715885
1187353,41.39482959996436
1187366,77.92545161291956
1187374,179.75705230322794
1187402,54.751756457473206
1187407,211.62593696168793
1187416,57.219774844584364
1187456,294.3433458458435
1187461,37.742423213578874
1187463,954.1875145828108
1187473,36.51860939186775
1187479,270.9028687564807
1187485,63.74541415257293
1187504,136.29789028388868
1187505,61.2652888950974
1187507,10.658216761945408
1187527,559.1527914090691
1187581,838.0402430409345
1187584,136.6532314668553
1187631,90.63641929116666
1187634,133.12964121044732
1187657,1009.1989380929843
1187665,125.54433181921478
1187666,46.82566557101006
1187668,131.64520788719474
1187686,120.97302654915602
1187699,2212.3047618842984
1187741,10.776017608565017
1187745,531.6546016486278
1187774,62.24850705221593
1187793,54.64842907560323
1187815,211.2082096989654
1187828,240.92783134713412
1187833,22.17234503119147
1187850,714.723636420504
1187865,106.02814420007303
1187872,124.36200729188076
1187892,47.358242354425585
1187916,361.08229016761277
1187938,52.69088842028924
1187958,240.81622502026508
1187963,243.06826848072114
1187970,476.3559627979404
1187973,47.69422666679598
1187987,441.069032183403
1188019,900.0322676085851
1188052,138.3890860252353
1188104,303.8218447058869
1188111,46.58335494037938
1188114,43.16891000050155
1188121,3.89395148898611
1188123,20.187962602395363
1188126,23.234648792853253
1188139,333.53521098503035
1188175,24.326862191175138
1188205,759.8997087782255
1188222,233.41529044835292
1188240,540.8573611071293
1188251,159.53776890192952
1188311,51.89292154844162
1188351,325.77162349334236
1188384,128.4424849346479
1188391,717.3518169881139
1188398,22.43168865334346
1188409,14.87596019513817
1188416,114.37279835850278
1188459,176.85819212675804
1188460,318.7620544016131
1188526,61.115024626918014
1188527,129.0280191628258
1188533,307.58441351287297
1188547,437.2426178895477
1188565,210.2221547754526
1188584,392.5281169500935
1188591,1731.4925139893182
1188609,344.2621013567378
1188626,64.10455441240626
1188630,39.93524704874704
1188645,153.30384711097133
1188655,23.21283789685517
1188656,95.13288525608385
1188670,319.29543074845105
1188742,179.6533478567346
1188748,23.695197950652325
1188752,129.39825703874058
1188755,170.12791305847725
1188764,19.449368020635788
1188770,49.95202818186449
1188771,20.019122146748387
1188811,229.23861288294248
1188841,325.4821466116997
1188853,548.9412976820771
1188873,229.8513136310595
1188897,145.71488215650024
1188903,146.90583794194222
1188905,272.52927430838776
1188906,135.65287417463458
1188918,278.28024420102264
1188923,516.3094110119134
1188932,45.960796814786235
1188956,360.7995242524745
1188980,167.0598940064881
1188982,231.42296273127891
1188988,39.399402303080834
1188996,1092.0168484032151
1189012,52.39607443405952
1189023,44.6924443242761
1189058,553.6527393870081
1189064,66.12702391221228
1189067,16.716631968189375
1189072,404.85086261547735
1189088,90.98323217154262
1189106,25.779875893813312
1189123,402.0208705375697
1189136,27.157150805101764
1189141,220.33598197360087
1189165,36.79071463223494
1189202,22.695630798192
1189218,69.78235230262169
1189234,33.917059334565835
1189249,493.4482397474468
1189256,424.7982439570893
1189265,1224.8792198123158
1189272,53.563662169299846
1189297,209.16260754926074
1189301,84.44697245680355
1189309,200.84725834062755
1189314,61.27642187139831
1189322,281.3603986922663
1189323,1.7046801003482714
1189345,20.37593163642355
1189355,264.36820428127294
1189364,264.7170983634713
1189397,89.0904519228331
1189411,47.92859988374035
1189431,99.64176452265613
1189443,26.70068418124784
1189549,363.7414008938735
1189551,26.295358238872492
1189592,101.13134828107239
1189624,89.88403809368351
1189643,160.90322869328963
1189658,539.7350743225978
1189682,67.56873030951775
1189684,228.36046343723714
1189724,18.80007154920537
1189762,159.96687901932356
1189783,26.904664331064858
1189803,27.219124172907673
1189808,475.14697357606286
1189831,342.00097679370566
1189836,17.069582935518635
1189866,136.8768636691979
1189870,298.5656387437688
1189895,77.39721655234561
1189909,22.988754895981078
1189914,191.3633298071857
1189918,33.6445168625918
1189930,193.1194132854603
1189931,98.59019660227636
1189941,47.79837203377226
1189946,68.87345599469501
1189950,53.612511892922114
1189952,94.61289960490309
1189968,75.20627875579792
1189975,445.70755403353337
1190011,195.1908119867802
1190020,572.4176267037568
1190022,331.2568384256285
1190027,22.26305792915879
1190084,121.26374375542653
1190103,231.90138241724532
1190133,24.50259787491792
1190145,13.125976019293002
1190160,20.41213513101843
1190162,390.74397192602316
1190178,86.20245591387108
1190203,0.3625322584703706
1190207,84.21810882145978
1190208,461.14188481749477
1190225,21.10949750478221
1190243,134.94478519626603
1190308,140.14933928520423
1190415,224.8370346112413
1190444,92.57581663248217
1190458,2187.816697777579
1190478,179.76815778686935
1190479,24.78856734405095
1190493,20.826371905420377
1190515,47.29157013313489
1190516,86.8858886381598
1190534,92.39544099048058
1190535,171.51746422373435
1190560,43.766073650024644
1190568,357.84290190972933
1190579,105.96501205982675
1190587,23.212608993523677
1190598,44.12054564285744
1190610,292.94682020928076
1190633,709.1281325611476
1190637,548.3846689543451
1190645,23.887444092851535
1190647,381.52675788509833
1190650,6.87526855282529
1190669,59.11816547748923
1190687,150.050795736043
1190688,57.618550891845786
1190701,15.315990947116305
1190711,353.6989978269542
1190728,510.71916513274795
1190755,1709.6089602664363
1190765,10.242216579779878
1190768,379.97440443223206
1190784,1428.2925823246449
1190800,32.120009629995906
1190838,28.21510339029105
1190878,27.36436676240611
1190890,37.67252447687036
1190892,150.8634727132705
1190900,471.27766177847633
1190919,130.23445215812532
1190954,32.421560605085446
1190987,28.1689572426404
1190997,136.16703446480307
1191021,139.35311237393657
1191038,15.494030775179235
1191040,71.61843133717007
1191055,106.39736373643376
1191059,160.53889830269534
1191088,39.94029923695987
1191121,301.1428376162756
1191139,163.32866316993238
1191159,333.47599483450733
1191177,338.8691616605697
1191198,25.017925213705677
1191200,202.71432964490398
1191230,5.005956560323132
1191246,316.3067558998963
1191281,254.72672683341847
1191317,117.55616318980967
1191319,67.49328212379126
1191333,116.17117741684602
1191341,52.878378410932775
1191343,128.83481798392924
1191347,99.8634262929536
1191349,147.4845431920458
1191397,49.11758237417292
1191403,103.8982611054853
1191405,29.650527828550185
1191410,86.34982212116988
1191423,32.327276847495305
1191425,90.69328995146758
1191436,249.4883219012229
1191446,30.034767102451887
1191448,36.5926592923144
1191468,112.52988818110097
1191484,324.5242711453547
1191506,59.22622570058729
1191523,157.64674757771581
1191531,763.0861097874377
1191532,22.878301957199437
1191552,241.766618486262
1191560,220.719728762874
1191571,30.760774513696227
1191625,0.4651083112238376
1191627,372.5649842527024
1191669,318.78030257155643
1191685,68.24283043049891
1191686,260.0109886249301
1191693,85.76748273534282
1191706,523.1040278034833
1191732,46.03189706624252
1191743,50.339943086291015
1191748,7.0353375629672765
1191755,120.8232084392897
1191782,206.5204337369915
1191789,252.01875002858677
1191793,184.14133676298522
1191824,889.735675656952
1191829,130.0656943974007
1191834,82.06413069101704
1191882,100.46674693957755
1191886,450.88671492692936
1191888,265.1495549936862
1191895,285.453416376264
1191899,12.69539169358639
1191903,186.10948953592617
1191920,217.97933374808153
1191925,23.44966782495768
1191930,54.6026190751801
1191933,28.589735018600834
1191939,26.548907365535268
1191951,42.76502644396691
1191952,156.35673435242754
1191961,374.66838527811433
1191994,143.3158786820407
1192004,14.488120914568942
1192006,35.15100789355487
1192020,87.8662302074852
1192024,469.6794825336761
1192028,41.88099354549511
1192047,371.903552738074
1192089,221.16642748678612
1192132,225.0995217707672
1192141,32.95794090964146
1192154,68.52355339189546
1192156,49.69767661705994
1192192,50.81892062843707
1192208,246.99748583389908
1192217,34.91153185718078
1192277,1752.4142467585466
1192293,59.88900738040901
1192321,47.24573750839487
1192330,534.0620767651193
1192336,51.451036641576515
1192395,267.209995451569
1192413,3.7969984792731664
1192419,222.4958314399623
1192427,275.920267196785
1192440,136.2005628000022
1192441,83.87315362925526
1192446,0.226796265909467
1192455,117.68305614970153
1192481,35.72058949635087
1192491,49.25598654307872
1192516,118.2512605658046
1192548,110.35943683510813
1192549,46.64824939997809
1192568,170.62227632333972
1192580,521.6351527133686
1192604,78.83204990556784
1192611,38.68313619699424
1192636,204.98592252078672
1192637,394.8530802321007
1192653,429.3572223653296
1192681,1041.3358198470294
1192747,39.372430457764494
1192752,331.93962716871556
1192753,99.3265220991062
1192767,14.812954193473526
1192825,444.3865541835586
1192829,60.85571235412574
1192832,8.177700388016516
1192877,262.02953295189815
1192894,90.69679835136432
1192897,177.44928275254324
1192944,330.62505713690143
1192976,555.3562733032123
1193003,30.202383009184416
1193006,66.79821422115793
1193016,700.0423094159462
1193017,121.64712222220749
1193020,389.81632504182954
1193030,366.06316976565097
1193051,254.0089014369076
1193059,349.8169264450234
1193062,6.049175466983059
1193063,48.329928139138374
1193094,340.4136483941945
1193098,118.26713390636444
1193107,115.59369832843572
1193124,283.29441043927835
1193161,73.1849162818616
1193167,193.34327417478616
1193174,40.35137556276282
1193177,301.4544806077258
1193203,6.191239393068462
1193216,94.97941558389591
1193240,50.39092448181127
1193241,298.4096643184548
1193244,411.4809590064719
1193249,711.6156617238371
1193256,93.05220776103108
1193266,192.21115857931784
1193331,21.47960883695828
1193391,283.7375797269748
1193401,36.94273667429915
1193406,47.71850585627036
1193418,661.3148497860095
1193421,0.022978093820932452
1193439,31.488465510431592
1193459,401.28633860562394
1193479,14.770678704965519
1193489,138.47840056895117
1193498,300.0368254030357
1193500,260.95261490751864
1193512,256.4270570494422
1193522,406.40957934655836
1193535,224.2244200918471
1193613,522.7473484912052
1193654,481.70592072472357
1193664,24.89723906655892
1193669,13.65139271886707
1193672,349.0349450506768
1193698,644.1611038538999
1193704,97.71475315115318
1193708,104.09711457824089
1193717,29.091615052347617
1193727,13.970309496403368
1193733,158.42639674731328
1193741,42.861320784745665
1193778,176.17995202614574
1193794,197.31952885642448
1193820,386.97579901264
1193844,7.539229262262209
1193871,17.320346003509364
1193872,381.5926534671288
1193883,22.42570381232866
1193901,67.54315930371716
1193931,15.694552493657095
1193951,12.832108372173703
1193964,19.348782843852433
1193984,25.560863782351415
1193998,58.944350586579226
1194003,17.413604239988306
1194071,300.4347929570477
1194100,358.73947840535953
1194111,52.895230266312865
1194113,26.307158769957404
1194125,239.65428317808292
1194145,135.54577898679494
1194155,30.462097196810593
1194176,134.63883970707727
1194180,161.90436791055092
1194190,699.7168103681128
1194207,29.906075063276486
1194213,46.2740264996321
1194216,91.32448347180285
1194241,181.99230035105668
1194259,86.06296593722647
1194289,63.06116703364385
1194304,265.2087475290642
1194305,114.2177123938238
1194326,13.383574597023431
1194353,39.01921329345701
1194367,356.7939349988583
1194391,39.78252641447446
1194420,480.05844676522094
1194437,368.526500057851
1194463,116.17797497413743
1194476,102.714102652118
1194491,23.789216493337374
1194501,584.384510145802
1194544,799.5762609806262
1194545,237.53357817721968
1194554,288.61831370895544
1194601,32.96775475526834
1194629,0.4095879665154055
1194633,57.79280170891895
1194635,27.482213163049625
1194658,185.02039947066902
1194661,74.82662640816045
1194682,66.330689598598
1194693,501.663330958066
1194753,246.14716885306822
1194770,58.22412499041373
1194788,88.50853224747955
1194817,82.81283743127486
1194832,170.43144354364966
1194849,9.700983495329
1194852,4.610189804358714
1194854,215.0428682474658
1194866,440.1396979363095
1194904,33.16572345298422
1194915,20.016030233654114
1194917,175.91676480831143
1194920,77.29987894799491
1194921,116.82202735113194
1194929,543.0296282585442
1194932,135.478650702424
1194935,30.36323444504348
1194947,548.5133100812969
1194956,1282.0335903705281
1194957,117.6226888820184
1194966,56.726597834693955
1195022,75.16647106209145
1195031,66.36608981466097
1195041,65.74649689765573
1195043,89.55126089637166
1195053,196.79173430607935
1195095,77.01554775677147
1195122,202.12204574253911
1195124,68.93135797465007
1195152,121.12646288011966
1195179,117.80280425368056
1195185,110.04796653511183
1195197,42.41559139404384
1195244,43.04712361463556
1195267,66.39846127516873
1195279,528.6763866639429
1195282,376.54194738666854
1195290,81.88003151078125
1195293,439.513447102416
1195303,81.1455586520177
1195304,467.52468853690397
1195326,0.38056428299523926
1195327,80.62068919706887
1195341,172.1337347947331
1195364,1485.6719005105822
1195370,53.35473907691144
1195396,22.696532582310358
1195397,149.79133992063333
1195401,406.24534610514445
1195403,1624.851377777388
1195405,19.045294694939404
1195450,213.00953596759834
1195458,126.88537662162453
1195466,232.9582716969929
1195477,5.951965233150227
1195502,535.1173229831884
1195504,0.005842342381009631
1195531,16.850681795602327
1195553,62.00430180914578
1195560,613.7716474921222
1195576,532.1516246678561
1195583,122.60700361395395
1195640,1590.3772362678037
1195643,349.7725372221106
1195644,45.6630215959044
1195665,34.41122021864697
1195673,33.71086134433892
1195695,658.0169776481804
1195707,203.1344644809715
1195731,126.25832205752064
1195774,65.48030054714538
1195787,167.17488090517887
1195794,17.05281095844956
1195817,33.489737092543436
1195857,193.81896604752248
1195872,73.390638325834
1195881,154.2687597657463
1195929,19.800238291495756
1195936,960.705827385372
1195946,153.59147247594709
1195948,867.3427947133342
1195954,50.48092668229973
1195960,39.39047170921367
1195982,104.46130039705794
1195998,110.42337502940936
1196047,162.9021418595951
1196056,138.94933779638356
1196064,77.822722059481
1196131,161.67157596176574
1196146,41.11215851425256
1196150,476.1617507873775
1196151,31.94031567278754
1196160,730.7035747916615
1196193,388.88396175166173
1196202,693.5660600948002
1196203,511.9043648081253
1196208,583.9211350716442
1196209,69.72601825932253
1196216,72.74269238379271
1196226,68.57537058118542
1196241,33.24319742615355
1196248,18.252076038003757
1196301,98.28091973235557
1196334,346.8154560933519
1196339,137.6623941978117
1196384,346.5236383273318
1196393,488.8175080964988
1196447,57.305335325164535
1196458,282.26416122564376
1196459,291.06864209730367
1196482,134.30369397446884
1196492,492.06558276003875
1196516,370.79586683689433
1196527,170.04464479747023
1196535,102.62124374869688
1196539,35.620479634383415
1196547,179.24457949348835
1196617,42.48299172977509
1196661,429.36253773136826
1196663,66.65243723315781
1196664,115.54792572096156
1196671,345.65955713881016
1196682,252.45827594618254
1196684,249.93603955791244
1196696,152.03875545900465
1196722,137.76591063316172
1196726,30.54563222629327
1196727,41.32517752982204
1196734,18.730836618161515
1196756,226.0457171491112
1196763,261.8967283745319
1196826,170.95329742683685
1196856,1538.237632160165
1196861,231.576870557131
1196866,226.73426120490745
1196870,76.99924882316871
1196897,295.98871052240605
1196904,77.08596462948593
1196912,63.72877116138195
1196913,72.77803765139487
1196922,66.48676110732762
1196939,35.36476905488641
1196940,127.17031954986709
1196960,88.70709199479259
1196961,124.25952576621175
1196971,14.55521042669086
1196992,96.15309454666291
1197052,148.84012154127865
1197065,176.18217881300546
1197083,441.0203391462294
1197088,80.54517842505606
1197090,105.32539042356301
1197105,434.87342370941514
1197131,10.93369551127136
1197145,150.4003633499265
1197159,60.08513138771107
1197163,56.905492213076855
1197167,142.89709136128843
1197171,23.590123404658474
1197177,29.652533105152358
1197199,84.51895959959889
1197207,144.1841763835404
1197228,289.2240220101263
1197276,270.18726088044554
1197288,154.29856548927117
1197290,29.84881058328749
1197296,96.25117709912082
1197323,561.4868531704601
1197335,738.1677393174238
1197346,29.692514798743304
1197378,104.39361154502667
1197398,30.812738399808644
1197419,47.192491378951196
1197420,89.45286750103013
1197433,705.2086358709345
1197461,95.03517103324675
1197470,233.36087461367
1197475,135.32310516299037
1197479,92.95053640749998
1197492,35.583918222114455
1197503,24.170000372824873
1197506,145.97971162830132
1197521,196.35660772673356
1197527,259.4201508993787
1197539,190.95464901072341
1197547,117.48573533610647
1197552,148.4383783422236
1197558,206.80191328161172
1197565,109.98858968513048
1197572,37.470388213742176
1197580,459.63343476978037
1197587,26.59885694650563
1197604,32.23520622364564
1197612,284.1694168304006
1197638,122.9027185141226
1197741,139.2271184961164
1197742,278.90760408504735
1197751,240.01405682572425
1197753,134.1809011887689
1197754,13.282933333162477
1197778,388.7443701485762
1197779,8.517660707084563
1197780,513.5522567691673
1197821,72.48683380703346
1197826,82.33277327651007
1197855,443.46408315631544
1197880,16.906160534777136
1197882,42.51292528953838
1197885,22.327273439901372
1197899,14.652272118475045
1197924,48.20105358911372
1197947,133.98405595718194
1197957,205.15625756959463
1197966,273.21553623398853
1197982,333.33623124116417
1198010,421.96841986431724
1198020,25.990661068592857
1198021,125.93935498314906
1198100,109.78773043181161
1198108,179.39804200709762
1198136,120.58653446308682
1198144,78.98813436675793
1198164,254.37115639875847
1198172,12.553812473192481
1198182,35.34050867251708
1198185,71.05811874398307
1198216,103.46326200810734
1198224,479.5397768062865
1198228,235.60876312883863
1198240,148.86833405760427
1198242,455.33333622267764
1198249,116.67958899854425
1198253,169.92134805880602
1198260,265.8162220057266
1198272,116.36414696603539
1198297,179.7754809225887
1198302,644.1292065921334
1198318,623.5535331391067
1198327,18.92816778768679
1198342,184.19406708079035
1198363,89.13971251131787
1198368,48.7619991867819
1198378,124.82381235441744
1198402,38.12192275304226
1198405,66.50789800000581
1198423,6.480823400572137
1198427,10.208648772732605
1198442,82.94200216598651
1198444,106.50137997669513
1198452,663.1676923805343
1198481,132.8253613441034
1198518,63.19676912617151
1198524,42.12429654565612
1198539,268.5307339715251
1198542,134.30667003978266
1198550,92.3121274576041
1198552,28.99878267284605
1198557,175.9746397435226
1198565,135.04805684646266
1198571,35.83814767925918
1198576,2250.047160438858
1198587,105.74297914041686
1198596,208.57281250016135
1198610,1125.9209192876156
1198611,262.4876502123949
1198616,292.87577600943877
1198619,39.295823335947574
1198624,154.29328928985993
1198628,199.4106798855142
1198629,34.35740200102835
1198643,17.465619607772688
1198644,307.8528402839096
1198647,748.2885867014653
1198651,197.58490541997043
1198659,175.9665234625615
1198739,94.13528882299752
1198759,94.56498789147008
1198786,18.971192404738154
1198791,20.898862555504596
1198811,252.74322965839286
1198829,32.96200111130647
1198846,37.51735557969785
1198850,298.2291287425788
1198884,630.9728007699891
1198898,343.235570073891
1198902,117.70205720159922
1198904,88.31775469679366
1198926,513.657686484048
1198927,638.4691579773366
1198928,250.62068667744097
1198931,506.2739362875353
1198932,128.52364273434927
1198936,153.18866064952635
1198939,736.9052183380851
1198952,90.74774058373973
1198959,186.3568876649004
1198977,224.15177649322422
1198993,11.127115273831262
1199038,379.8864381693777
1199090,48.740890891073434
1199102,239.69388888521772
1199112,60.074382401997404
1199115,699.7599901390362
1199138,84.93698167328128
1199141,24.56641944028897
1199171,571.8497336616264
1199186,400.89135565409657
1199188,95.09773792041095
1199192,16.67539904650188
1199233,37.360500646166784
1199250,100.73529012454212
1199264,1.7463006722277818
1199301,962.752700231509
1199333,7.831670065675935
1199338,162.0223422630551
1199340,193.5166502189685
1199348,53.615556089982135
1199358,36.56212036477392
1199363,257.52453753756527
1199378,57.77793741351127
1199397,37.28766943970038
1199404,1181.4656847399092
1199424,39.03041884629079
1199426,105.32868639754612
1199433,21.89889038116227
1199447,51.54906174638685
1199454,2255.732702369384
1199464,66.873425486985
1199487,10.7802304806088
1199511,40.931968146799235
1199518,53.767566900294426
1199519,23.08661604281857
1199568,299.78852175652605
1199571,352.34718237500834
1199578,40.75359747753551
1199618,93.084062593618
1199619,318.2583423432718
1199633,229.53789553295013
1199647,833.6673248812558
1199659,237.54834771554985
1199684,574.0302214768841
1199703,23.02990247500667
1199727,174.8128074439024
1199733,212.71616386096267
1199788,32.81500397165076
1199793,78.10050881379576
1199817,131.4327698181646
1199822,467.3310820586812
1199834,116.88191114316777
1199840,532.9657325938143
1199853,54.45382043368948
1199855,127.6656987688149
1199864,25.04908829263725
1199865,324.5823912965497
1199867,5.035302020233943
1199873,115.51298330998053
1199882,283.3095307932977
1199888,103.92237858221407
1199897,53.101324002557206
1199908,145.77588117562766
1199960,726.5017476898845
1199984,40.16532600982292
1199993,875.0111669297354
1199994,411.66626559413925
1200019,404.3447998928137
1200050,59.91446587895281
1200055,43.594798941573345
1200066,14.676615420320955
1200089,21.871564208595267
1200100,519.2547199741152
1200111,247.88370337545766
1200113,61.84304688666704
1200145,128.68249907548505
1200149,37.91222635790592
1200152,374.7196158554541
1200158,12.854023522716224
1200160,168.16989754379915
1200166,147.13818205389813
1200189,23.74520998584777
1200214,281.34376312773816
1200217,70.62236423578491
1200229,80.56854096102242
1200300,509.7218874071107
1200304,136.6251755750717
1200350,13.624189633354174
1200354,465.3149637750186
1200363,260.984953345854
1200378,20.193057155624548
1200397,370.51321236047085
1200410,62.74465149022899
1200413,168.58776156776815
1200472,340.83405053254893
1200473,130.51570476181163
1200477,59.33702460406649
1200482,241.5113779801827
1200505,160.0637193565895
1200526,12.453569569566916
1200538,130.6462000967782
1200557,28.348254675934317
1200592,137.31327311689395
1200593,26.03522132271554
1200598,220.88086256437717
1200607,46.125851086560324
1200616,77.2917275371381
1200620,13.823181308246637
1200641,63.524350105086036
1200656,122.0739209458317
1200718,209.31083313153758
1200731,32.60519678311291
1200743,148.61113405335638
1200754,13.509303678371513
1200756,34.914129242258916
1200761,260.3811449026387
1200780,381.94678216453383
1200785,14.566653706032772
1200793,176.5240422447684
1200813,121.58948098990292
1200823,56.98035523646946
1200857,677.6198515246548
1200860,63.27884069021569
1200866,229.00088224053158
1200879,427.2924709419672
1200882,1251.0489360886836
1200910,174.47066817903698
1200918,293.6826357475778
1200921,351.8695161787995
1200960,38.64183171261744
1200980,84.71037604575183
1201006,388.9888417485775
1201008,73.00957718302853
1201023,74.83943098140108
1201050,349.6701460679149
1201059,117.98469656752827
1201095,312.23963811131534
1201097,200.9087415060347
1201129,27.47669675053234
1201131,66.34996665700362
1201137,377.75284667093774
1201146,88.85261925738747
1201156,307.9408355438544
1201164,56.94092920843393
1201168,271.23614949378253
1201206,39.37887659349314
1201215,192.50547213869874
1201241,29.636334242330626
1201289,33.85043044745825
1201315,36.132638091057004
1201316,233.14433534672438
1201329,90.29594637500503
1201333,170.91842855966027
1201353,80.56189508567083
1201367,34.480438004289326
1201369,377.2666036788365
1201373,178.18306583624044
1201392,45.35776614967902
1201394,613.3074692936042
1201456,44.2716052744175
1201464,177.18853417669612
1201488,463.6191593922366
1201493,113.04522667645028
1201497,32.39969252036254
1201509,19.445099957191097
1201538,47.0883308658339
1201558,394.7412222524386
1201561,21.53265519897486
1201572,48.567292801827016
1201586,28.39199007139407
1201589,117.38268516287168
1201640,455.2632765680855
1201647,670.8284912246992
1201667,434.2796688166735
1201688,580.4001485981004
1201705,56.72631508608384
1201769,48.2613019496523
1201803,55.203762969923275
1201804,266.4653148506038
1201815,160.1312103972686
1201819,19.861054716054362
1201822,91.41900502277444
1201828,21.38181244884344
1201850,108.69707106593057
1201860,245.9360813997214
1201874,57.808845891617516
1201903,181.33857152364425
1201924,147.43463833843717
1201957,44.20827819853301
1201964,514.7353903227731
1202009,639.321016737387
1202024,46.096495364592386
1202035,89.04937599194912
1202037,79.18114496081533
1202063,159.26943823130108
1202092,276.5670557131323
1202102,159.60416565444797
1202120,100.8338098760156
1202168,140.41138147168172
1202195,142.61182756818573
1202211,28.522802996433057
1202213,612.3141331139922
1202252,193.37353470374921
1202304,164.78035947311338
1202321,33.96903069868226
1202324,55.70346695684979
1202376,241.17984605896257
1202378,301.5786994851643
1202382,53.96708441468436
1202448,33.303876511176206
1202457,93.38806799516642
1202461,106.21131760651328
1202474,99.49454685678977
1202501,46.24168720133873
1202518,68.7170728588727
1202577,45.755041159401124
1202597,145.43922125464167
1202630,53.661993735928434
1202641,62.455128583019096
1202662,321.61748129412956
1202667,678.2302161822769
1202680,45.24915237670384
1202683,116.36785883875673
1202685,229.21169150636507
1202688,363.63902752820076
1202692,49.76195675068696
1202702,787.634100872679
1202718,104.7397038581563
1202724,47.67094552192998
1202732,172.9650269693905
1202745,545.0251070280613
1202765,19.13193965353363
1202770,461.83692678186856
1202772,57.11635352222825
1202794,396.141956273211
1202811,43.48930483014027
1202816,137.0531449913604
1202850,564.4776299969586
1202885,68.20371196518424
1202896,438.4827934951417
1202899,148.83044279141302
1202900,324.2707530555262
1202906,36.71608151380426
1202918,83.04895898655562
1202928,71.98186986615225
1202967,37.556057007600394
1203029,20.91476882900127
1203036,334.9086643743429
1203040,13.165946749558806
1203050,16.73408760320804
1203063,204.19578824488607
1203085,7.102992045893656
1203109,100.46299942097555
1203113,89.33899608072758
1203123,857.0926718243787
1203135,11.43753512333363
1203139,15.14738827947806
1203153,31.1842038321968
1203171,389.9938158288181
1203176,55.07631181418286
1203194,298.4777509602254
1203267,165.22138332880152
1203269,281.547920610902
1203271,54.10207114022762
1203291,437.7639183970613
1203305,24.902491665692473
1203344,26.41250080329634
1203390,19.670369075326875
1203405,701.1034944240876
1203407,103.50990214567706
1203418,28.53883524964652
1203426,374.79728816430156
1203442,167.25935102256426
1203450,505.07048811107046
1203463,193.01338096720167
1203469,34.91405818952759
1203473,240.33419514387947
1203477,584.8712760334821
1203492,59.37264179779436
1203499,244.6002617938871
1203532,134.43856054739587
1203547,149.06695391406757
1203568,212.91671364649594
1203571,106.82389143012013
1203590,52.7376670545685
1203613,1381.7316116155318
1203616,201.64718904035848
1203643,119.57900242898378
1203648,143.41137038691028
1203716,341.5330225225064
1203717,53.13619689342105
1203731,206.54416137741097
1203738,583.0606815384882
1203740,271.08325952320723
1203757,181.18726523493402
1203758,41.664874729091295
1203766,430.8464070558614
1203802,97.53051474162781
1203809,94.74031912636819
1203825,587.7288924105287
1203845,109.89166813868871
1203857,50.286336808462636
1203897,124.52504446202445
1203934,13.101266569018705
1203967,54.37327860249529
1203974,41.755048098135234
1203979,197.97808929927493
1203992,38.634413350570775
1203994,578.262794625972
1204001,99.27498141154216
1204026,303.44788738886797
1204027,1294.963918309258
1204032,272.3699119415347
1204065,37.264517054635014
1204072,274.9015751539546
1204089,23.675007667768792
1204098,70.87150891811199
1204108,37.49383975817578
1204116,17.32364126090277
1204132,154.0686446232061
1204147,102.5046685708994
1204185,895.8512445843504
1204193,116.12411558013439
1204196,432.72302806401393
1204209,40.958772123280525
1204210,163.36044812131888
1204224,229.00634321237476
1204248,76.51938054779997
1204311,441.1007442184094
1204319,1237.766850544444
1204333,152.70892521143884
1204356,48.427572309428
1204365,232.3288949770928
1204380,309.78179122700584
1204381,7.392748626801917
1204384,13.891075474948543
1204388,541.1668103915115
1204391,87.70044572735516
1204393,27.25006414017809
1204425,759.6989595461666
1204434,58.11917778935065
1204458,202.95709471850134
1204473,24.001929293903668
1204487,41.25436079701741
1204510,222.91442119144506
1204524,178.34631408682802
1204525,7.785812513877987
1204575,289.79420689336746
1204591,83.72820878869327
1204605,119.74749743295453
1204607,372.83083425198777
1204608,123.25386189862343
1204701,38.45822818126157
1204703,256.24354535980336
1204718,23.89212773636805
1204772,92.79912567367542
1204789,188.523207700701
1204806,16.49153364678853
1204816,492.5096511448619
1204818,83.27096226113052
1204827,45.0865039378079
1204831,780.8637991978885
1204844,450.54208649899
1204846,426.3339185361615
1204857,278.2620113719808
1204889,379.52694127047613
1204894,333.82936982490816
1204895,148.78144316272457
1204926,199.54434664635684
1204938,493.2580831160838
1204951,48.09075685725542
1204957,606.4813058040857
1205005,458.06983779057754
1205020,448.0744633273278
1205025,42.758999704323266
1205027,135.61906454086625
1205040,47.90931862028664
1205048,140.47896857913415
1205053,108.25356340514614
1205066,24.11976908346893
1205070,75.47378520520202
1205071,58.164117956134035
1205077,259.0430101565588
1205095,91.92904998686446
1205106,1073.3525546843878
1205122,473.99788152084
1205146,78.2021855335706
1205164,82.53443501527028
1205178,126.79243818479341
1205185,320.6958066448947
1205205,79.20184123699708
1205256,636.9612384949041
1205259,92.80701495902709
1205276,597.8728301940472
1205283,112.80400343149377
1205287,147.8252151709798
1205295,18.9495506154364
1205338,25.066444995511947
1205352,575.7718345340182
1205357,242.73407013087623
1205375,1.819971395020818
1205384,280.9266455398377
1205389,87.69193898210814
1205460,150.8611173310884
1205461,9.36408289027134
1205477,6.4139532869150155
1205492,358.32503232779567
1205495,25.54872361839414
1205504,110.53035038242803
1205560,72.12967612285581
1205567,25.240496196991245
1205603,168.21941499567683
1205618,287.49183185756516
1205630,227.9542440542515
1205643,379.18298147374446
1205668,34.57307256218987
1205675,2.633863518635016e-22
1205702,61.90524385675463
1205708,135.8641141734482
1205716,18.91810485499534
1205721,63.192518842956424
1205726,142.42808259018446
1205729,132.56760960991815
1205741,27.480959895514278
1205751,619.131370751761
1205756,75.6789124303186
1205802,312.78705287001367
1205809,341.12021757566765
1205823,112.01295377710609
1205825,70.90836373231896
1205829,100.80043267121188
1205862,477.8900231328416
1205864,109.26592299024976
1205882,236.4106903887708
1205947,16.56071778341299
1205948,366.2379753273693
1205968,204.5358666015639
1205977,143.67831324720456
1205987,445.75591740375006
1206012,176.96504147645854
1206015,51.475334959178014
1206027,152.19097814211923
1206071,151.14201448714988
1206094,448.94151575148857
1206105,104.1012765158181
1206124,54.23797454473573
1206135,459.115177565042
1206173,44.64622323358518
1206185,192.68584418183275
1206235,212.60675141397118
1206239,28.269325846799017
1206240,68.42281762335764
1206279,126.42468379973096
1206298,233.18664660226293
1206301,229.0536658789163
1206354,184.31877534544952
1206358,222.47454603751618
1206362,74.4201419588224
1206366,60.03455384402118
1206396,447.0228065710837
1206406,524.5530531234951
1206410,415.15246888658356
1206421,46.4369608971969
1206446,21.6861663705927
1206482,65.40174978875928
1206483,335.68167223807654
1206526,416.83196342749915
1206547,41.1839176533354
1206548,410.9187433840757
1206563,587.6982737969254
1206564,201.93186790846377
1206576,51.643285058529834
1206594,97.15922017880561
1206608,73.15854201221765
1206620,255.93751589266034
1206646,38.81705683167266
1206651,551.8454295003831
1206660,526.8273917282472
1206662,77.49438593168146
1206668,137.4012434135931
1206710,70.68483845718629
1206721,158.02508001531513
1206736,41.217906174970615
1206767,218.19850856531022
1206791,144.64741630147208
1206804,367.32655891846986
1206831,34.5757932977185
1206840,61.42663354940555
1206844,32.67393198821493
1206863,3.0975905915148516
1206927,236.12804150362754
1206949,100.07960696434323
1206962,212.95255607578952
1206972,34.54313791948445
1206978,122.7724003107873
1206990,159.57062590341332
1206999,351.82001876450875
1207002,15.904479935667032
1207003,77.43357399854006
1207004,182.328689481173
1207023,238.00035280210426
1207029,255.8257819014656
1207032,570.1792371528917
1207039,453.7479198186955
1207091,125.8119945622981
1207102,53.296880967665096
1207105,100.50363433273341
1207111,217.7395953486257
1207117,106.01999896515876
1207125,70.54791567354397
1207133,20.143758247524296
1207153,31.163953357257
1207154,4.4171152358275965
1207158,416.23857215960334
1207162,40.02073197072246
1207164,44.39240211679659
1207170,100.8733871480454
1207212,427.4437933989071
1207213,64.40315819190845
1207215,86.82898594572283
1207218,224.39031758419722
1207235,140.3800494647751
1207242,215.2733227952154
1207249,82.40746699459632
1207260,331.70671538582235
1207270,225.46580982749072
1207278,64.41967545881127
1207310,72.5038035045809
1207317,322.2525736346632
1207324,52.79038083072167
1207337,168.0610431161356
1207346,372.8906490893776
1207357,30.49288368045072
1207359,12.781079448507352
1207399,93.11834199099113
1207409,253.55126962777294
1207416,455.25870855780727
1207427,40.8506450026952
1207433,402.10890865972715
1207436,348.27478868396423
1207443,69.7506845918393
1207447,85.50919501173057
1207452,36.50651822668457
1207458,376.18295435404184
1207469,298.8442928390724
1207479,83.31331933983928
1207481,336.6701738781718
1207482,554.9636818082564
1207501,289.801891054714
1207506,9.620240554295792
1207513,157.16755043893806
1207514,29.305013428395196
1207523,17.410012937345943
1207528,378.88050799296764
1207533,203.2203052151216
1207536,298.1336676172029
1207552,28.668806524281198
1207618,164.0681592485368
1207621,15.010903459300586
1207627,115.996788208246
1207630,181.1626733762897
1207668,75.49257722730748
1207682,80.26279607554125
1207686,190.8205236312916
1207693,42.07612873609748
1207706,133.37102732339005
1207734,241.78553771788015
1207745,613.928352720859
1207746,80.60005938105175
1207782,300.82647925568324
1207788,25.42569004809388
1207802,15.00467723990985
1207808,193.56187932581616
1207811,121.68023699028444
1207821,2366.282145990962
1207845,8.211322708791268
1207858,175.7187003136047
1207875,464.7576062597935
1207902,78.2483788561815
1207936,94.16713170741244
1207940,27.231762079737763
1207945,522.0287033780168
1207961,34.84767182908621
1207963,725.4137340192389
1207970,858.4371236083822
1207971,39.00354796531353
1207997,254.4657821334532
1208004,77.47969849173575
1208015,75.9201429053189
1208032,182.3452062089178
1208037,204.8379688321279
1208057,4.501758004910465
1208062,195.17452683008645
1208083,73.02130082169082
1208097,53.78917805308973
1208100,406.5596672995637
1208125,295.60285636921634
1208129,233.56613629544995
1208134,200.07005642985544
1208168,107.72333287668151
1208172,3.291602758244885
1208174,493.4269139021889
1208175,20.932790980306862
1208218,80.9850240132108
1208235,1114.4955493516156
1208237,12.417747788801147
1208254,639.9702272106855
1208257,11.592675613126822
1208269,412.2745986243829
1208274,72.95362587512706
1208280,1577.3479072895618
1208290,36.258327811697164
1208304,11.0200957225921
1208306,475.97219716216483
1208353,44.558856505381435
1208370,57.39500976717019
1208371,267.9846360769946
1208422,150.72361216445063
1208439,0.08401309514269262
1208445,57.79292436046214
1208448,30.95065734001081
1208459,220.45950495493827
1208465,110.39014984513614
1208466,1057.234031144931
1208467,244.37852998288818
1208468,243.41774797448164
1208483,127.59625015720567
1208514,9.21600650277089
1208517,21.143850445191394
1208555,108.50041551028404
1208581,107.32428853838495
1208582,98.47396245667697
1208584,80.486362353125
1208622,0.05384884321493083
1208631,20.457801622613296
1208670,16.929800354019473
1208714,795.2002246190071
1208718,102.71782109975706
1208736,281.28505096857185
1208742,58.173233188957916
1208743,50.85979158250333
1208757,230.51646913647866
1208761,25.043646816291954
1208791,383.258394275931
1208820,82.62317253411518
1208838,233.9612826467078
1208849,308.07646972161217
1208872,69.89466216074636
1208881,137.93540852951185
1208909,73.66994101021606
1208934,788.7107345986942
1208940,78.23948290161476
1208945,191.18728522243293
1208972,57.05037543397133
1208998,55.10247353267724
1209003,101.86148033280938
1209006,136.34025259045904
1209010,29.74719162966414
1209021,300.105751833678
1209053,46.7008299142125
1209068,13.400730789227351
1209072,239.79121531292745
1209078,38.83567520859056
1209101,159.20744253827309
1209109,307.8034634846716
1209119,516.7579106650622
1209129,23.204525487972337
1209146,262.0772773690606
1209150,81.00606698462582
1209154,35.36433700304326
1209168,125.70298621417052
1209170,31.684302861817088
1209177,264.59544906401453
1209189,163.05843989595644
1209194,102.75899433959948
1209198,115.05349660726975
1209243,470.82177941259425
1209256,481.89035235628234
1209263,388.2991993804443
1209279,57.914933720015135
1209282,314.96099625204397
1209288,52.46559482663665
1209298,115.73204149015656
1209309,107.79263842262142
1209310,207.5541131535231
1209311,170.3914873871256
1209313,421.973237064905
1209328,43.23290937618424
1209334,112.1120192099845
1209335,63.92668051221041
1209338,439.9370037200598
1209341,96.89490945095321
1209362,33.94507526986211
1209374,31.82723736336025
1209386,109.34249030017476
1209388,428.086991705455
1209410,23.44601240547925
1209418,290.2246984376286
1209421,244.05451467227553
1209426,26.02701336557583
1209429,583.8485506912377
1209430,25.323316953571222
1209454,828.8411282530918
1209466,92.95674054618394
1209472,596.4085028114478
1209508,87.01897594634688
1209533,315.8874576377317
1209534,147.11083320385018
1209535,83.43513855338878
1209537,49.54810792780833
1209550,298.71770377899236
1209556,24.12254467675482
1209561,42.8423186636538
1209578,514.4603068342286
1209585,1656.5334265065846
1209590,101.32265550277872
1209593,226.74177115852012
1209604,244.2435661350163
1209612,1014.5845267916337
1209615,25.84767863128676
1209617,205.57105078176045
1209622,53.52845641276609
1209654,93.59748074694085
1209661,276.0033241579185
1209675,297.2570981849607
1209677,567.9184334065762
1209709,141.60170339760234
1209720,145.20957613980238
1209721,199.45386045424098
1209765,520.677944318837
1209794,63.81846034532305
1209802,220.73458847391976
1209830,78.3850191771721
1209839,5.755307918668886
1209840,199.70618949701094
1209858,540.7466031094398
1209870,444.303648693054
1209888,985.6289071156358
1209903,88.86583291713374
1209918,283.68309914272174
1209955,213.54640885362903
1209977,172.7660047668755
1210001,242.74385278769205
1210002,62.67905328636795
1210023,368.0961323973848
1210043,11.541712325425065
1210049,98.91544447713257
1210051,21.12554982376526
1210059,37.491995068479724
1210067,18.58198237127239
1210068,79.38008380840276
1210078,389.5584560803985
1210130,645.5120091085154
1210136,191.5580811686615
1210148,0.9077034869800815
1210149,464.7769353166492
1210151,363.55452462706796
1210152,3.997997620298814
1210181,171.39676880576917
1210194,74.28931932001451
1210203,4.919395716379263
1210234,16.39327951318452
1210247,58.600584337817956
1210263,330.9877593219575
1210286,23.444586230908218
1210302,782.4124994739767
1210305,441.9281383384368
1210368,537.2494521632525
1210375,136.1445024971103
1210378,909.4923141173206
1210380,126.7565254687294
1210385,628.8039728860317
1210413,12.38638618934304
1210423,79.57772627886439
1210445,188.7414579638895
1210459,54.023523420992035
1210461,113.62377348073197
1210468,197.89199158010567
1210472,137.7907033892148
1210473,28.52450904457726
1210501,697.9005854999847
1210510,202.1673362692107
1210516,211.1318925303276
1210527,53.479227367975966
1210552,164.07790925090438
1210558,128.89116781851882
1210564,761.2895021149523
1210569,93.59695857015045
1210576,41.99432142281465
1210589,22.36383429096949
1210591,432.34056148358275
1210597,39.48680814371531
1210621,48.59950470059967
1210629,37.35173364524491
1210638,279.37642581238146
1210647,497.60091835843724
1210680,180.71121373116227
1210694,61.862806418452124
1210696,1073.4164716911919
1210701,23.058230145209333
1210708,100.20537804559505
1210716,53.79219390559847
1210725,233.41038443939098
1210738,53.84821721770337
1210748,23.34331136697705
1210751,1103.3342737162898
1210758,59.86172367676642
1210781,288.1360248311645
1210795,423.4453242036337
1210814,329.83611496690395
1210832,541.4467154811183
1210839,22.702022025128695
1210842,397.31023130052915
1210844,1874.910834872047
1210850,109.61128595661688
1210879,103.02132750198052
1210886,26.77333747694903
1210915,279.8561801831887
1210918,45.165491762639455
1210989,125.88661121314897
1211003,12.113626321488614
1211035,83.53425419945245
1211075,491.8766344381169
1211091,478.86719262394206
1211106,257.4327022140436
1211146,146.02723620936246
1211162,388.80234843997437
1211169,9.574191534257933
1211180,57.473998886323706
1211183,39.39221470102575
1211198,403.1152748355968
1211204,685.8780883589199
1211232,88.0127181587664
1211246,196.46911334151127
1211259,556.7773330870311
1211267,125.84269258108306
1211269,269.46367436503994
1211270,48.241149116539724
1211285,158.53628857664307
1211291,63.03786184833535
1211307,25.66526130895238
1211335,365.0740407449942
1211349,258.2432032515921
1211353,419.2673727178829
1211354,38.40385180121309
1211375,23.363069347095177
1211395,49.85866853033978
1211409,85.40163832267322
1211448,57.82462693246401
1211453,740.0256303332897
1211468,266.9071372418808
1211469,123.16108525796096
1211478,68.4116711196335
1211490,30.272349942190896
1211529,48.53700497632376
1211532,75.806087460321
1211544,13.646716888029164
1211565,212.27288768179878
1211587,414.2651365631474
1211590,68.54051101314532
1211593,219.58526640943452
1211601,386.51292627911823
1211603,273.5111023377834
1211613,10.736757436894308
1211619,43.670831576200044
1211628,25.86447379422559
1211649,26.317969713779938
1211721,14.707044570416167
1211759,141.48875884807836
1211763,134.16473271290076
1211765,184.7068008561942
1211769,113.44529468683655
1211792,107.48906281046305
1211830,27.685334509585633
1211835,408.54365071491344
1211863,12.006489863577624
1211873,19.743404139623806
1211899,133.3422490343023
1211901,136.12438740835077
1211903,8.437189728077234
1211910,218.01901732149798
1212040,117.43530233254334
1212172,44.782388143981024
1212175,64.0770814543049
1212228,22.016299704176017
1212254,69.21873101956612
1212269,454.329086514314
1212272,182.61491750572668
1212285,512.7013880890927
1212286,281.7082032945078
1212298,103.64392692303178
1212302,214.43465291647308
1212321,57.450652401696516
1212344,312.1240086172018
1212345,562.3652188228673
1212347,88.0413909645595
1212359,442.69208868434043
1212390,1166.007621875005
1212398,50.2915824409414
1212416,148.181409038159
1212422,683.5439490642018
1212449,33.09459366059292
1212464,659.5178153677589
1212467,3.46698446584401
1212479,98.6392254145399
1212494,69.43882922504812
1212519,262.98745505234683
1212520,155.15104414533013
1212523,152.46890098615523
1212530,189.54840298764435
1212536,134.56504712314265
1212594,114.91573386415747
1212610,109.1351747465384
1212642,123.78384389819503
1212643,166.0907613093102
1212692,16.3360331457086
1212698,475.03993811610854
1212707,111.75318044478163
1212716,141.60525192865174
1212725,85.78285935194059
1212768,314.6823578837002
1212779,362.8409800037307
1212811,42.52228720156315
1212852,43.10927716391448
1212895,1889.5643366223385
1212897,114.8682185324991
1212950,364.83903052324007
1212985,265.30958122297034
1213006,59.70062222840406
1213041,184.37348413681568
1213087,229.05655241809595
1213094,182.57093164436893
1213113,305.52742703094367
1213120,22.249027884133607
1213126,394.810618529431
1213128,1549.623091614033
1213133,25.711906673890567
1213176,70.78836577468628
1213184,185.19425599774803
1213187,403.62974556224407
1213221,67.58919633883228
1213229,45.220289106851816
1213246,77.58182708917037
1213249,368.5084745349733
1213251,46.9270390736731
1213321,248.40187510667747
1213359,119.73397817981991
1213361,15.830523004177964
1213366,150.27315785475918
1213380,41.27067289919995
1213389,557.5622826204429
1213401,12.0324893744454
1213424,107.5459986707944
1213428,14.210453899510085
1213443,16.129549170669666
1213448,0.8204222230903491
1213459,108.8069407563327
1213475,20.022938799941706
1213478,958.5040028458907
1213487,6.498987715984798
1213496,777.7521919866394
1213511,90.24467891089775
1213514,51.256741434854916
1213540,429.57910606732656
1213543,15.583362126492533
1213565,460.9329625225459
1213573,12.678839953459033
1213578,104.25171877174063
1213601,169.78508662952984
1213606,101.43927139785313
1213627,83.95559497628122
1213692,132.433054969207
1213726,134.217911915985
1213738,741.491178429052
1213767,19.982656878603386
1213797,30.798065018316393
1213834,26.26098456305731
1213853,485.5234263783284
1213867,155.9825583983649
1213880,578.7836442083888
1213899,108.36786473689041
1213905,68.19362447808504
1213921,120.43074655202737
1213952,52.08733977812522
1214002,82.06990534499292
1214021,291.006643449955
1214026,1476.865044425432
1214037,81.19988931256195
1214045,14.613652953238734
1214056,760.6847374469947
1214070,219.89065149346922
1214073,15.396477474109382
1214130,336.13030477678797
1214145,766.7718080999896
1214154,158.14435151487865
1214165,518.6729487128164
1214183,130.91360401774168
1214188,1975.1667014189586
1214193,19.901805626210905
1214209,19.90375886155236
1214244,535.9389824196355
1214246,28.25322948120164
1214264,110.4181704181929
1214290,107.38637468963671
1214298,327.29616715711643
1214310,10.974839491500955
1214346,84.3984107864026
1214363,1331.5492365679304
1214375,31.567382488427572
1214395,46.724814489579636
1214405,2.453922214535999
1214420,106.1101345513116
1214421,3.3473528541812216
1214425,191.6109226064626
1214462,535.103533064619
1214466,30.63671728133287
1214497,84.26135384641448
1214504,233.4424700248616
1214539,1388.8351247896442
1214542,154.5332264073903
1214548,342.9632379288937
1214569,53.37690102410822
1214594,134.66965465339504
1214601,18.52062699534731
1214604,203.14018579394553
1214610,148.59444520405046
1214618,227.01189650776246
1214676,102.20874444034801
1214700,109.77232351369014
1214706,13.582169736257624
1214712,157.80003602331038
1214733,77.06018047534413
1214742,198.27578110849979
1214743,59.049347951200495
1214752,1467.909681529991
1214772,224.4988922190896
1214790,43.26430782443194
1214809,21.394209922590882
1214818,78.58987133759138
1214823,121.86190178595461
1214827,50.92288352529132
1214830,149.2456153348752
1214871,11.092271866744667
1214923,595.082299459513
1214927,83.71001086255878
1214967,61.46465475780823
1214968,173.93309602233055
1215009,147.02721799889767
1215011,22.132924691017386
1215019,130.46414033155068
1215026,59.56016833903822
1215030,40.739332569466484
1215039,295.89684844742374
1215047,197.17952210268643
1215049,148.93171022400614
1215064,256.38999709165097
1215065,58.52317239125989
1215083,25.83193875985221
1215092,172.9978892670807
1215093,297.18685146471665
1215113,273.1833249153341
1215120,897.5104857925397
1215159,22.213980059799812
1215173,89.28906816656666
1215183,167.25208710033596
1215194,141.38595874986382
1215207,307.0332012763318
1215216,386.5168231001756
1215254,75.12477525434444
1215288,59.85906455342525
1215295,117.38547396574994
1215320,38.40362524763502
1215373,344.65312771375824
1215378,119.39139213251254
1215383,524.092966563498
1215402,105.63471971068131
1215404,115.53607631208581
1215424,263.48102267008676
1215429,64.94758314619325
1215447,346.4963216161141
1215467,32.95017954268768
1215471,384.62076837916857
1215476,44.44077254052232
1215485,473.2108530647048
1215503,283.09151345182954
1215512,14.27014252026801
1215558,1244.8043433490939
1215569,37.007375292784076
1215604,39.99143052868749
1215618,93.9190582069318
1215697,24.444212534881224
1215711,552.9608280584185
1215713,52.63265527893896
1215737,68.26867149700904
1215738,64.8947933268045
1215768,1357.9697261370102
1215779,84.1435954101865
1215795,261.6516641960198
1215801,60.91224093107633
1215805,21.44859733282523
1215826,258.80463610047053
1215871,253.32058685686994
1215876,35.90693591383614
1215881,51.38554238172443
1215898,42.846567258203834
1215907,18.537109783024146
1215913,133.43891812368238
1215917,350.5533073767695
1215930,50.732996457335865
1215932,164.2439201753805
1215951,481.8006933763945
1215972,255.85659641289132
1215978,153.78297055244445
1216003,105.0253613212074
1216014,55.03683554769048
1216016,45.753582659902
1216036,721.1619606532923
1216042,30.222679895538935
1216050,83.9300072393336
1216054,21.462830481722886
1216068,31.420484879776456
1216122,61.58122263767455
1216142,118.39306637287592
1216157,52.04595090237189
1216159,355.47516701239715
1216168,56.03588332652174
1216185,36.05958483110453
1216193,228.65783843294673
1216199,147.16988133908063
1216208,110.0395540983198
1216221,104.63958660266232
1216224,264.2755903619336
1216295,125.55922288572575
1216318,88.86408156488896
1216346,35.056642547009154
1216349,32.52862778537982
1216354,198.16211996685098
1216396,101.55402757444705
1216412,13.056544590927134
1216417,690.5802870146898
1216484,134.44332421659826
1216489,154.1089552756429
1216539,21.841873587862853
1216578,232.0022968746158
1216593,1428.488733366127
1216595,92.31407915156153
1216596,40.42015432461196
1216601,3262.5928488556783
1216607,418.7775175582345
1216649,224.55161140528892
1216650,170.04657441078538
1216651,146.96073224500927
1216659,1225.8100364289073
1216663,92.67155299700508
1216683,178.04019050747465
1216688,324.71367358117413
1216692,38.884771822442815
1216716,158.19437228238365
1216717,47.22202131670645
1216741,162.14067537189976
1216744,35.81179492026958
1216755,42.35269335990977
1216771,95.16220912647455
1216773,0.16212604757268834
1216781,2060.163915335273
1216798,121.50322490580302
1216801,219.97318228403327
1216807,0.24792958920934227
1216862,365.4678959754376
1216868,197.4776501033527
1216870,148.3884428259126
1216873,32.04790077166349
1216877,34.478160527512216
1216882,5.161415130749344
1216902,439.5640491147011
1216929,69.20050250374713
1216941,175.30904355050413
1216944,131.73305043789483
1216971,494.5055749788268
1216979,108.51975511167235
1217010,28.791117420533986
1217013,97.57474372610042
1217059,1330.6384914626733
1217087,19.333329861889943
1217089,344.90323249193307
1217098,16.162697673889788
1217120,13.263567155443553
1217125,99.87710442203077
1217136,38.85652273440649
1217149,131.64944139618882
1217162,46.44323990098927
1217172,57.138357589449235
1217178,22.320090109099613
1217185,94.34031219291815
1217205,95.02524987208984
1217220,36.20860874069345
1217224,75.76080172662022
1217236,595.684300946918
1217244,77.81376569040269
1217271,361.8635308362149
1217287,36.63904744103
1217301,79.7447452949811
1217302,4.564021618194127
1217303,83.7673422561699
1217315,182.1679421683588
1217322,113.79619667927604
1217335,45.6030264732042
1217356,205.93872855051634
1217360,58.41903620429639
1217371,165.31556479798485
1217377,211.00946092963468
1217383,32.503016224325215
1217405,12.54737658465622
1217407,148.39755342198922
1217409,93.37174619823843
1217412,183.01814834946924
1217413,100.50153784098082
1217414,178.6266586894468
1217432,420.47006167989537
1217436,57.09212155857627
1217450,343.1417428552747
1217461,223.97932390616882
1217471,50.66020647307505
1217530,108.50650716623339
1217570,644.4303011660401
1217589,504.9796846082115
1217593,37.57821805532022
1217608,71.44926516070247
1217617,172.85593658491308
1217625,854.5920382385059
1217634,1451.84320680081
1217642,51.63329279443296
1217656,51.721353267559905
1217665,502.7073511238486
1217666,280.6975821539535
1217675,276.57763375250494
1217680,82.72647350305347
1217690,48.54759543487601
1217703,86.26991297847836
1217709,981.9559455266864
1217722,69.43478859110895
1217729,7.549964187238842
1217742,2.7972879126258996
1217757,217.86844848448268
1217775,184.07895402915202
1217777,29.233677806247037
1217805,34.84807533848944
1217809,104.31581949154487
1217814,49.41474783552816
1217839,131.11298909393793
1217848,263.04307079035135
1217859,438.1406453237921
1217865,80.07223761135722
1217868,54.49281353944329
1217878,117.91708018653549
1217898,37.77611502287614
1217911,741.515346608169
1217979,415.65061234973376
1217993,129.83524049030493
1218015,24.66274845139958
1218017,47.711338263598485
1218040,248.8974040031364
1218064,37.97319256311431
1218069,221.80889062071185
1218091,168.85611754150256
1218108,202.39432132383945
1218111,94.95914015007953
1218127,250.6189990847366
1218158,23.891708422279457
1218181,33.131370914364126
1218200,34.14134147023468
1218228,69.80098310890918
1218247,41.673849748982796
1218254,112.77604946873919
1218255,437.08627967618884
1218259,145.88287874601195
1218270,48.19487107628119
1218300,67.2402064522593
1218303,759.4533776555639
1218304,238.1639332576804
1218312,50.72200839257276
1218398,473.0792893301428
1218415,28.627967625159425
1218417,371.6307124478752
1218455,16.822342897153952
1218477,873.1379590526847
1218491,14.316409195688864
1218496,2895.05502792375
1218504,56.097912924540886
1218519,300.5712871103025
1218541,57.9767231297436
1218544,289.06137548067306
1218549,19.72963633319841
1218556,149.6121552576437
1218561,36.81129809111981
1218567,460.53474210414447
1218581,151.7236023678333
1218586,152.81094323950566
1218599,25.862250315032025
1218607,915.7131388039418
1218617,15.392192736408468
1218618,243.75344092065026
1218623,70.2983801245295
1218626,513.2269650118272
1218630,104.99737220948444
1218649,20.72331877277426
1218651,364.94430360118344
1218656,192.75765761209215
1218721,50.49266332273497
1218770,103.6961845460739
1218774,28.945685917183184
1218776,138.6216918243592
1218778,42.96332679214727
1218820,280.3846444617395
1218824,78.2297454541202
1218834,83.49949388593333
1218838,1.9886579286631896
1218843,45.716373284846206
1218844,176.209787410255
1218876,18.05460130209759
1218892,85.63673561461435
1218895,524.1461122460478
1218897,230.49791270735875
1218918,121.45504841959902
1218935,216.91841270256805
1218947,149.06964918484854
1218951,104.5520266460167
1218991,22.824275810018964
1219014,252.50497235925346
1219029,103.94656263565685
1219033,33.05716604729722
1219034,191.88114129219267
1219047,117.31353865083868
1219073,24.204961081937295
1219081,74.60422359271358
1219095,159.5360037787203
1219117,16.4484907925605
1219136,238.94684099664622
1219150,25.520195093785436
1219158,390.0125474331529
1219191,29.74479963107078
1219223,219.82437602070505
1219262,144.91411556863613
1219292,188.64750912355322
1219309,27.066748108853627
1219314,463.00183220627395
1219340,744.3513549801406
1219364,13.545204192949692
1219365,40.620430596292714
1219376,331.634759582893
1219400,145.49811748369189
1219427,27.817127411023396
1219445,148.44961664836276
1219468,145.16511897720295
1219510,100.84033076596398
1219527,398.24659682565755
1219540,108.26591885700746
1219542,74.78655945265875
1219560,169.91874149475828
1219577,176.51507666408708
1219585,29.31659648335033
1219590,775.0873671577904
1219611,322.22544097528515
1219612,105.7062068532859
1219650,23.70789798413914
1219655,357.9632033470312
1219673,90.09380476976742
1219683,274.6408718943446
1219684,16.447846295399064
1219698,25.699387101223113
1219707,74.51180671664666
1219708,353.3335043071463
1219711,20.966007754748926
1219713,45.2246376642303
1219723,173.71982257267132
1219724,383.3617207021747
1219726,20.6075142196548
1219727,98.67213803323905
1219733,644.0736560933389
1219740,86.99007856620001
1219752,107.77604379241356
1219768,391.73794841650755
1219773,65.64831964829416
1219775,146.2839746531775
1219813,729.2860838458512
1219827,658.4480273532523
1219833,219.89364188591702
1219837,334.10169479264545
1219848,316.5719333929875
1219857,1432.2777292707876
1219862,46.17992633037162
1219875,241.41484225591122
1219884,155.43540020821516
1219907,258.6634664807401
1219920,61.4540150603699
1219927,253.41019447097847
1219958,21.399285048919754
1219964,143.37483089476578
1219979,16.023382209470842
1219991,103.26041437199854
1220000,308.27966536669993
1220031,283.352919822865
1220035,1663.8011150326636
1220040,204.95870415991808
1220063,17.27555458275131
1220066,52.617740770305645
1220068,292.6530837736222
1220076,87.59267594768386
1220082,31.97926633058157
1220086,22.626664504914043
1220100,578.0216039210101
1220103,170.59452812062582
1220112,2087.4415554471702
1220126,55.66307480609718
1220154,338.2073658120315
1220168,87.80722520043386
1220175,136.3017758206073
1220181,511.85075458027075
1220195,74.59124932212832
1220238,29.72014252398282
1220242,999.3888004257616
1220274,59.857634271024295
1220305,37.17877147148572
1220323,61.524839843103415
1220358,51.50785816540711
1220364,430.9085756720929
1220371,410.9138280594159
1220382,413.0925064993777
1220386,98.28104517425375
1220398,101.694048049641
1220416,53.58014050330148
1220430,510.8338467878124
1220471,659.3594023964181
1220509,132.0741117662952
1220511,235.34675051800008
1220519,129.6743058578109
1220533,59.0135457153042
1220537,110.52091073449886
1220551,15.284095548147743
1220571,43.09161016114915
1220578,69.85521822138612
1220587,233.4223411221098
1220591,13.93615973161708
1220606,93.05439752554655
1220623,53.28214325685894
1220629,570.6820422716027
1220660,29.735289004024075
1220665,142.12304883870385
1220695,160.82971458485272
1220699,85.77647448113602
1220718,210.33739718207252
1220749,20.7248500988491
1220768,28.54716351184041
1220798,149.57555887388017
1220817,87.03540450296536
1220849,95.45765258612298
1220899,247.06725352327993
1220913,515.7419165563274
1220929,68.96511438045242
1220930,106.27244917655072
1220931,41.22800992611479
1220959,251.82797169602705
1220962,123.95604206543233
1220988,29.345504595554996
1221061,146.05403385041024
1221066,247.49941340655272
1221070,89.741804473455
1221080,93.70682775112138
1221083,90.47971022891421
1221090,64.65055998786501
1221106,14.358436600408076
1221115,213.42412371438414
1221116,53.669006312046015
1221119,137.44570680335536
1221143,186.16314984565022
1221151,102.07622578422959
1221196,45.69870839464114
1221198,76.55735858868951
1221218,84.85390604220258
1221223,119.43906214953115
1221224,717.1630444293015
1221233,66.62002597845034
1221242,141.41763246751708
1221251,6.6853684937254565
1221279,70.08680497173971
1221280,75.38977664138284
1221310,515.3431788774062
1221328,121.80469783020044
1221331,18.61861791134452
1221336,251.43388805411348
1221347,31.097506671008272
1221355,187.24942004462412
1221392,51.90132622416716
1221401,122.88159973688373
1221429,88.31941633723947
1221444,16.866711056933656
1221446,461.89912663226534
1221456,101.7723374107544
1221459,9.110289620807702
1221491,403.7283107290426
1221492,128.09073822139635
1221494,163.91897576475137
1221495,137.8308406216454
1221502,232.78310299295853
1221505,132.50695158850897
1221523,28.487409454766023
1221524,107.29030341259232
1221537,115.33970307865862
1221540,256.0614460172717
1221546,42.797945583697526
1221554,99.73520426476557
1221557,874.312262404792
1221568,748.1046031879133
1221582,306.9374463688176
1221607,0.005467015290427795
1221638,79.85330119609176
1221654,37.32762016080796
1221659,276.57783852394783
1221682,74.48488567059329
1221686,112.98306425419618
1221703,12.514560505906289
1221712,992.9831484581978
1221756,213.2024090140836
1221774,1084.1912792346557
1221805,119.4808807220308
1221819,70.80041023149009
1221830,389.44742480058204
1221841,23.74295347779288
1221848,270.2980299684496
1221849,166.533858515095
1221917,32.24517117204512
1221942,61.10418522354411
1221954,131.71210480144353
1221970,101.5673271872014
1221985,518.2656720832202
1222002,25.475643957127033
1222059,662.1261903186794
1222062,45.32458559997097
1222068,186.07164060435073
1222096,30.665166147207263
1222099,40.10570898342437
1222106,29.328656036415644
1222111,80.41712149154768
1222112,134.42741653346283
1222113,340.0517521625966
1222122,101.58388769553558
1222138,12.97225523355563
1222153,228.79923634501768
1222155,37.560323013062806
1222180,404.66656139045006
1222185,1213.2594991526323
1222203,312.0303047083571
1222222,993.7340797873802
1222239,38.21968698300399
1222246,362.4318701021244
1222266,60.93199917317494
1222271,1.6566196380996077
1222327,184.08227342089734
1222330,521.571147936131
1222345,30.710627863076347
1222358,80.99643836507529
1222373,44.662333511948475
1222378,442.8788876504662
1222394,76.00472223177455
1222461,45.7927333880027
1222463,337.5904609886402
1222485,579.5619059684915
1222494,27.630436424119928
1222518,838.237848225189
1222532,64.11925376828731
1222544,105.95310905963528
1222552,90.82480617025364
1222568,109.00779998503096
1222583,111.03818463425675
1222607,350.0600797121934
1222614,763.0401635824592
1222642,324.18324278518264
1222650,226.4369582946762
1222652,117.9762412747764
1222655,583.0379133488125
1222669,42.870977967885224
1222681,235.93348622657638
1222683,63.93177181542628
1222696,191.21936038868478
1222703,57.365575361846666
1222710,197.56974264372175
1222718,71.8530045934932
1222758,33.049646307358266
1222762,497.55155195653685
1222779,29.457184792243783
1222795,21.59549846568761
1222803,326.5131097603029
1222836,14.972865012169711
1222837,53.04979525209808
1222840,133.3745909517318
1222855,142.85348642536752
1222883,115.63848908403084
1222905,380.1204385277374
1222928,53.50154538168972
1222949,29.56616865951502
1222963,262.34654640946496
1222984,569.5450718007786
1222986,75.11284396164336
1222993,94.9895720227658
1222999,55.35971329733907
1223002,52.90985889041121
1223006,501.72762763548417
1223036,89.7548144322763
1223053,197.07235665911213
1223081,9.905369562784522
1223108,190.40870147924048
1223120,187.1505164424813
1223144,127.52849103590856
1223150,63.22504137696542
1223170,67.34280163676955
1223179,41.64792342809092
1223222,825.07865386048
1223245,161.88417062389948
1223262,77.18743439143911
1223264,34.93361190704941
1223276,42.951667067910606
1223297,1651.1675900804032
1223304,160.79208461808525
1223314,529.5470184529034
1223316,161.50883029902636
1223342,286.7704385301796
1223345,129.43419522189762
1223395,134.5207757404675
1223398,10.479226104195863
1223406,583.1226754779141
1223412,1027.571288005349
1223460,364.77465947961326
1223485,41.54280541701435
1223492,194.4255419416861
1223519,40.93495035746251
1223568,785.8311245521421
1223574,135.16086146697077
1223580,46.0881976118392
1223585,423.25757318534664
1223589,131.41289526760815
1223600,357.80505658275814
1223618,521.2624298695501
1223629,167.35711926364584
1223632,1647.4656568683724
1223663,318.64394222641357
1223669,69.89309578019703
1223675,24.07999702751493
1223698,367.81538147321766
1223704,272.08473721076706
1223757,2338.472565941419
1223784,63.21031965320043
1223786,45.64283237913685
1223814,71.03713495062676
1223819,39.08360539660991
1223823,32.03505108780559
1223837,55.671767940653396
1223860,122.00506032741202
1223865,74.23862664892819
1223872,58.509688128477165
1223887,66.32112905170932
1223894,16.56829512761703
1223903,22.666912829494017
1223905,104.57438145832813
1223966,218.99365175110339
1223995,457.3273959999672
1224002,132.86816945833326
1224009,52.504197068693244
1224012,95.92775811914505
1224017,218.17812793370993
1224019,0.04542533072199752
1224020,462.4357298804768
1224034,112.90097079112569
1224076,465.74233995728815
1224120,132.34543822575355
1224126,48.145625742022744
1224132,52.46029560191499
1224135,650.5792363657257
1224157,117.17041021083351
1224175,64.05841165624065
1224186,212.33246156660476
1224204,77.09710029273415
1224218,26.564962407353384
1224224,262.52834003250337
1224238,39.26651471150035
1224252,465.16617411657154
1224254,19.126584412324252
1224265,108.78288931987856
1224290,328.79963242643987
1224295,122.80239177159949
1224330,161.2208324206799
1224368,126.55227600704485
1224371,78.71857712960006
1224403,146.7524076143837
1224424,259.93410617247457
1224437,32.913077357431185
1224442,207.51526167225464
1224457,42.952354946807
1224475,180.03598163991663
1224486,43.386201020406666
1224499,263.1445271555856
1224512,101.38585936167846
1224519,343.0225591800127
1224522,114.63467942101082
1224526,147.34814340421644
1224536,243.465470194377
1224559,54.08097607086326
1224577,43.93323026929751
1224590,234.27710237701197
1224591,154.2751416382145
1224600,122.21994801952194
1224601,18.08757881409233
1224624,15.339871070127565
1224626,425.34618241196426
1224648,246.11443884508878
1224651,759.1331697055895
1224660,116.79765524287221
1224671,50.40986908520587
1224680,104.68712811450976
1224703,430.4645024971302
1224714,66.17048264211336
1224718,116.39511090201064
1224719,36.26078674915709
1224735,58.18993338103204
1224754,63.889561242932835
1224760,416.115557556392
1224761,36.32800622832057
1224780,212.78393695236716
1224794,32.22742573271494
1224798,495.83194188238036
1224855,95.78568148276234
1224868,180.99191460255346
1224929,166.24458300275762
1224947,13.958012003806369
1224959,53.694418419130656
1224992,522.2277626640982
1225001,587.9944784293849
1225027,1834.2613643654156
1225037,690.3504833263385
1225058,126.95933754161288
1225059,14.755478116071878
1225073,16.63083891532205
1225113,104.53535579722238
1225125,206.28974365200898
1225127,27.92563902119519
1225162,59.34102737074537
1225163,334.67176868840716
1225175,2.3374742831221114
1225205,176.25311139455346
1225216,159.64291660513362
1225233,54.441157356954726
1225246,363.07704334963165
1225294,123.59018172354165
1225315,120.71820930754986
1225337,21.710560286659472
1225360,99.85447593406985
1225370,104.57977608613268
1225379,155.7144961640457
1225380,124.58349800401682
1225400,79.68106045813941
1225413,16.238252204518666
1225441,434.96604950478763
1225453,188.57322473889897
1225458,47.127998338064884
1225464,35.088341115128394
1225474,82.33787092930702
1225479,41.28960899844026
1225582,25.281838282535627
1225608,157.2817946145899
1225616,396.52010316752285
1225617,300.8481260612455
1225625,400.6753664140384
1225650,10.779515265826976
1225651,133.05854568460913
1225674,450.1759225263059
1225685,100.80261866702838
1225695,728.2730837203716
1225700,56.689023583861065
1225707,30.180924880977678
1225717,453.8098524564678
1225764,33.901617231769066
1225773,48.90699528289616
1225795,94.07682597305097
1225808,13.636085831464074
1225810,160.41686973910845
1225833,186.35346461070333
1225845,1756.6795026665873
1225854,27.661730735896313
1225867,27.610608811327214
1225876,206.95854745043357
1225887,252.6237012349543
1225892,136.53049901644656
1225914,178.5763354137984
1225930,97.79062276977908
1225960,620.0183632854855
1225988,100.2144267151674
1225994,40.700331681977495
1226007,95.83532243386855
1226026,17.89953028556005
1226033,228.10331288195022
1226046,66.4767684327782
1226060,101.09682432142168
1226069,98.33806412422098
1226081,43.270688019595674
1226086,42.39479915103337
1226109,1.8825822354724722
1226115,229.97759235943872
1226117,987.6223267939117
1226125,39.18627875986699
1226151,49.36875894221036
1226194,155.69587379909584
1226196,40.04113499261395
1226202,24.66378819653469
1226206,429.0006459023396
1226209,44.38159740222005
1226250,45.66195997149338
1226267,90.7352713560269
1226279,29.5600665994205
1226297,301.37280347829795
1226314,121.78562033268034
1226340,54.67346131090452
1226350,40.777971866753276
1226360,486.0683049177541
1226362,136.14033783730233
1226369,117.23099627262295
1226412,17.23516752975591
1226413,16.747171057422324
1226418,106.2010191797579
1226420,227.48402836193574
1226436,108.81028480556334
1226448,87.14450421977449
1226462,346.5026332174547
1226464,364.78833621763135
1226475,19.90986470405794
1226492,177.2263698372457
1226502,384.26919191528486
1226506,35.517836775728604
1226546,290.6908574186014
1226596,434.9899161333903
1226604,13.287128147401715
1226628,21.904546970216728
1226646,74.2975984870517
1226667,71.02625420265885
1226697,21.177079327866895
1226702,252.73278138264604
1226722,96.64245909967188
1226727,95.71989703602993
1226738,318.353475008856
1226758,46.204016344027124
1226763,48.782722679193824
1226780,31.226546224755207
1226797,170.20857780355638
1226809,1903.59889513865
1226838,66.73872884087069
1226852,258.22177521419167
1226869,278.7890709835988
1226903,18.6316493924292
1226927,428.6437920051191
1226940,79.25263904669463
1226958,89.27648006035143
1226984,50.736457491752766
1226985,451.5890998922767
1227002,36.99646734770898
1227005,745.9647522851249
1227037,101.63725656816001
1227051,866.9811717729453
1227060,357.08739795141906
1227062,133.10767080115983
1227075,123.2156536424638
1227077,97.70837939711741
1227103,27.733649666458565
1227132,223.94976660171906
1227142,35.40256644935037
1227153,90.61114372264899
1227160,493.92280039557096
1227184,288.2021445413462
1227192,88.61811171193945
1227242,114.6922534991913
1227283,26.747468823269305
1227316,240.493186217254
1227321,203.29700149736206
1227336,158.98171747242563
1227348,437.63660497397785
1227369,62.40351738860228
1227375,9.046172745654076
1227396,282.72422949188683
1227412,30.733038262902657
1227420,114.04094322502293
1227429,25.219716113314504
1227442,18.167199453181038
1227492,29.903906265935106
1227524,149.98685314952277
1227543,148.09726875996841
1227566,31.450850583879713
1227586,130.0872222025639
1227588,24.432489546888917
1227612,12.711590951446624
1227620,102.05728143983193
1227644,131.20274498726945
1227656,15.359220464112754
1227658,183.89235966376978
1227664,234.01282117902926
1227706,518.1188244155952
1227735,11.745579349110466
1227739,400.95742548090016
1227742,53.20443911436052
1227743,93.10003886022108
1227744,459.24292453603977
1227764,416.86040570982306
1227862,326.95205690515263
1227875,285.3007090269141
1227902,114.57244969182861
1227931,101.13205622591637
1227936,8.244759764077179
1227943,252.71314556962042
1227946,185.00710187232542
1227970,2628.714397636281
1227977,90.14181198875093
1227978,123.91591848217915
1227980,226.48234738856752
1227990,126.9642790485524
1227991,721.790356397
1228009,12.436373174748715
1228033,74.90198165988065
1228081,37.21357130581434
1228116,80.75730928378394
1228135,31.697001333679808
1228144,28.430097418536548
1228159,390.10927983807767
1228164,530.1081711452962
1228200,54.0444193641866
1228211,92.54231855421986
1228255,276.9331636009852
1228266,162.9289437403061
1228275,227.29790341094505
1228340,43.78319716409948
1228341,324.09108048887236
1228342,88.65288695440918
1228365,102.0509459727515
1228377,56.98411194262621
1228388,48.82190498530819
1228393,50.935332825377266
1228411,31.472364837648712
1228415,55.38577010427358
1228419,361.4523177318218
1228425,415.2007131433838
1228432,134.62295908741095
1228440,75.56698369249723
1228444,39.9482506385199
1228447,133.42671596219455
1228452,138.49362382587282
1228466,410.34388571241834
1228516,124.08471432187201
1228539,102.70491030037223
1228545,164.65955913522563
1228546,25.455217514879497
1228552,243.2619848625944
1228572,327.0918659770361
1228578,147.29596696921791
1228589,212.37776267164278
1228604,122.28604855275177
1228616,36.650275247474724
1228618,181.69242685837122
1228645,336.7134398156988
1228658,185.45529100858826
1228678,84.67186349184107
1228679,28.707905233230186
1228683,31.4887601610852
1228708,75.00482390670533
1228717,48.93385052842221
1228726,196.24686287711032
1228734,589.4292595252127
1228744,39.304486345688595
1228789,11.011205833328061
1228793,987.7744425941323
1228809,79.79574696425075
1228822,231.38676667141917
1228826,189.11008913143462
1228840,1632.8530848780604
1228845,163.39762729638892
1228888,200.24696830259342
1228894,39.29625420761194
1228900,76.09273169783495
1228910,74.42050801409053
1228924,210.82391142849443
1228946,930.7663652996505
1228962,100.90362641795363
1228974,151.45524691608944
1228987,279.7139037352603
1229001,40.625715506387394
1229044,8.457909663476343
1229053,505.20462097149294
1229061,68.70470774332925
1229078,359.8175706305435
1229088,45.75775365484437
1229099,101.2813980154216
1229122,55.75387268331495
1229128,1211.9677332196131
1229149,525.6817781910567
1229151,1194.5757593996375
1229162,199.97667092638895
1229203,177.01012853425667
1229220,193.33400813100886
1229282,84.28009757507256
1229307,594.6811300232678
1229308,181.37403935827956
1229328,47.55371512334503
1229377,22.594166820378387
1229440,68.82278002180624
1229441,1245.0119442844336
1229449,10.712866615490508
1229452,149.7188941874299
1229468,54.447698555405054
1229473,51.158441162769215
1229478,164.3230588637634
1229488,30.93437061658146
1229492,59.380590375225566
1229533,510.2430398231908
1229539,864.2155181603998
1229556,277.78393626044044
1229591,87.48784958629719
1229599,108.77773679683821
1229602,25.623830757915766
1229607,382.7795354736989
1229614,1250.107935633836
1229625,35.07652998777306
1229650,3.58793543390749
1229678,405.2834067981678
1229693,69.07971478344783
1229710,113.80186428750423
1229723,44.9393461604242
1229730,146.87274778559168
1229754,6.67642623794083
1229774,387.4935279786242
1229777,173.73652557005997
1229780,21.672342928979308
1229811,282.97071628714764
1229842,17.115811415331773
1229870,213.33224478903026
1229877,102.1412576214773
1229906,104.06619781223694
1229915,272.52623094303465
1229974,80.64052042338696
1229991,373.79340807865617
1230002,325.8919853528936
1230004,127.11346189413236
1230021,25.165288623322652
1230031,548.1682795085163
1230032,593.9486044407929
1230047,322.17891754806965
1230052,29.705861763555852
1230053,119.54429150413752
1230061,708.7834888367897
1230082,37.81356865941529
1230085,10.458587889677617
1230087,55.22213953062468
1230094,117.28845101869047
1230100,726.8154937602286
1230110,191.66549753232488
1230150,37.90310699006832
1230152,1082.4485858725543
1230159,64.08167404680752
1230167,144.34247053277662
1230168,84.7739574756013
1230194,71.68723182515836
1230195,22.183767838717174
1230201,354.03778769492993
1230213,158.57129522508188
1230216,341.25035935531304
1230218,57.20856627609114
1230230,1693.4609703565231
1230234,59.75380249836307
1230263,60.65980530506175
1230268,43.83820848043855
1230287,146.4992416897076
1230288,260.145194677674
1230293,367.82115502649947
1230317,44.18946900509246
1230329,591.8480073706074
1230330,22.887919533118072
1230360,77.4827108715633
1230370,867.1502037659188
1230372,344.95649797248393
1230380,150.89881677784177
1230382,19.771570184049438
1230384,91.91770895409906
1230402,22.40089656342961
1230421,18.697121962247124
1230428,381.7721167636874
1230486,10.863198438593564
1230491,516.0717340950702
1230498,129.63804217286423
1230515,433.07023213685136
1230530,90.32996507473278
1230538,369.3925139860823
1230572,36.66147896424046
1230579,99.97199564552128
1230585,56.1449477390179
1230598,22.06387097898505
1230601,1852.4596580913233
1230602,130.63861618233489
1230640,244.6958296431493
1230693,929.6750845103614
1230695,139.78452152614406
1230705,139.72035477590464
1230706,798.9814258082972
1230711,164.17062109292377
1230721,145.62566458828496
1230739,221.1724994705951
1230753,338.3166740036651
1230784,7.3618363380258485
1230790,23.185789161868833
1230794,42.46951031768765
1230803,191.32548549873923
1230866,21.987585938494963
1230871,547.850443388364
1230883,76.16733103574208
1230896,89.81572328320497
1230914,268.6862372734612
1230918,165.34337049521451
1230945,439.87304177053755
1230958,176.18708349861447
1230963,168.61240136520473
1230965,129.9443141349944
1230982,218.7138006280801
1230994,241.59539252909389
1230996,867.2978591512563
1231000,55.54796550641767
1231013,73.26953636151825
1231048,41.91718458914395
1231053,1692.7097515793812
1231088,37.90567887012607
1231107,36.897624071471476
1231111,50.76391708496027
1231116,212.6026982072117
1231141,627.3029815157884
1231147,160.60393010114822
1231149,13.883327296576203
1231162,39.69103516367805
1231167,73.00544042888885
1231192,182.66438681160173
1231223,54.14357702431978
1231250,25.80781496716462
1231259,112.73788133940306
1231273,210.97511795097128
1231315,18.021235660190303
1231316,18.889469137675558
1231318,243.64608318542224
1231323,30.607000509028573
1231327,280.11538692023686
1231344,8.462855877945973
1231346,16.25973290400762
1231383,330.6668267968047
1231386,72.72864134430034
1231412,33.74937729370566
1231421,657.4920836692323
1231442,249.35242454992724
1231475,904.9472565953486
1231476,71.82202231062776
1231479,37.7292548053333
1231504,486.50336701387005
1231512,501.11501082413207
1231518,22.26038731583663
1231529,60.67378100569927
1231535,1069.187307386255
1231562,502.4465544828491
1231600,383.9692005853956
1231613,123.79638161988233
1231616,343.16269404869195
1231638,167.91687523509023
1231645,285.11205994546646
1231667,65.63287690712086
1231678,126.61290317696157
1231690,25.633850329552043
1231701,54.07417489226841
1231736,144.60750492978224
1231740,55.39418546430821
1231774,117.12584781022268
1231775,24.958406864259548
1231783,44.5549900712532
1231823,507.44129862900866
1231837,82.87533585055884
1231854,308.9050857844964
1231858,718.6662387268933
1231863,107.56580359245494
1231939,18.636017343773847
1231951,343.89845256289993
1231953,277.8559249208488
1231970,33.40465814827581
1231986,26.548725111307895
1232007,16.29425127378517
1232019,35.77941314721046
1232035,3418.5653922520105
1232056,150.827908702149
1232070,42.664283470939765
1232116,294.0114695308121
1232131,161.43173165741476
1232151,31.777975185930327
1232162,19.4724792528554
1232183,84.17647238749831
1232226,430.77473395603135
1232239,45.24060157603576
1232270,107.52694392340518
1232285,31.58862401700933
1232302,15.189146046778497
1232307,151.48470451748796
1232348,174.7100040299175
1232376,108.61152456430558
1232381,39.954707265283716
1232383,118.26082438154111
1232389,131.35854804664072
1232423,87.51122127364052
1232434,151.4955975833097
1232444,24.613736853619198
1232445,60.99643998087923
1232446,582.0424716105152
1232469,170.40954803549874
1232474,301.1900154717072
1232486,685.9733317406902
1232497,32.882055819879234
1232517,21.952019579146
1232520,26.803671115419057
1232535,373.3152904458704
1232549,59.2934189701972
1232566,60.85411832178654
1232610,115.65800000725486
1232647,127.92487393827365
1232649,37.2696622612285
1232693,322.3310488470329
1232705,69.293538236047
1232710,109.67650070558258
1232711,313.6449695369815
1232717,43.06407699484294
1232718,18.390713578387665
1232719,71.60012175753997
1232726,1093.20745400312
1232736,300.6696898523556
1232737,71.70678502193438
1232746,100.4896674815548
1232750,161.01296128788482
1232767,244.5118394096845
1232785,1162.8986691099904
1232796,24.682779615307876
1232809,629.470637610481
1232845,42.91405930774494
1232866,264.5712162700766
1232890,750.18221279841
1232899,62.06724230026621
1232901,189.79299141883754
1232919,32.23879863314443
1232933,79.68466703163658
1232936,23.029088364869622
1232949,128.79419009747232
1232971,299.0547814545481
1232986,46.47336537705568
1232994,153.82873087083868
1233024,35.5128685218461
1233036,44.02689384620992
1233056,135.25269593637157
1233071,299.3372235995016
1233077,51.395281367066865
1233091,21.070224692793996
1233129,271.09598773097974
1233157,36.33704356449391
1233169,193.27289959307282
1233177,30.505098861758366
1233183,37.99113976156904
1233203,6.033876801932393
1233208,14.104137293711421
1233212,301.587474930574
1233222,19.530686779852605
1233239,27.885831625092703
1233241,48.01061067341068
1233243,68.57608795288826
1233252,114.65349900940294
1233267,149.59834443527302
1233269,589.3677429338475
1233270,35.95758536814152
1233276,351.1730961028083
1233302,131.17030884988534
1233303,93.48859502615095
1233312,205.98461484161643
1233321,35.137643575262764
1233349,273.0639989787435
1233374,65.87011484858972
1233389,23.714523534215434
1233397,217.88569028901642
1233398,174.73623966993617
1233401,781.5743834015343
1233406,73.49274680388305
1233411,13.320901964889805
1233422,28.528612140726167
1233427,374.98055464999845
1233431,428.0540661351145
1233434,457.15943763896183
1233461,52.39607131131052
1233478,50.948784349389165
1233491,24.75833028234447
1233504,16.740270170268214
1233512,177.26648657538726
1233530,208.40538172425977
1233535,412.0652189164382
1233536,152.75259866283366
1233541,200.145694220509
1233545,1.1083236557871456
1233562,414.9960076894748
1233583,1263.7108408931638
1233590,377.1798352094471
1233592,150.55538071518515
1233601,118.27246276602116
1233603,544.3076695832909
1233653,303.63240379973604
1233664,28.635770294991282
1233669,232.21876128871313
1233671,31.975352653295882
1233676,38.455978929119
1233695,1.4811935097328737
1233708,225.22402128148303
1233710,133.11110786997307
1233718,255.21707506201554
1233753,192.59838233730022
1233757,122.66533705674337
1233775,19.59529250929811
1233784,40.34061687912919
1233795,432.96138432456894
1233803,76.49765392947376
1233810,85.41662552223112
1233817,68.9306768722621
1233845,158.66434813553306
1233869,481.4790551553684
1233877,120.6621635096573
1233884,614.5831892013869
1233889,53.65959529506942
1233904,44.06748764578267
1233905,62.304453618398334
1233924,36.72011618980598
1233925,45.78933692576178
1233931,107.26551383275331
1233935,71.98783301472162
1233956,171.40980266694933
1233965,205.6391159253093
1233979,96.81884825461918
1233988,79.45737529369518
1234023,12.422510416369004
1234038,94.86520660068982
1234039,49.61115500761491
1234045,689.0429400973142
1234117,787.3972990583031
1234163,76.97841759219621
1234168,691.2454633811235
1234170,288.6318029686867
1234172,23.50115330259373
1234209,40.123087193539604
1234220,1162.3556016147397
1234238,26.745598047033795
1234248,36.849612279173485
1234254,58.54522021859635
1234301,131.48079727196077
1234303,297.27319929048946
1234331,112.34771929472075
1234359,39.11323021328718
1234362,141.39811849657676
1234400,14.595852734477589
1234402,180.33483289016527
1234416,62.17346083873112
1234421,7.959233156616586
1234429,948.8371575312331
1234430,42.616194793397604
1234436,30.18955599933764
1234463,71.84438029834585
1234483,46.24447627973824
1234509,310.43327832889344
1234527,921.2691803783441
1234568,367.79400854289906
1234570,100.04871406593544
1234576,103.04871326825501
1234591,81.2219332525185
1234605,118.95754124055023
1234609,122.11790172290921
1234652,617.5990046684035
1234655,42.029212014162255
1234660,1356.0583564170254
1234680,104.18718745987636
1234686,49.42416938751806
1234695,26.745734317842352
1234697,105.38259293704303
1234726,139.64908987907182
1234773,161.27654640760736
1234776,277.0385234252077
1234783,105.67416902640451
1234799,110.3388270261631
1234810,76.87822731146724
1234828,52.120609973637606
1234863,279.5594043695751
1234865,35.255374055088616
1234887,151.7161986905281
1234906,53.4793475181196
1234948,548.2491079472263
1234957,96.77099715159581
1234963,20.745862525267132
1234965,20.3486548840399
1234968,107.18140325266397
1234971,13.345611982571477
1234987,20.131357314125342
1235005,220.4581163239139
1235035,15.666948928081828
1235060,58.969013015299005
1235062,791.2810522184332
1235095,82.86607613787332
1235127,128.6788330131565
1235133,104.8960875371053
1235156,100.34904851901713
1235177,412.65866689844427
1235237,260.73100625577956
1235244,39.27455985176183
1235260,37.43799473771483
1235291,220.10054452055545
1235293,297.2676285152023
1235352,516.4147297634519
1235360,36.08927718019287
1235375,468.3283238589742
1235410,48.96309944923695
1235413,386.4799539481862
1235435,323.90678111419584
1235519,51.555341885992334
1235620,21.181785100086152
1235630,146.0782924236026
1235632,212.4878568690703
1235639,97.5657351458446
1235645,269.7726001947066
1235646,97.75441780103912
1235655,221.65537352685536
1235681,401.8037793007383
1235684,167.9499750636512
1235689,60.52177503379731
1235695,93.50852719062185
1235705,33.675850252452186
1235730,56.28930288369885
1235746,453.26114062222695
1235778,131.89067561546867
1235782,13.283557587705065
1235794,47.204002657379064
1235797,13.43349641340008
1235803,110.82408290629895
1235816,76.3935581737749
1235837,62.65214364410346
1235841,509.19812568288245
1235863,602.7707575115184
1235873,75.72833389202545
1235880,149.16884885895863
1235898,10.84750794659139
1235986,48.390253503916185
1235991,238.20641620672146
1236029,273.913349144456
1236073,62.747900745021596
1236099,185.99509294597527
1236120,146.81498502447008
1236134,2089.465675075054
1236135,72.73069522783203
1236232,25.83587449924401
1236266,60.60454776044358
1236270,254.89479715266376
1236313,108.50689705999316
1236319,18.80501792037447
1236341,227.73474125165953
1236347,61.867548915558324
1236380,67.49465121855305
1236383,24.9050958589188
1236391,175.72038892787575
1236400,40.80164923442194
1236452,52.43407741286624
1236459,109.31731143599107
1236493,13.737014990689666
1236497,244.96388971335838
1236521,27.223856939449348
1236535,13.544478221715712
1236537,164.91148736631158
1236541,104.96264591720136
1236590,76.91587674134225
1236619,333.1132160189999
1236638,14.926797835974554
1236684,290.8014056771491
1236690,554.4777231222237
1236706,82.02936611625324
1236727,118.15416326825138
1236742,21.46255735370911
1236743,16.781349102852737
1236773,43.249298422937365
1236784,666.0433251153595
1236789,82.030255807676
1236863,177.98353608561374
1236914,194.5776354962208
1236936,55.68468829386106
1236942,70.39576631315937
1236944,126.72311082213278
1236945,224.16447565407188
1236946,81.68706141259682
1236978,170.5002279548178
1236985,355.9499212490519
1236996,119.75329987978402
1236999,1000.2294305113054
1237006,45.771379942661724
1237037,59.689032804602526
1237041,87.68710374551264
1237054,302.5486910702815
1237087,68.07154884202404
1237095,121.1294759519634
1237099,15.104047139912542
1237110,12.202810342017559
1237123,69.45058363772125
1237150,179.29169441954292
1237169,26.69811434475949
1237190,270.3620890544348
1237197,208.39253812149744
1237216,264.19729785594706
1237245,44.953099422056724
1237251,826.685640014658
1237270,55.276063801824975
1237283,624.4757654562342
1237295,246.63226348628666
1237302,128.56773705506026
1237309,203.657255197406
1237322,255.59475738696628
1237346,143.25096522729245
1237362,15.205911412101013
1237367,32.70870481329363
1237369,365.250225409552
1237375,162.37683636651636
1237384,141.96455389630296
1237389,45.344289691914476
1237409,57.516184953594355
1237424,146.34114580763065
1237425,69.96885822410081
1237434,455.7851049513969
1237451,77.5162955413832
1237454,10.232157313517583
1237456,446.32881377940373
1237460,60.62569025402775
1237466,230.28827853389743
1237484,195.26061092811295
1237487,363.71138613237906
1237497,31.538463833719742
1237510,181.44148211225033
1237518,111.36731028246994
1237519,476.95599518497846
1237520,417.78208865300013
1237549,353.5750783628357
1237585,1286.9463051646235
1237610,174.88388002174815
1237611,404.1666745919672
1237618,288.342513751145
1237631,326.0317056674083
1237636,431.7446491243683
1237714,30.573020913076746
1237737,151.51203058131446
1237748,22.897001218935994
1237764,93.9448155501109
1237768,218.01707693310973
1237785,28.672926881069408
1237795,49.94526507566143
1237811,441.6959933536644
1237813,485.7214518128447
1237820,42.82870027536942
1237824,271.5979662246791
1237836,196.77853050172416
1237898,332.62830707411507
1237914,90.33920512942778
1237923,260.27135295423795
1237926,696.7087885636826
1237932,155.62839105839657
1237947,814.8624190148483
1237960,173.38720893646632
1237961,585.6980226537395
1237972,196.84928200442474
1238031,59.08827109122005
1238037,104.25167688785372
1238056,300.17248439718907
1238059,96.41821174296241
1238090,167.89865969167462
1238094,381.47547089893095
1238107,199.93297495057126
1238113,47.99172072285772
1238125,365.7881746414496
1238128,68.4059385036064
1238139,121.0954586412124
1238143,320.8329397256258
1238168,693.8847456449001
1238197,395.02809628490695
1238200,26.133941829580014
1238224,330.0979727705425
1238226,29.264526487433894
1238242,10.156736403378849
1238261,81.77900446210391
1238277,8.497521036626107
1238279,58.36686626722579
1238288,30.225527007410932
1238303,153.18857889034305
1238309,166.08886579308145
1238317,31.72167624972528
1238324,103.5496574798065
1238329,80.92259326191011
1238332,13.90602503662754
1238349,143.97647885377873
1238350,126.12548921612695
1238365,40.40577253851086
1238367,145.8432208544703
1238372,570.4159460729996
1238384,182.47842059853252
1238399,161.803771246848
1238414,27.551946165685866
1238435,21.587266118845257
1238437,126.26771135792404
1238444,41.09871427554046
1238567,8.688279560292731
1238568,22.853054756811364
1238585,38.182959702065425
1238587,106.7174918796428
1238615,108.48067933741872
1238630,187.6854825020564
1238634,40.12129619689684
1238649,104.5046147373901
1238676,176.46370610952852
1238679,75.39793952844735
1238695,482.93015870320085
1238698,141.9696310441012
1238736,207.62824985407906
1238740,46.41835240907838
1238788,19.19742122892325
1238793,32.971925488087635
1238795,446.2064329792212
1238801,49.005799387650974
1238821,167.07551169398113
1238845,168.84329190285186
1238848,392.02804912327434
1238858,379.9864358248343
1238863,120.84068925285179
1238865,27.658284426083377
1238870,46.936006910721424
1238900,37.920752444679216
1238935,59.108044073067596
1238938,43.30458122762109
1238939,404.4848185768125
1238947,41.45884957258356
1238986,370.1702687912124
1238994,843.506051351028
1239027,328.7809048851049
1239082,93.1410636338163
1239094,143.18975011139497
1239108,272.76553286084487
1239109,236.43935455573447
1239125,483.2076008969938
1239126,47.216511686100816
1239136,59.64402528623984
1239147,17.84135124472997
1239193,1262.0682006116485
1239205,463.1084362863865
1239241,78.14693254185607
1239251,242.2765911037379
1239269,100.47817995958492
1239271,123.93899360664513
1239272,829.5839029740024
1239283,23.513204790740325
1239312,129.78542096882762
1239382,205.8995733447909
1239385,53.72637753701407
1239395,119.02095649620951
1239403,0.0
1239433,91.11446147370386
1239437,53.72976980248305
1239441,32.30877584868629
1239451,62.42489979209078
1239454,159.53131352637027
1239456,49.51159054898787
1239465,34.82968103319748
1239466,594.4086461329555
1239490,24.413799824564506
1239508,57.12847450036256
1239530,231.3758020984102
1239556,264.23935351621003
1239569,246.60352177875453
1239602,36.94014597820365
1239627,374.0994895681856
1239629,61.730498689796164
1239630,23.437065556871165
1239648,85.65319880989458
1239651,392.53514188170914
1239656,127.87238862312891
1239666,221.1621200206425
1239684,794.66151582474
1239703,115.00208123676121
1239742,381.5922534572803
1239762,510.15917183120825
1239768,60.499507816146505
1239770,113.55425392681201
1239782,74.62050663371411
1239796,139.10143693133574
1239800,45.72463934890944
1239839,112.01914258672029
1239853,74.31390861275139
1239868,116.78033635285448
1239878,47.58236778231024
1239901,232.2070192811108
1239904,26.108061706369533
1239910,103.43922830984745
1239916,402.27335413076014
1239951,441.6136647665989
1239970,55.036022217756674
1239978,34.411045532246874
1239986,9.389869558143818
1239988,31.38157918158766
1239990,166.56537278395044
1240015,95.2802280609519
1240032,125.39396296518017
1240058,47.35155298471534
1240059,36.206453128809244
1240063,486.40679405079715
1240091,56.411838452841515
1240097,35.62610561804144
1240169,12.102667642826475
1240207,77.78994144749497
1240209,100.98977043901901
1240215,137.49225264598002
1240222,44.259752230797915
1240225,29.806323098466763
1240240,97.43221877669514
1240251,163.0058106762769
1240273,86.7862265398674
1240287,58.16919431025595
1240302,422.9984352724475
1240314,273.200505717032
1240320,30.94836107119495
1240353,64.820559529799
1240373,166.57257606748402
1240376,5.679884404883999
1240396,48.65363383437072
1240408,101.67987401685389
1240414,267.5843670900886
1240433,33.054462725449476
1240466,115.24179122657182
1240478,100.03986073383841
1240489,8.102438889042418
1240501,77.78821119137233
1240507,514.6433969018879
1240530,90.78249594977285
1240555,598.5326111456641
1240567,811.3877391307519
1240574,66.49345186426201
1240615,1516.1171496766237
1240618,98.7491578185727
1240628,99.11578170538567
1240654,50.859279113553484
1240676,37.636007112358065
1240702,621.2123687801952
1240720,23.01497728761726
1240731,26.01095066479464
1240750,112.47932104337525
1240755,215.2919770528226
1240758,437.6386007705053
1240781,15.401290722694217
1240782,12.442936183202644
1240789,102.28073191305184
1240791,191.27178278208066
1240800,14.936249624055277
1240821,123.78092963980491
1240822,13.138763663809234
1240827,568.5688891198469
1240833,63.31532088116808
1240846,96.9543938955423
1240856,211.7100445519778
1240884,82.27191093692905
1240913,729.7012143008004
1240915,295.6802042809069
1240938,43.77827477395504
1240963,188.8523180964406
1240964,157.6522189123809
1240971,76.803749946369
1241028,27.959455506358783
1241053,16.40054598206666
1241146,40.39412740536283
1241151,403.45271209536287
1241167,247.84281590566502
1241177,8.977466670776954
1241213,395.3791983630507
1241244,39.656914274085686
1241247,1860.0574383104222
1241259,1049.4652147387003
1241273,49.2640719508369
1241310,176.73781307516626
1241336,70.1345593503165
1241367,52.68456456987924
1241369,133.72542004392747
1241383,63.9766433007114
1241401,31.82487997287961
1241404,329.8945393090909
1241406,1522.9497573717176
1241407,168.26554404952088
1241413,647.3182773350899
1241427,510.67170663700614
1241439,13.956784991592693
1241441,41.313795329880115
1241472,28.262408816323305
1241492,121.08018311531156
1241511,109.0326980613233
1241557,444.9216628782912
1241569,35.94399483880688
1241572,38.21898997230127
1241573,15.188680238362295
1241585,413.2595543243511
1241599,113.54660043205715
1241604,12.803797853992092
1241621,123.64184402227562
1241642,239.49169170979775
1241673,648.35873237533
1241681,55.40226371877696
1241695,978.2441948889624
1241704,250.08471209032737
1241716,318.5825567126603
1241717,19.599571504579828
1241732,190.3659979128136
1241768,108.9065051202362
1241780,182.7936760870524
1241787,309.510753971119
1241826,171.93516992138746
1241837,237.0473097415532
1241852,29.638269427055825
1241891,221.44282088669243
1241905,117.92646182240762
1241983,442.71469334882744
1241991,14.545253902600836
1242012,417.63392058440604
1242035,56.95218719064736
1242043,39.05514653437057
1242046,57.03485063110479
1242056,1827.1841918097846
1242062,13.89137016102547
1242070,6.8579214810470726
1242076,792.2716457525293
1242079,381.82902539335515
1242087,1222.0743486703184
1242088,44.48530014032979
1242095,154.77051345332168
1242112,545.1097592234983
1242119,159.5983557177217
1242123,71.45112633225772
1242141,23.62034765796402
1242154,1203.2437850826009
1242163,145.25945213010613
1242168,49.34190829511206
1242193,161.64454304776055
1242200,583.147387510069
1242215,318.792126536563
1242262,22.20398934614213
1242295,726.6047308111905
1242304,636.7481317731887
1242328,1589.1480912529785
1242338,20.37831142778778
1242344,148.37117527792194
1242346,105.567848469876
1242357,465.80411330618875
1242359,11.549667177190052
1242371,16.03811818807062
1242372,148.6183213982657
1242379,163.32450491997253
1242389,115.32670518386405
1242400,176.8093858353636
1242406,180.5952627964113
1242415,520.5267963181585
1242455,266.6837181137771
1242462,91.15177296410643
1242479,38.3859600680073
1242487,108.73671833309069
1242518,41.75180367155604
1242523,642.11739771308
1242533,19.977580042999186
1242539,24.300786345154354
1242551,28.245846689583292
1242560,112.8550790267345
1242573,237.27240632517854
1242586,140.57329317837946
1242600,251.38959471472435
1242607,44.778091967596886
1242649,1103.8638617396598
1242671,79.1106974323976
1242697,181.06507007608153
1242716,285.9828040744699
1242759,204.16803050740933
1242833,32.71205229702028
1242834,83.2313613951012
1242837,184.88007744569524
1242843,101.88165737159316
1242870,199.34252100408222
1242874,175.59427077637636
1242885,388.66798074491504
1242898,411.07011664561776
1242910,134.63476948198866
1242929,75.06267089826662
1242930,26.43273267599187
1242946,16.503069412237778
1242958,252.30268302809668
1242972,57.91378120814602
1242979,52.74529778180646
1242985,449.1700986440525
1242991,1166.1664652976617
1243006,140.45503426971288
1243007,118.25609555585359
1243020,309.4786872297775
1243023,162.22470383874108
1243030,388.7568904329644
1243058,13.86697309193394
1243074,73.67551686626643
1243089,92.64814104636251
1243092,128.4024580927794
1243108,19.534693607911123
1243144,979.1552261279347
1243150,46.416031070627405
1243209,482.2028936181689
1243216,11.865466448512848
1243217,11.377780545801075
1243253,251.86611169153886
1243256,334.2694677491869
1243278,16.01995238969326
1243283,93.8938079503047
1243318,203.58989979428733
1243332,322.3142883774082
1243378,1279.8647435164985
1243385,133.43902336486192
1243421,10.381719115186046
1243434,103.52807072801801
1243448,106.120441198418
1243449,1040.5759853591553
1243501,1164.8105437288473
1243523,57.801112024277934
1243524,146.50623603092615
1243528,53.034057085190575
1243588,71.39499702354986
1243607,49.98131279352919
1243616,168.21515183514794
1243642,204.03777842046307
1243690,108.96917238246746
1243692,112.259000870952
1243712,47.63456215819598
1243722,182.1225778855139
1243734,18.633205982152976
1243749,33.81147668484232
1243764,58.680199511107034
1243770,32.30127975304241
1243803,537.0902234794326
1243817,215.70838296440868
1243831,431.54430091259496
1243839,1468.9280473139715
1243872,65.1694666147389
1243875,307.22257095524253
1243932,76.20963717252074
1243938,621.3643437283541
1243970,26.15589865729329
1243977,20.782714378926006
1243982,358.92667849846686
1243985,178.97457705287715
1244005,13.796418931870898
1244026,52.14984579769474
1244035,315.77972189269326
1244054,400.49967878284974
1244061,752.8030383795683
1244089,86.5595783428104
1244100,53.710705443231696
1244122,97.4272890867406
1244156,81.68704144984113
1244162,41.19944025939518
1244163,100.5537686047436
1244188,72.69623491928283
1244194,105.84402209844562
1244220,33.35514829698721
1244264,34.48288122276892
1244297,27.432213109130487
1244298,87.0458974924043
1244347,183.73702845191232
1244359,95.97823031810944
1244369,202.82312500556216
1244370,175.12052932111547
1244383,28.843629669327463
1244397,623.8865691373819
1244411,91.32530479064879
1244417,1038.0725917001114
1244418,56.185238627384294
1244420,598.7621937121454
1244449,928.7717980975274
1244463,82.6504014464212
1244464,45.5075457766567
1244513,366.16398076080526
1244516,78.03161401613708
1244519,96.85586381263272
1244549,158.557632237776
1244578,31.531923557679118
1244589,215.79171243841515
1244605,39.971192231286736
1244622,822.8664895625053
1244720,167.88677934339327
1244735,12.929111049461218
1244740,17.52153586496187
1244747,23.948618687025665
1244754,43.57241899667962
1244760,1704.9578878228251
1244775,301.37656578841626
1244788,99.80645594932376
1244799,43.89296439353617
1244852,170.60620849460344
1244857,284.91323453676017
1244866,15.830045381916264
1244886,5.152603741535895
1244888,21.21068937625272
1244907,174.2156653168598
1244936,494.1998812127185
1244952,198.66844407278143
1244960,423.62815521224434
1244972,320.3423401675746
1245004,33.188273359243176
1245033,262.68817776380115
1245069,76.67706043982734
1245072,55.64032651964442
1245081,14.273680772112323
1245151,37.0136809730241
1245157,116.20321771705366
1245159,44.807597799963546
1245170,575.5011636030594
1245179,24.7597397483188
1245183,98.81879585046254
1245205,934.8138457562221
1245219,205.94602094521917
1245225,86.20480843388678
1245261,17.66401130218608
1245279,25.53082442596137
1245281,48.35793676890963
1245282,522.6062138983273
1245301,1.6452746415708508
1245306,112.2110562119537
1245334,19.72234827816743
1245351,235.28308663000436
1245361,349.34215039002515
1245385,300.05959936161923
1245394,46.93159754557949
1245395,136.169674453279
1245398,185.813022983987
1245436,65.74977906967743
1245457,719.6001438966493
1245505,460.381973567867
1245636,280.4284255529102
1245639,20.094113052948643
1245642,337.3408922873868
1245643,189.75002753183338
1245659,120.49081015798485
1245680,50.71430408192188
1245685,55.93933731732878
1245702,129.5788179589053
1245703,72.77836162559501
1245711,272.85940894646296
1245737,79.53373815627717
1245740,214.4544670835474
1245747,39.44917077756455
1245748,716.7037068869095
1245764,56.79874790814739
1245780,58.52828319910422
1245784,84.39451090073227
1245806,166.41337627143795
1245813,121.3730453655259
1245821,25.930188028953552
1245831,21.362433711181712
1245834,79.12534561843732
1245836,940.4580850008382
1245847,12.070219150647896
1245848,46.491893428982905
1245852,1016.4151498299824
1245854,18.265740559011935
1245868,553.7140871197909
1245895,24.44689039846625
1245910,67.10867136362444
1245920,86.77892991863476
1245940,16.38129842064565
1245969,254.86616893058144
1245972,47.64959717940491
1245977,90.26495564078316
1246051,765.0740234448103
1246054,83.31119337345372
1246057,495.10925794898833
1246091,19.932451319896753
1246139,793.1182943987958
1246152,69.9359546908334
1246156,3.4896673992653504
1246191,37.15491291027443
1246214,63.695307924113756
1246221,760.3894205967025
1246235,34.579836172636
1246237,254.1794097969441
1246239,417.35380454027427
1246247,70.33145243582771
1246248,365.78815479854245
1246267,491.1742125079562
1246275,877.8945649300746
1246312,202.33204141989697
1246317,99.7451140064661
1246324,335.5402666889336
1246340,24.151121945305963
1246353,32.577950151073566
1246387,154.53106266230063
1246394,50.53696315216038
1246396,18.865045526024847
1246412,401.6001593690947
1246456,528.4617516977734
1246489,102.1514307870379
1246499,23.940140136602963
1246502,243.20042234773615
1246532,102.57616538447465
1246537,116.0860430602553
1246576,15.181349976731882
1246631,123.38413901880105
1246650,332.8806839634822
1246695,69.14640443622206
1246710,72.43929897797463
1246717,441.1277089488107
1246739,275.34447877187364
1246760,504.4288865640994
1246771,151.47384565708805
1246779,322.60032836416593
1246782,125.96061608473825
1246808,39.39319963301199
1246825,12.223025700165584
1246844,29.395288382500354
1246866,168.89370277939918
1246867,90.77747656872764
1246917,296.2318699311744
1246934,319.6293618969263
1246940,45.38096636145304
1246946,83.22258110330095
1246959,342.1250754907586
1246960,29.403092098780544
1246961,72.9828571265609
1246966,98.1556959166381
1246974,46.65220637280532
1246990,77.42172860685028
1247012,183.11839594158954
1247038,40.71192834604925
1247041,1817.09558904518
1247051,150.4007169273182
1247091,105.65496424461699
1247116,44.37634543090013
1247118,201.09033303578622
1247132,30.23376320065837
1247144,79.08451580261776
1247162,637.1871539689831
1247163,122.61965167984326
1247169,16.502652471578852
1247176,188.00248207901004
1247179,505.3368591116673
1247191,13.085750512103655
1247229,37.15354801331144
1247231,244.02587820555416
1247236,142.4405785797687
1247241,191.89971206756948
1247242,220.78365211519517
1247248,0.006693242111581871
1247256,174.33084345799205
1247275,11.904156977699746
1247277,82.86434692729783
1247289,913.634535389549
1247292,157.23928524751966
1247295,1677.3518199144369
1247296,289.56929948718596
1247310,900.41688783588
1247355,171.4420795750854
1247358,105.96464474607252
1247371,84.88126080442262
1247373,91.99496762027758
1247376,123.96703734293227
1247389,35.84855304664025
1247424,374.55045140472816
1247434,256.6869643866598
1247475,12.012961786833083
1247480,25.95080346368378
1247498,583.5371621696663
1247499,14.362262361520543
1247508,225.1352319617944
1247520,127.17274914390927
1247559,288.50002347254855
1247572,175.32794388755818
1247584,258.0869777152917
1247585,1070.3971617211178
1247598,571.4079935667604
1247601,179.0243867249273
1247604,38.72955242724794
1247615,87.32244174109728
1247621,50.298197008021035
1247641,28.925750940633325
1247648,355.7175399411494
1247660,72.87637500743826
1247670,306.749023526133
1247675,298.9216798703018
1247682,317.38996054526086
1247718,225.45431261744343
1247734,31.988205050278573
1247741,989.0690896114413
1247743,325.0079593361997
1247779,356.2972043298329
1247782,79.62833053837085
1247788,532.5760374183848
1247790,342.38121263997294
1247809,143.3041091845521
1247834,47.65998618982546
1247851,128.9576415519153
1247856,213.24027891061957
1247893,116.71867326398335
1247919,167.55515756668134
1247935,184.58941502342282
1247939,190.717647517813
1247940,20.579308424971245
1247963,340.5873211987994
1247967,110.0238559511866
1247979,194.67889906708788
1248010,13.511633479817032
1248026,158.5807906233831
1248048,31.05454934043616
1248066,108.69519853492929
1248088,133.13881348877072
1248091,1300.0095641154305
1248108,161.50670681215283
1248120,301.6539270640871
1248124,286.5626884406902
1248147,10.978949496765805
1248156,330.67641957076944
1248159,122.66297126267219
1248165,523.6760801125304
1248167,83.1774357286201
1248175,22.495892772509166
1248197,15.506794617943347
1248212,2125.027566127739
1248223,30.066186409950493
1248265,61.91296193672143
1248311,31.352141647626716
1248315,184.30256496122203
1248345,235.8218710170832
1248367,30.638263354702648
1248368,276.10622895609856
1248373,1063.1793976125111
1248411,68.89489114128166
1248416,36.02798056401671
1248427,324.8108496005511
1248441,71.21965609279808
1248453,18.853555016430533
1248470,218.15297484715393
1248475,1461.6764126593732
1248501,75.40332676797492
1248502,404.7722372866592
1248566,10.768137700008545
1248568,23.69814576118674
1248608,575.5462426659076
1248662,458.63491773160723
1248664,394.59539951659576
1248669,104.03374854082695
1248673,271.25539728246883
1248694,437.7436814610059
1248698,121.2559586203576
1248715,65.33061850202539
1248747,34.79067604201303
1248754,378.62209744637056
1248758,23.452176774444588
1248761,159.6697919469684
1248768,236.79459582964495
1248779,4.055698263876864
1248791,115.35844102212079
1248799,316.0970724298347
1248805,579.9252482179471
1248806,45.81052037772778
1248828,18.289014964272948
1248845,46.6511500711119
1248865,55.427395629908595
1248898,22.25397816909722
1248921,221.17530454158222
1248932,235.93096626867995
1248955,179.495258266745
1248961,72.85997644121869
1248962,19.090378656777574
1248988,201.65900512047796
1248990,104.12674606190606
1248994,178.41413308707698
1249006,384.9531203656172
1249009,267.1914882360043
1249067,182.6277411471994
1249086,21.666683498834406
1249099,64.20602452725838
1249113,11.108864837970103
1249151,7.779247664791613
1249152,70.08950777505092
1249171,48.9050860681766
1249173,12.830355855138391
1249185,45.049189125787166
1249198,28.494438990330075
1249208,105.98352474902897
1249222,20.43374498095748
1249229,382.33246095196137
1249231,283.7327816187811
1249239,173.68002162925373
1249240,84.13733989755359
1249247,203.73408854924173
1249257,87.80081157414598
1249279,17.163409473720595
1249283,12.886789017054301
1249298,155.07292179915748
1249310,1736.301150531236
1249332,89.24773445609797
1249354,119.88131813379196
1249355,307.5888964473475
1249361,245.79791960060373
1249389,407.67357492624376
1249408,71.32849454924188
1249422,64.07312587875245
1249450,309.6133663915281
1249459,416.4517515902026
1249463,0.04980154501089656
1249481,122.13756388596245
1249505,210.47814185202122
1249506,1310.8509151701796
1249510,106.62774149582457
1249514,31.318011890222298
1249518,97.09355994363996
1249534,20.64188053909782
1249562,274.1867789874836
1249578,166.77917449375872
1249587,490.94265636964013
1249595,12.59813611541788
1249598,48.89413069103518
1249625,164.4483569477737
1249671,75.59652779612239
1249681,48.79520281105066
1249682,125.95370589197513
1249689,28.07159383132024
1249726,283.72372732019534
1249741,37.22689131714416
1249746,263.27255430848356
1249754,112.41921231494382
1249769,103.03431045297448
1249789,65.25030672812538
1249794,350.3435365640755
1249809,379.7895729736145
1249813,108.8351173327339
1249853,19.713490605173266
1249865,124.4331893752211
1249878,1065.8728001516704
1249911,130.25334242985863
1249918,91.0857237040391
1249940,21.654140315141465
1249972,580.5230572343148
1249975,29.320189049651116
1249982,1989.5727267540603
1250001,1367.1345813800715
1250015,34.741498024106015
1250071,255.47630004191876
1250084,292.36508983910755
1250099,488.59513832375166
1250107,29.47656748166282
1250127,132.48480060698535
1250142,68.04529972691634
1250143,53.20882636421465
1250158,48.30318756090303
1250165,262.78909694177526
1250167,222.3767026723824
1250170,88.18806963974178
1250173,133.18574206079774
1250174,295.4440729929856
1250190,19.552633793458956
1250210,102.60470533489769
1250220,46.0313728638788
1250239,32.51943625080231
1250243,260.3423937764503
1250260,248.87815225905513
1250269,55.73974466684866
1250311,696.0288019934758
1250344,228.25147540617837
1250371,559.3480125275636
1250372,152.0250096643627
1250390,157.94841903288014
1250391,141.3543098368511
1250396,402.77663352965175
1250420,202.27366610713852
1250468,582.8006003840642
1250508,294.88838342842837
1250530,130.99111502904668
1250534,31.68801017845425
1250538,193.11786400242386
1250542,538.3365291478726
1250556,46.26006148255695
1250564,136.89539445172431
1250575,9.865316962503517
1250578,16.492564827430026
1250601,739.5978571177963
1250606,93.24516257267446
1250643,124.7555195414117
1250645,50.2255742166066
1250654,14.987069180235409
1250665,89.26017623388624
1250684,12.658893328616834
1250692,28.166451115813242
1250701,29.016461485194903
1250707,231.52872476615832
1250718,487.3181293840531
1250737,201.8106236763428
1250749,454.8239145716642
1250767,128.63292291117995
1250772,21.197395549001982
1250784,34.83683029479828
1250796,289.76470368679753
1250818,129.3246283226763
1250822,61.815781682283415
1250840,15.651160149662068
1250849,74.68703674852347
1250867,79.12116348685943
1250917,33.44451174470707
1250962,124.90745853170932
1250988,122.96081201604953
1251007,34.478408352882774
1251025,492.43532518783235
1251039,4.214787911647988
1251058,27.496509428060683
1251110,813.5294556008977
1251129,563.6366163376185
1251204,99.53572329459239
1251220,29.501708736235013
1251230,69.05919699968919
1251241,19.81511316734546
1251244,864.6490655127769
1251250,271.79544431652454
1251253,38.545447199018994
1251268,357.6667317265797
1251272,557.3161592957501
1251276,36.976405013701886
1251281,348.6594269823317
1251333,665.4880240462473
1251345,399.38073433175686
1251353,387.3395225162172
1251356,96.34744513484902
1251379,90.32637278832094
1251384,18.54179137638891
1251406,531.3846516728173
1251424,194.8328199232771
1251432,211.96845416322293
1251443,257.960649385382
1251454,17.928072633981856
1251460,157.4572530520993
1251515,55.53815650424615
1251517,192.8935639064064
1251525,247.62686434736975
1251536,29.3954060987929
1251542,177.38796781607314
1251550,43.33475364260667
1251605,36.47154531309027
1251613,2.5203475147248136
1251620,156.06460172551854
1251629,21.85076942802482
1251637,81.94870251740716
1251652,135.33261962437876
1251663,118.16544092711327
1251682,311.77096381094265
1251697,40.52818429114901
1251701,379.53187985434397
1251710,40.10370035477933
1251720,70.4679779964242
1251729,88.0893231968902
1251730,24.025623584630498
1251736,5.248679623632621
1251743,0.01039964343215187
1251757,218.83453837103013
1251759,43.57271320100359
1251774,440.8163800635959
1251776,158.1358136656299
1251786,178.8103396817988
1251805,536.6720235449054
1251813,651.0240916634651
1251827,534.8119082862715
1251853,297.3470130976426
1251864,42.9314781059206
1251873,68.21009582149185
1251881,279.2551447767894
1251882,189.80754096270036
1251893,10.288714080385917
1251909,603.7408003090637
1251959,81.79824844114798
1251960,379.25512157060183
1251976,44.34306472116416
1251999,343.82115027362266
1252003,353.56553179196726
1252039,669.8683798271647
1252042,131.92095002377573
1252052,59.402090884182044
1252107,42.80555546225725
1252109,0.012896168566904865
1252119,217.71612331020646
1252122,460.80912106276725
1252129,595.1359620468669
1252149,154.79353675148158
1252163,276.3432880202551
1252167,225.7865053283235
1252196,510.29564308520605
1252201,38.3226035581365
1252213,36.62964105460337
1252214,840.0901947440825
1252216,103.83811480231839
1252222,108.07608629789091
1252232,239.11370356620534
1252259,27.243492282528763
1252270,166.3380245852763
1252295,35.51812071001379
1252301,287.7921098234525
1252304,46.733843022988836
1252353,71.46967397905776
1252385,8.774622372305982
1252414,61.10929706212378
1252445,94.79670853828658
1252468,32.567784361238296
1252476,90.58428929225813
1252477,335.9069760280527
1252491,40.60784223650218
1252492,129.70021282528927
1252493,218.3981202492819
1252533,660.6863289735436
1252534,119.74939882499075
1252535,44.08362488147797
1252536,47.45148172117698
1252627,119.89646550585229
1252642,48.988523240812
1252651,85.65693241179338
1252654,70.62107220911969
1252660,126.35738968656354
1252662,27.908778883138282
1252682,11.814279592684283
1252687,199.00187828343292
1252700,14.722715201863284
1252711,35.587390954560995
1252731,60.82288354552645
1252741,260.56139415509415
1252744,62.19472552828371
1252749,129.0128084029298
1252753,27.501333257692025
1252762,11.722016365138986
1252764,46.266029100358395
1252777,44.14951507866874
1252788,57.719152060237725
1252790,87.55388040800706
1252812,42.99363628860126
1252819,128.38880158787853
1252838,42.6896142678995
1252840,81.98217669635758
1252841,124.66111508066695
1252862,29.067939965513812
1252877,11.964064238442756
1252882,41.56607556422666
1252904,240.72121999439113
1252908,24.981480314641782
1252943,13.697302998639126
1252968,116.66058451836665
1252992,384.1901700611906
1252996,175.51575118630245
1253028,480.2269344578607
1253042,251.1207298700785
1253049,19.786048121534318
1253078,362.7367012778969
1253091,100.15436940439676
1253092,16.422592038750768
1253115,11.22484900292334
1253118,122.3034937591401
1253128,39.336596728693856
1253135,204.5500312226034
1253143,285.20691866308744
1253157,273.2018936666541
1253163,6.315906529812937
1253166,15.019774551518845
1253177,204.9327812250231
1253183,40.74105683125317
1253188,99.37040503343403
1253204,163.95172773226523
1253246,368.0772827416711
1253248,575.4961255008018
1253251,312.7787922086079
1253271,27.698479589841302
1253272,96.82928790960128
1253275,718.2038696845574
1253336,80.115930914254
1253337,85.78810770976688
1253353,241.93782085634714
1253370,192.75538958639734
1253401,230.20648953334867
1253423,366.22401025351155
1253435,421.534983076342
1253449,50.07626297962505
1253464,770.6031344371913
1253465,15.192564165790744
1253476,440.4618735959851
1253487,194.44481457560116
1253502,43.31719060518271
1253513,97.16636076330141
1253533,207.32533010327714
1253575,135.90561858845288
1253582,198.62775268587055
1253592,115.85920664777515
1253597,151.1917553140859
1253619,89.87763821726995
1253644,147.62627424096064
1253660,27.46512260774523
1253684,37.35729141923397
1253695,0.013497396190701609
1253731,181.6315643368847
1253739,115.55566734931163
1253767,767.5268952893797
1253782,204.8878352490796
1253791,136.7171331792543
1253795,321.4105765431344
1253822,38.00042389554969
1253823,50.717289107301255
1253835,589.5125806835887
1253839,278.78698633596855
1253859,24.37621186438892
1253863,8.185571933085365
1253867,59.42452176066008
1253878,388.4559810200946
1253895,643.0025238603115
1253903,182.19819767249697
1253909,55.37628570676785
1253918,272.04680402939636
1253938,18.17143650473238
1253958,9.8463609659003
1253965,641.737556512595
1253969,27.072970839598458
1253988,15.384508324908301
1254006,5.585999132980606
1254043,33.550444511981475
1254045,304.55369647246823
1254062,503.99863464461214
1254119,43.618420680875964
1254126,373.77999665945015
1254129,242.7451857118898
1254131,297.2059527825672
1254165,284.35957719800035
1254173,30.646216167842194
1254188,176.44313349073377
1254236,941.5119969980577
1254249,304.7890642847949
1254262,48.60899385040468
1254272,38.50751116616272
1254290,135.68968671349847
1254297,21.532313777424964
1254304,69.0574954467236
1254313,517.6554038243912
1254323,83.18582023491454
1254330,90.6085917070396
1254335,64.08484488236833
1254356,52.33212884320035
1254371,95.18212311134106
1254383,485.8450050457146
1254416,32.79199159443365
1254456,83.81444440697891
1254479,44.06122340307763
1254537,323.821637825903
1254542,114.83459345570081
1254545,72.98198376702608
1254550,106.0819595307911
1254559,125.01015117470453
1254566,972.4967024454917
1254577,54.716235382545214
1254585,211.6133397419718
1254600,130.59778281267418
1254624,37.507212967557535
1254639,270.99504031272824
1254653,82.631019356564
1254662,41.56490305581626
1254679,109.74304048753217
1254681,261.0648841185672
1254687,206.96026920729346
1254705,140.45671698134817
1254708,180.39838479331928
1254718,207.8004077207985
1254725,282.5123535381829
1254729,55.84279131599183
1254730,431.18721624990854
1254738,219.45555270490462
1254741,484.93105929966026
1254766,124.92110740203161
1254768,46.73094899205138
1254780,64.99412420840243
1254784,242.9599563543148
1254793,67.35274956035163
1254800,42.40699021019034
1254802,118.02781561965712
1254831,138.30623589708154
1254839,165.445455810718
1254841,327.04087262778717
1254847,1034.8821495122606
1254860,85.61369444680835
1254865,1182.0318686989363
1254866,124.77305748837209
1254869,87.40374054738292
1254872,97.20986695645028
1254873,48.06683073803888
1254886,200.47114073142683
1254893,668.3222573018603
1254939,104.72724722891144
1254975,577.7459394916646
1255011,31.062781530700263
1255031,105.52657584936416
1255054,81.32594923904726
1255064,277.6935043867593
1255087,1332.707181252797
1255092,41.61087338376216
1255103,271.0894669626391
1255123,88.83484885427607
1255164,47.52712985223712
1255183,40.47125227810405
1255187,69.17360164631957
1255211,98.31170924157058
1255217,59.27661783808849
1255226,407.8155160482467
1255232,89.45697117823029
1255247,143.3483684458707
1255252,23.419310279574084
1255258,17.49213870300863
1255283,75.26366900064903
1255299,73.20134096735535
1255320,179.0990139122364
1255321,25.564000992297917
1255329,459.0950823166712
1255341,135.36963668867975
1255347,230.65399029056127
1255402,86.79299474698357
1255407,453.44864496454073
1255410,147.92069885769652
1255434,47.03695756587788
1255438,25.509349683950894
1255449,279.2204328215496
1255464,134.35578315893835
1255481,57.39546813324118
1255484,147.908471837373
1255517,274.9510641619763
1255519,2240.2324822312357
1255521,35.1291453845326
1255536,148.36530864860742
1255540,170.16159665483735
1255557,12.603093012072488
1255590,95.61554070523476
1255594,299.2182440937447
1255596,261.4759463497222
1255627,72.39674381108364
1255632,25.551137725343022
1255638,182.2074310966768
1255664,270.8936759909618
1255670,172.51208654896226
1255680,147.17199956327445
1255684,190.21866667528477
1255690,20.814668015456103
1255725,213.39135023600682
1255737,249.3213501830876
1255746,115.9183204123107
1255751,122.06319855790305
1255779,603.4316801821977
1255787,194.35093318952866
1255792,87.00418922295687
1255799,28.882223963199152
1255825,37.68480540453749
1255856,358.40679002794263
1255867,106.8473926486302
1255874,88.76983761165481
1255897,256.08284556132475
1255924,584.8560966560207
1255934,140.582348243435
1256007,49.76709391754384
1256019,102.44797021102113
1256024,292.9763171268622
1256077,111.83693860925582
1256086,65.62788635069487
1256087,570.329581165522
1256130,213.30096111616314
1256148,44.95542226270772
1256153,147.52444338297192
1256154,57.21728208263036
1256199,315.57731440946026
1256216,412.5555590785752
1256292,308.7972523363266
1256315,60.777596306168626
1256323,22.133968606501625
1256335,1436.9048492421362
1256336,96.113295407738
1256351,395.81212755089507
1256367,11.102490956398926
1256382,6.379151046045719
1256383,747.3662518294318
1256386,91.28514324486036
1256407,465.7490545831684
1256412,21.43132383878762
1256418,110.81492950864751
1256423,278.6314277307275
1256432,28.924747577270814
1256438,961.8154894975283
1256441,115.12100247028452
1256452,39.43904003348699
1256467,236.31207692270144
1256510,770.1854696280798
1256515,409.40604900261803
1256517,0.9500816753797869
1256536,80.2466420839172
1256555,99.95864289147605
1256556,105.43205437877737
1256557,29.305549883923703
1256563,1666.9908051717118
1256588,34.814697579895615
1256599,28.63130399200677
1256602,189.90778826814508
1256636,100.1736180108032
1256663,132.04632945112817
1256674,69.07948433430397
1256710,35.1066325243762
1256714,26.570666834927557
1256719,16.86529726757333
1256754,37.163090876967026
1256770,283.6008428563937
1256773,48.15072092671777
1256784,38.567401087842356
1256806,400.8984008883439
1256807,345.8698150969749
1256809,216.6046929249536
1256813,20.101917060495413
1256817,1588.8284178127635
1256829,1.1029330362081098
1256838,76.44210794210197
1256887,29.9029385926246
1256962,128.90438527666825
1256963,173.52114642958765
1256980,286.45906529646913
1256986,251.48246954492834
1256991,458.2888188002694
1257007,153.68887970524193
1257054,309.81550416341975
1257115,127.50362127508704
1257122,386.35275165963486
1257128,0.0
1257133,178.49782921967892
1257162,77.80110771527357
1257181,174.6082278281296
1257211,74.54686450630297
1257221,32.81751693386776
1257230,16.808148853689982
1257262,416.6413132116941
1257289,1135.9773055831288
1257290,965.3658908625328
1257291,21.373058410942303
1257317,29.249623157518002
1257318,210.54160050384127
1257323,115.71171234827514
1257346,121.70029826645394
1257355,12.791960523472824
1257386,207.01005590707172
1257412,7.378021504940229
1257443,153.71350617082942
1257450,13.21738539252414
1257467,34.77825421661829
1257492,98.23854830966884
1257501,117.5884220081968
1257509,195.01113678747558
1257511,30.8882708836556
1257518,119.40042278964948
1257545,21.646850275810806
1257584,569.7296046028731
1257596,501.151198494605
1257603,21.449438432781353
1257617,100.38429891345352
1257619,684.8947035434744
1257624,103.35614175115425
1257636,46.99053943263607
1257642,28.3898134078272
1257683,128.75851749285428
1257696,98.87760489986034
1257698,484.3126782660016
1257720,59.19901880274834
1257724,610.3590340940594
1257730,672.3977003858718
1257741,141.64770816228972
1257761,687.2732638392192
1257768,12.325397763343496
1257808,50.68261583532396
1257810,34.22516454046591
1257824,202.41602937690675
1257856,93.28783304291852
1257870,277.46889536005904
1257911,265.596410371247
1257915,27.49689370098236
1257945,843.9647123508488
1257953,195.69180306683512
1257959,194.59526493264383
1257964,52.83898802657404
1257968,58.29821237213401
1257974,201.36093770250488
1258001,151.55626830778434
1258021,92.41750590943225
1258031,90.0492254414512
1258071,288.180487672281
1258074,138.8745833905333
1258083,69.64665011524824
1258110,81.7403124464894
1258137,47.26212060748328
1258153,219.04427898701041
1258158,9.360138852687424
1258187,103.59202197172178
1258195,26.2717403912709
1258199,817.8356592595181
1258210,92.07203810988224
1258236,49.28199439144831
1258259,77.40321172186329
1258282,457.7572192428
1258284,411.3566180508673
1258298,357.2702499955272
1258300,3070.0925014297172
1258322,1282.6107219855571
1258340,32.63705150305439
1258354,672.9173119924696
1258363,11.479482451291238
1258400,29.14167042610852
1258413,104.01662614675942
1258414,47.51891526495328
1258488,50.90354871632253
1258520,111.55503813957702
1258533,384.82763315314645
1258552,28.80261375664469
1258554,100.5870096480599
1258579,222.94322743125457
1258593,49.301193600009825
1258609,103.91470783489261
1258644,61.91087125358991
1258695,26.52415308944731
1258707,50.53011178576602
1258709,2191.776463385568
1258714,36.91510660467894
1258734,134.26590527215563
1258738,15.273085320221206
1258768,90.71433415108147
1258772,35.24923349102952
1258777,115.69615927753823
1258783,198.94464860891176
1258790,238.8675328029828
1258801,105.31742576234855
1258805,25.357108423710446
1258810,41.920785242676864
1258824,274.4715445387206
1258825,38.91497123828209
1258870,430.0625219195213
1258874,141.3278645474757
1258889,13.409328051836066
1258914,33.82505983054588
1258929,572.951233619962
1258934,20.898627676926136
1258953,10.429955353086694
1258982,54.00785523175171
1259014,22.446827241267005
1259030,108.70075518532944
1259051,211.29041570292537
1259106,350.3783521571557
1259126,159.31738127772806
1259128,487.0700371069596
1259160,15.433361576367783
1259161,421.4716844349877
1259183,126.02570787497177
1259215,17.763412779904233
1259287,98.02622554205746
1259305,84.64260169934305
1259325,781.8110634926211
1259326,25.98122512376908
1259331,271.42130991436983
1259378,11.149663901350985
1259435,168.81800299499028
1259442,7.083170076362525
1259451,106.9434753780381
1259464,11.497357621579335
1259517,161.92539749495555
1259542,98.76637119090176
1259575,111.18581289453422
1259587,578.8915073996743
1259591,1852.810398840952
1259598,488.3086718576931
1259603,31.88795550680315
1259611,1470.424162751938
1259615,259.63094024179907
1259625,153.2143300312889
1259634,716.1708470202084
1259666,0.7544591590986333
1259675,84.54940458397277
1259676,17.613434975679596
1259677,75.15490372289729
1259696,36.642374850608675
1259715,29.515620966727223
1259733,247.50258079490774
1259739,360.09522967856134
1259749,78.04665241747408
1259767,62.31279852223412
1259771,539.1191817817296
1259792,27.060197473002297
1259803,46.625304668279156
1259804,768.5688822913339
1259805,45.84482707752741
1259815,28.747210885109688
1259844,333.0819608197246
1259861,78.99861130436763
1259868,35.61985995207076
1259870,109.03926633654508
1259881,94.73376659425584
1259885,0.9371336153711298
1259921,119.12497799345567
1259932,98.23995964795768
1259982,680.6696405512904
1259984,169.86549709451245
1259989,36.84666624924522
1259996,12.771558403252786
1260005,483.2206480360148
1260006,69.71688119547764
1260035,400.82462521617236
1260085,6.829291280753975
1260111,30.46841427455436
1260150,20.96836315838649
1260186,631.3231810430967
1260187,219.61014374475266
1260188,139.31384587571554
1260202,31.97309413997623
1260208,65.46330634455084
1260212,179.37445373774474
1260223,126.83226737566564
1260226,33.36202193455686
1260235,260.72549272104936
1260238,218.8864600167587
1260241,167.39577582723828
1260242,134.37460781072357
1260253,12.50001956452926
1260258,27.174234025423925
1260284,23.237575966941183
1260311,617.346455560318
1260314,63.87994797460181
1260318,9.373785150683107
1260322,261.6535587002387
1260334,449.7481302134881
1260343,185.80646017133282
1260361,193.24245132657146
1260387,100.3326706547998
1260394,778.4676535073158
1260429,203.6707431018761
1260443,30.944199457887606
1260453,9.782029023562078
1260468,2.6293089782156196
1260481,75.4239905074673
1260541,121.88262717745192
1260544,570.4539501121582
1260565,196.56915687652688
1260568,181.7995903064224
1260574,49.29933666057094
1260599,510.8400616799877
1260615,41.688936448126455
1260616,70.00248451835907
1260622,82.10995085836379
1260624,20.14116515614345
1260659,139.13558597897617
1260705,17.965244466047608
1260736,95.9825145251257
1260742,17.21287058860992
1260746,98.61145468777882
1260776,40.2807875115219
1260965,64.73289384508287
1260972,85.858355353561
1260976,96.19717276981389
1260987,184.82694582353807
1260990,10.410818230809712
1260998,138.6167151591599
1261002,220.3824162529656
1261020,122.48648735217665
1261027,55.01200522407952
1261036,366.98258181104296
1261074,57.03930404926969
1261077,208.1840117358497
1261101,210.88176809086482
1261102,343.7490468069705
1261113,142.2668076439703
1261157,107.23038093033395
1261158,864.5285608444112
1261194,39.992502037775765
1261208,21.899239113652467
1261209,29.10483273501431
1261211,123.84914383421092
1261241,128.1682954245006
1261246,250.1735958739804
1261253,156.9749049556898
1261255,28.461343849189404
1261268,410.69941164921136
1261277,362.0533703853431
1261300,89.52456922431071
1261322,10.49064201252996
1261324,331.8009839990863
1261333,1082.858807141788
1261360,135.04025071143707
1261392,144.5243022032064
1261401,89.37663687085168
1261414,65.62521088859859
1261421,249.05998932115526
1261427,64.16275922743745
1261433,2367.548385717217
1261440,461.57285209104003
1261442,936.72444383899
1261445,555.4530796303115
1261480,65.83119799023657
1261517,824.2882011311597
1261533,23.259277119955183
1261549,969.2106564736889
1261566,96.15194007490753
1261584,61.65904929895873
1261591,101.39782980758866
1261598,1172.490136092461
1261614,895.9953908293369
1261615,100.6899491963265
1261641,70.425551456449
1261642,142.878966771268
1261676,146.87175759034145
1261700,15.058978063150791
1261731,34.35774307918739
1261754,57.32123503779853
1261755,66.23787632596111
1261758,187.04534542744508
1261781,941.2201230507941
1261795,34.55201996891476
1261807,53.9954433074203
1261811,135.70353057080433
1261815,341.56651064537164
1261848,46.729127424830025
1261856,1246.725403671046
1261892,173.20301729069902
1261895,113.84601769583865
1261902,68.44058851868859
1261905,80.54190402928806
1261913,228.46004987956314
1261923,273.7838873092913
1261967,538.400441889947
1261997,211.56456680216482
1262003,67.94723896248681
1262007,66.59102707144199
1262025,277.0220724497453
1262029,586.1827347325166
1262037,147.04609572389361
1262038,35.98029859625018
1262046,122.86537260715419
1262049,33.858635523681784
1262088,756.978697922115
1262092,33.570449502467454
1262098,3.300304647735862
1262107,6.070268497690616
1262160,27.39280502360678
1262202,1108.3536277128353
1262231,62.06853206253104
1262276,25.078037780857336
1262288,169.47818265068292
1262290,169.82815689296552
1262296,1071.3318441943165
1262299,168.87483493960502
1262302,46.753601162494995
1262305,503.58980954747614
1262324,80.16391516594314
1262326,215.59639369068546
1262361,108.0739791910216
1262383,72.19879362164863
1262439,51.94121060609147
1262452,24.874610846518195
1262455,462.29945935728813
1262458,54.38414055543391
1262471,1104.3511551016836
1262482,82.63435447732464
1262498,148.98916287988195
1262515,282.6478447136626
1262540,45.69172350092278
1262550,285.97028864026714
1262561,15.673754897280393
1262599,75.8594109255471
1262649,157.47414274336452
1262678,190.94073094873391
1262708,309.91156778666505
1262731,95.82466019198222
1262779,23.625160958497744
1262783,167.92410084129148
1262804,55.92725086587363
1262825,0.0060414919135961
1262833,83.22719188307005
1262868,37.16027238249608
1262880,73.49373296021511
1262889,25.294169980696793
1262900,179.9900466803042
1262915,36.76902428397761
1262924,126.92300603054015
1262942,45.63231468666781
1262949,40.07851038322391
1262956,349.6959033030015
1262985,46.39487752909467
1262992,136.34877779359314
1262997,997.6532460182092
1263011,140.94484192986033
1263016,385.4927053592251
1263020,42.75780844389616
1263025,162.08256070005083
1263027,16.5909640784794
1263028,80.74588335783443
1263052,1213.4314362398334
1263095,64.33246950323914
1263106,160.41293579177398
1263119,161.51746985833722
1263128,37.023837084038284
1263164,91.35964147370265
1263194,122.94736816705995
1263231,248.03040514517303
1263233,67.62612326721569
1263261,347.58762321423615
1263274,455.757546217488
1263294,441.31717679645226
1263309,103.4739231357139
1263331,22.83605980333928
1263378,25.830382403914175
1263387,500.1532297037053
1263405,358.62764582975467
1263410,252.96774285000583
1263414,119.53671280917773
1263433,290.7920838553566
1263468,72.08912548691023
1263486,68.5260041816056
1263562,551.061669503711
1263568,151.4902985939002
1263571,279.12567500432544
1263575,318.9488587083868
1263578,478.7562279066996
1263599,282.25217787661404
1263612,959.0636630469364
1263616,49.88577030457
1263640,512.8064019479262
1263657,284.4157543256845
1263659,26.571940342688144
1263662,249.9046673008313
1263663,155.40416181990412
1263671,346.92343526270395
1263775,15.994685190828179
1263782,502.9679331892676
1263791,89.69943381791975
1263804,258.63660834966726
1263819,524.134232865213
1263834,444.15294477272295
1263854,643.1848517441168
1263867,25.944041465082186
1263934,74.29317837836443
1263946,111.48898129322643
1263948,156.1442513105534
1263967,136.06955125068626
1263980,131.1762837129523
1263993,142.62553553416092
1263996,245.11045982167536
1263998,476.5523472601879
1264026,182.1001437708711
1264067,1.6648011532813642
1264068,277.277736156322
1264095,1412.6907478585758
1264101,235.21234874231823
1264146,384.9860495487587
1264183,227.9211070766205
1264189,484.1895307186576
1264193,0.9350237636994878
1264244,221.79513732669983
1264257,583.1577400158408
1264284,46.9416164937397
1264303,310.05299310042744
1264314,26.045230291339102
1264350,1328.4288965242524
1264375,788.4369758084854
1264395,200.28615870952845
1264507,419.7818737981714
1264512,160.46267819017953
1264535,64.21233519642315
1264550,444.8882570279302
1264561,708.7928788737852
1264565,93.34544073229682
1264587,232.5604945979064
1264605,206.63326194763346
1264681,44.40133412998568
1264710,103.34973125657203
1264716,118.28514801023539
1264719,350.0692683461451
1264722,500.24086154841166
1264726,281.1804168884479
1264727,36.02451467771172
1264747,1509.3439788505987
1264775,18.296162864605293
1264778,28.19204925324823
1264789,29.099630085446258
1264796,543.6396342551666
1264805,426.8101881412964
1264814,120.42019085528926
1264839,505.352998237961
1264859,251.8468473308177
1264890,57.83977725434053
1264900,161.91674151310534
1264903,67.78046322910424
1264908,44.312681814724456
1264920,20.4417267446168
1264948,44.766981659137976
1264958,153.0814719599383
1264964,328.3220399385249
1264972,837.3509156471783
1264973,41.343712534975005
1264986,460.6963315832928
1264988,175.84357809275195
1265011,72.7050394904464
1265021,104.68193113664765
1265026,1637.8073069393722
1265029,23.311893018830247
1265042,43.73874439808986
1265051,112.78488001867245
1265062,334.21550172000013
1265084,37.00156522774627
1265086,7.166633739198003
1265100,30.66533532546529
1265135,447.89260149464326
1265180,232.591465134576
1265192,70.53938597911585
1265199,287.84776856575724
1265203,89.97724412287272
1265219,5.160396747992585
1265246,95.14903199503462
1265298,524.235737217618
1265318,493.32235562263037
1265338,110.54878543961358
1265343,537.1845604537704
1265348,639.8910580889907
1265371,263.8589520307119
1265382,274.89780802129474
1265394,213.970605372634
1265395,432.0999853004346
1265408,29.870846387353136
1265434,123.83888188130163
1265438,127.93675745058162
1265478,433.2443109203482
1265496,1109.584006219375
1265505,148.31945920793538
1265509,54.026080705831916
1265514,13.785047016018668
1265526,61.36346795472205
1265560,85.0480659864113
1265562,222.99521377791208
1265564,50.89020389700803
1265570,141.5855817239735
1265589,16.089103337221037
1265634,406.3652884742675
1265643,340.2715843902243
1265645,49.97927627632705
1265660,102.74865679060667
1265686,636.470025099601
1265692,386.8638110769794
1265718,319.20738687234433
1265739,461.00067744373115
1265747,19.865882919260688
1265773,257.7972467815148
1265774,157.09150446874483
1265780,124.31164948650942
1265800,40.97573750165301
1265812,54.74019396200045
1265825,294.62046275978463
1265832,114.701812223411
1265837,6.639440094661426
1265839,187.2889123332748
1265850,177.04909404193688
1265862,1535.8217682109546
1265885,127.87056276267933
1265893,1116.2569358209444
1265919,26.385247140061164
1265941,88.79998447573267
1265951,0.9486878194342865
1265965,107.08889842415316
1265971,164.35489682714805
1265976,81.1170262458574
1266002,68.83752919621905
1266012,25.15647602450043
1266015,131.66823057987804
1266035,29.689948054129633
1266036,5.757120036874092
1266052,616.089388143506
1266061,97.1217892653828
1266099,228.85898091535145
1266101,33.20265197776322
1266103,915.3292303377984
1266107,0.12701944458075984
1266139,35.812686168869654
1266148,49.54502195289854
1266186,104.61417596984674
1266188,19.181382250391714
1266200,124.70594939883682
1266223,11.011262929108048
1266238,178.7582548533232
1266241,29.834766804328122
1266254,1215.7532171972796
1266277,538.7554168604739
1266289,379.4283597178629
1266311,264.9845675487765
1266338,24.144144307470526
1266339,147.35610193441872
1266346,223.91410417354865
1266348,429.1261030185174
1266357,199.82774297846683
1266359,339.51640056322594
1266382,40.87226529287403
1266392,106.9395656911245
1266400,19.786224713237413
1266463,17.586346986176633
1266485,125.69630208384686
1266488,63.73154205950849
1266516,16.97482662111722
1266519,875.7600262177534
1266540,86.97524502922941
1266557,31.80027781035934
1266589,176.09449599066113
1266608,596.8916388030366
1266638,80.98349893856197
1266676,21.18148154332186
1266690,22.12720245770833
1266694,492.28356179619095
1266701,306.26163628632094
1266752,238.5609256760958
1266765,167.77487005349096
1266770,71.61282305335371
1266782,405.7254914396743
1266794,243.89752993602858
1266795,33.02407517470466
1266827,56.09623506546917
1266837,41.129036145443344
1266842,23.26140669851213
1266859,555.9926108674827
1266863,14.578619302668553
1266882,75.12305299943256
1266884,630.4569529518907
1266898,106.87586452092911
1266900,366.50748115881026
1266940,26.28189110108801
1266951,40.039991048891196
1266965,293.49152588128214
1267000,439.28071466406016
1267008,206.16793910079193
1267023,9.25008204532838
1267040,34.90229058538362
1267073,335.2109582878552
1267082,17.280727929114093
1267098,0.0
1267108,238.46148094833097
1267159,34.58334398981779
1267165,1030.904740826129
1267173,35.88886011784921
1267180,388.7125901890696
1267181,29.703513202600757
1267184,183.75603513702228
1267199,1401.9973787487586
1267211,118.73687085840538
1267215,103.44671086370819
1267250,865.2121138436355
1267263,428.9584157495369
1267281,325.49034702527405
1267286,510.90324522520086
1267340,26.558595740880982
1267353,1289.985594969317
1267384,25.322964141325087
1267399,260.9106313243795
1267409,44.33283393965877
1267460,131.99545398958597
1267473,31.69376735979844
1267474,81.67467023839613
1267485,389.6726746448555
1267495,507.52186860573613
1267518,450.3994764413079
1267543,29.304040276017155
1267608,99.96038919531308
1267612,36.27099950783792
1267627,164.41627259705209
1267633,127.26927566461558
1267634,48.030138733540156
1267654,78.17011800334352
1267675,37.59687586241556
1267677,150.76967324777485
1267686,402.34734142489606
1267715,72.90247926648749
1267729,224.07247346368808
1267738,33.60511045474405
1267745,43.13982647160647
1267746,291.3562309814175
1267774,102.81710590271744
1267791,25.72976980178986
1267815,266.15556434290494
1267831,272.5682419191817
1267841,183.35304760805067
1267848,4.363597075550021
1267865,188.94518276558856
1267876,186.92867507968964
1267877,1308.3769887805215
1267896,12.698402488877743
1267904,169.5149832832231
1267932,42.62323414099235
1267950,170.54041767350841
1267957,48.63232010761369
1267998,859.7023315620479
1268053,76.38286865869131
1268061,53.05081569055257
1268073,1352.1480612551773
1268084,95.9135748877788
1268097,176.79673402268708
1268149,574.5863265810233
1268189,530.6372094025535
1268214,100.72754173658794
1268218,227.59617883887486
1268227,200.2296304373353
1268228,384.38412596418914
1268258,245.79253788756503
1268268,15.32158506952472
1268287,20.330889007747743
1268331,425.9689145535067
1268353,348.7863674976921
1268382,146.59026854770022
1268385,718.1412106587519
1268409,54.23041708803793
1268420,480.1171891477721
1268433,99.87435976174868
1268473,189.7030263549304
1268487,342.82023306359696
1268488,382.86403178283473
1268510,130.55267967203483
1268541,368.57951058912965
1268551,100.474555581552
1268557,74.71075506173015
1268563,492.98757749355383
1268568,100.65089273234717
1268572,205.91119680675484
1268573,32.44813879683658
1268577,99.15090392213305
1268579,877.9499208469658
1268614,661.4655695324325
1268625,336.89648713648745
1268631,21.706701140680885
1268656,386.46094998647277
1268657,1502.6479860441311
1268663,11.992389258557736
1268664,160.5957400571501
1268696,160.38671764956112
1268702,43.932944226589775
1268704,269.7385944793234
1268737,46.108533829242695
1268748,38.104557769236806
1268753,41.81155445761211
1268761,184.85591160542515
1268765,5.781114225716479
1268768,65.89276787233035
1268774,1531.3139233920285
1268785,28.961920494404456
1268813,37.064902477524306
1268836,102.37209301531563
1268871,1.7834219911301583
1268876,106.79935665415987
1268877,81.63499829452708
1268913,271.95923492954563
1268931,138.09977431433697
1268956,0.0
1268958,730.2620831102101
1268959,310.2114546078452
1268964,282.1709915861128
1268970,153.738779507145
1268975,348.4697447787649
1268984,204.9929304188204
1268989,1.7193138563645463
1268993,1290.646253608212
1269004,23.746554786806247
1269024,1580.1745695167783
1269039,129.14951172158538
1269050,487.18446826361276
1269056,23.7158256257757
1269059,42.12106784445089
1269068,217.0529389726685
1269069,1356.8184066930871
1269071,44.08564699068356
1269099,137.58160176548006
1269115,176.21111428456257
1269118,9.94990133663016
1269124,17.463495179284234
1269144,98.53648466247405
1269147,255.84756798879178
1269164,592.836499629968
1269200,279.71383549184907
1269302,11.715741159401905
1269338,42.301688272940716
1269353,183.41965816451915
1269365,43.39170099765701
1269378,106.4424253671635
1269383,67.21214605068221
1269393,109.16678856193472
1269402,374.75250088695043
1269429,26.17573865519207
1269436,30.21443791554505
1269485,57.526257760468425
1269505,5.771712597200531
1269555,583.0398489920531
1269572,48.074133465101156
1269584,57.00984944550209
1269606,63.30217079201421
1269616,93.10449555168812
1269656,148.71357250722883
1269672,61.801617281094856
1269710,487.33920973951206
1269716,110.16754834547972
1269724,20.70523704153491
1269737,162.16714714145462
1269746,31.379059520222214
1269768,27.10314273131865
1269822,370.9835083183947
1269832,646.637735411894
1269834,523.8172980487689
1269866,64.67097986094583
1269910,119.44234720685638
1269920,120.0625316136721
1269934,58.845989925153674
1269935,22.581729925528105
1269940,105.0153684464901
1269949,74.3383015218718
1269951,366.193315656333
1269966,94.55325757450633
1269970,1030.2453016676811
1270020,33.692272891700355
1270031,35.53765980420044
1270068,41.329946380059496
1270105,371.6469336092939
1270116,30.75856383382545
1270123,34.13139807769283
1270138,98.62713589539719
1270167,136.8236366848184
1270168,16.493388220228866
1270179,31.17961932970704
1270197,190.8696533889131
1270199,83.09200670074844
1270201,871.1641416648791
1270213,10.363499109379626
1270215,1257.746359121161
1270230,164.8028016581213
1270236,63.436174546564125
1270239,11.751623797001846
1270266,228.6923164398953
1270286,439.2373157421931
1270293,132.60752431995576
1270294,93.16341429878847
1270301,23.28360034153874
1270313,165.76451727348947
1270326,69.25751188637206
1270332,15.13326894359559
1270338,441.6766698796581
1270356,72.03568159082137
1270377,656.6136452719494
1270382,69.70925554596762
1270384,309.84518078241706
1270388,30.405139747809034
1270394,137.59945595205878
1270406,287.4066346024176
1270430,332.8192690544742
1270431,27.877880750268485
1270442,12.994705981640807
1270445,312.6366023781177
1270455,232.52674632942885
1270474,108.43697398806601
1270504,97.38439663624482
1270509,120.68103995743483
1270524,68.33440260712153
1270555,161.36888759369037
1270557,14.88013590215068
1270581,72.46096500012834
1270599,168.73890713632636
1270643,147.70218385104218
1270649,161.3555539810218
1270680,42.845400685675266
1270686,15.7845000123407
1270725,745.3983383170234
1270741,62.3120047947922
1270759,609.6942497053195
1270763,239.2122308706421
1270770,16.985656177431977
1270780,73.94167263149532
1270817,220.27788514996047
1270843,847.17758693756
1270851,15.605888746520735
1270897,33.67063852696626
1270934,13.677609847092713
1270940,51.94859910488434
1270954,268.4473262329008
1271005,51.1416858060072
1271065,67.55759442753424
1271078,14.71847985813652
1271099,67.11446665981241
1271122,150.25556953459574
1271141,125.62567653584584
1271162,276.530473767486
1271167,82.37803814374384
1271169,0.0
1271171,83.23746184526146
1271186,18.863456322730666
1271238,169.49141117634719
1271245,22.697420069724448
1271253,164.34851283835954
1271271,8.1653216219702
1271281,205.17044880281185
1271290,38.458481823047784
1271294,375.0856101939586
1271325,380.67803921286475
1271361,383.2956780711184
1271366,267.3087678156843
1271370,173.10786490345552
1271387,207.21508150963064
1271409,391.32069676884606
1271415,144.4061766091158
1271431,31.7769892913686
1271433,44.13414462331953
1271440,1034.579458625622
1271463,269.7229648617219
1271465,212.8995398203462
1271480,60.45899156440684
1271501,812.6184224253724
1271507,115.53161468140586
1271516,125.6414974737365
1271523,556.576895649636
1271542,104.95627810259668
1271548,0.037744751883017735
1271551,296.1309447323662
1271568,90.20444696518743
1271581,259.5803389183381
1271586,1659.7542197804353
1271587,57.54236806083644
1271591,405.593048681769
1271614,75.7842147274806
1271646,192.38237254744215
1271657,115.69621463223658
1271673,30.398103998494715
1271696,288.9157279674768
1271702,448.5608123798761
1271703,146.8276358783618
1271716,542.7619933000634
1271717,150.1131291774378
1271724,118.9232647681857
1271788,236.0397873461466
1271798,75.41632911704691
1271801,66.97054447432622
1271815,160.31276134647382
1271829,168.99247490776517
1271835,369.0243429145752
1271870,224.6142430106375
1271876,34.69562482304292
1271881,134.0190661790395
1271890,149.46130960357317
1271891,91.68255152667608
1271942,171.92979632728083
1271945,186.36540202640066
1271981,346.38605300973114
1271999,17.739281899247263
1272003,26.40808456841858
1272010,80.75511600328763
1272016,110.578995121987
1272052,139.75720551201798
1272062,18.711920988590524
1272083,1192.5966715032587
1272093,64.58282311807767
1272125,93.21866164720039
1272128,305.8437980065131
1272135,54.25148302077452
1272139,56.09305187365751
1272163,544.308464356782
1272171,2085.127409722263
1272173,205.0279356448374
1272184,13.12597871386665
1272194,143.18304183493723
1272200,331.3007221650916
1272207,27.657817146253382
1272211,199.87598999537252
1272226,45.10377338997061
1272229,19.325865169149274
1272288,221.14706304447168
1272292,232.60794315132915
1272295,385.7617498688786
1272298,607.5764831063657
1272303,377.8570136594771
1272308,471.0958691498861
1272311,51.56462486772805
1272350,228.28230441168117
1272369,97.10819135567877
1272392,67.5154797796655
1272397,127.82140247698489
1272403,38.35405489795825
1272411,13.571125228863409
1272459,8.72424942088005
1272485,127.11137561740152
1272505,43.75664516925395
1272532,591.7783767930786
1272535,31.991535821847677
1272559,54.41691377344277
1272563,223.0359256887952
1272569,387.181238598407
1272585,29.973890592667583
1272587,18.561006244718712
1272597,588.0740535193102
1272610,25.085056518473703
1272619,364.7296694628543
1272624,145.13735855069933
1272650,18.124608859696867
1272692,458.6098156158066
1272693,629.8794437336095
1272696,208.57241680914987
1272720,304.37487346071504
1272721,224.99484458950835
1272724,724.4952721400975
1272743,78.11365987362865
1272747,942.3513092260314
1272750,435.5847566069439
1272751,193.91530984479877
1272770,37.00299475364032
1272773,210.174592609147
1272790,40.39320768188477
1272811,324.83120376696223
1272815,70.39846077016506
1272864,149.28082790975012
1272865,98.46788546729502
1272876,182.3332824294575
1272886,445.78940485313245
1272906,150.7527902318152
1272908,23.83547816145459
1272917,76.75347004083467
1272919,74.97359338211224
1272924,258.32397363372417
1272933,19.069306775881394
1272934,34.85773352564913
1272944,79.86903870611289
1272957,84.9659972053807
1272992,105.41799559023508
1273097,849.3940182279487
1273103,150.84548215338916
1273111,481.1379088072513
1273113,128.216740387685
1273131,261.5068485768683
1273134,244.37950444652458
1273171,94.25634375221583
1273175,129.94919694522278
1273195,425.95626761320676
1273196,126.88691776083196
1273205,42.461744415125665
1273228,73.35128161001013
1273247,645.3462194539318
1273251,63.22769083298919
1273259,67.06377830825109
1273271,260.4569454667435
1273291,2119.133794176809
1273296,30.48476619607175
1273304,39.51259819494961
1273306,125.9778560442294
1273324,244.71431252072995
1273328,783.4436543756062
1273334,275.1451360328429
1273336,26.71619887501639
1273355,7.67474361251159
1273403,99.69898004390929
1273416,307.29191238707784
1273428,23.109144898457316
1273431,20.218504872622518
1273441,57.016922818632864
1273445,224.5073826553997
1273456,1415.1798688751578
1273467,7.555670982463769
1273474,164.2399379052406
1273491,56.80335665428918
1273495,682.8980710014756
1273502,31.38123877842611
1273528,145.75626373488836
1273574,126.51689187517206
1273605,125.12545817640512
1273607,258.9480113108326
1273610,892.8200922636677
1273640,30.021445967979858
1273643,13.02090564381884
1273647,231.78260424190356
1273681,8.478488545225215
1273694,10.656877540525228
1273699,36.92442484277988
1273704,465.3114349672477
1273706,230.60156916717423
1273740,355.90920574825054
1273741,99.73605963497093
1273760,243.08425628706203
1273778,43.21346200142066
1273784,208.98516474270767
1273798,81.71048369938958
1273816,1680.137693797619
1273859,50.92304161717224
1273879,1660.0118738293093
1273884,141.3702571831793
1273910,305.8841137457757
1273993,182.5613575591062
1274015,491.27694328921274
1274050,130.69497380731352
1274066,143.80539092803622
1274070,269.73651655091055
1274071,98.77032613058903
1274093,320.6376436175002
1274108,41.225598630937476
1274142,22.12602318406838
1274168,175.48186095483862
1274185,128.4632034514729
1274195,1384.8169741193867
1274204,22.938918025929826
1274216,58.01201813606847
1274220,31.72885042247496
1274226,733.3928791432461
1274230,80.96123331586612
1274250,85.9708584506188
1274256,16.534987464119222
1274263,459.9875330336492
1274271,946.0735925714546
1274272,43.00764159366257
1274284,134.1002980885987
1274328,116.62136450820631
1274331,292.5567971826941
1274357,19.083396124679723
1274362,30.900894383465058
1274462,156.3176235443194
1274476,278.7604446733958
1274485,245.26532759819162
1274486,135.48580679999986
1274489,85.09705052197444
1274531,41.27692595898077
1274550,119.05421578523027
1274554,109.99052368144059
1274564,27.872996677266734
1274572,241.01771139324646
1274608,1074.4589033032005
1274638,59.35850970352731
1274650,17.63252481908418
1274663,214.7541654896986
1274689,53.89261508432401
1274715,127.90007914116906
1274734,263.2009160720056
1274735,13.651795203106087
1274740,126.93011184780272
1274743,32.59355083541596
1274761,44.81717644355392
1274777,35.490307795151146
1274780,38.881047461613484
1274790,30.31630851729384
1274801,68.09096545265542
1274803,16.943110766779554
1274820,42.71173146570791
1274821,50.75709858321957
1274831,69.22013315207055
1274836,1695.699962901243
1274838,162.01113029321778
1274850,65.40994097189828
1274851,440.2192648757872
1274893,60.067826951833126
1274933,1307.3428876743415
1274934,581.3049916488715
1274958,68.05574537510046
1274961,197.1173417884362
1274988,18.057141742108282
1274992,108.33537539655285
1275016,273.04965671369865
1275019,78.31100269832044
1275036,985.6829935866972
1275037,175.70431978516652
1275063,195.5931539125179
1275118,5.29154709139438
1275145,20.591673419227842
1275184,41.45602442829105
1275186,381.30388193399386
1275190,40.883717663357515
1275191,116.6786819360725
1275226,141.33454593112154
1275233,995.0396290284792
1275241,875.0856221466902
1275245,74.0563695589183
1275261,214.7864076777718
1275299,85.38311002959263
1275300,230.36974492324885
1275306,32.12148235220611
1275321,202.5456375082178
1275336,88.21699703658852
1275358,167.37114540192943
1275435,111.5397165567658
1275436,256.1759641528675
1275446,83.9175110496894
1275453,81.23089719810429
1275455,302.10697413528914
1275462,358.68678521030097
1275465,123.80925455343277
1275470,130.08279283273262
1275478,950.5777599545215
1275484,189.33929682327326
1275513,423.6572047917515
1275536,85.19067165695033
1275541,433.61325074271684
1275544,106.14048011050981
1275546,66.46690322784812
1275552,210.08679825024558
1275605,430.76643917196986
1275664,127.96576381488676
1275681,85.51141659083423
1275715,495.4425315286106
1275720,133.61601435268383
1275754,293.795119154348
1275758,31.743000375322506
1275767,189.52629055420724
1275812,168.0230763061462
1275837,17.947233128350312
1275872,419.7066806314836
1275880,120.46219680817487
1275885,1172.4311947139897
1275886,414.8529214091381
1275913,41.16934409902205
1275922,22.533226152558715
1275924,315.17450110378644
1275925,61.20200681758765
1275935,320.1230753125038
1275945,779.9429125642789
1275946,541.4595047744527
1275961,0.9467732667889579
1275996,59.90721785748087
1276034,434.9137051787221
1276086,40.12209389133255
1276097,30.629543635636388
1276111,25.794773725739702
1276134,23.446419230356454
1276137,91.57966103160673
1276142,259.63526744317727
1276151,65.02651347802298
1276154,0.39410534196238206
1276162,151.3749151060257
1276165,379.10311936981833
1276173,185.64805354105164
1276177,449.0323523510369
1276208,396.811788284812
1276231,18.199662502519693
1276246,182.53474559419422
1276289,54.5356039517581
1276290,35.92187060438295
1276295,262.6072753609466
1276319,62.828109276292096
1276334,113.15855723306316
1276338,606.1364680795913
1276354,281.0380142186064
1276366,513.1255563143591
1276377,155.11809094511833
1276382,355.02487465881813
1276400,192.22552607748116
1276415,33.14113867532792
1276479,101.90696835526694
1276499,194.10616065049066
1276527,110.40647318446652
1276537,137.56021225757038
1276549,24.202444138191602
1276585,77.2645420358339
1276615,52.498599939459446
1276621,104.19829828123144
1276624,62.576326272869274
1276630,461.61685686540335
1276632,67.15933368577423
1276636,45.482547463777045
1276681,1692.2442392545934
1276695,564.8761812480317
1276697,38.16238657975555
1276698,262.01561855351093
1276712,13.855751427284613
1276722,24.520022200437136
1276724,518.5519283176666
1276735,78.76548553132713
1276761,253.20941944085365
1276788,336.7345414580601
1276791,45.59571510982193
1276819,44.51076370499438
1276823,35.7505114043501
1276836,12.754650083172104
1276853,51.091236316607656
1276891,20.38974217192181
1276935,340.33416238092394
1276937,14.62026943274572
1276959,103.51032366691432
1276985,381.0630789895178
1277023,237.43502912120718
1277054,20.749346985432243
1277060,63.66696872876582
1277097,447.1670759911901
1277125,221.51763922635368
1277137,440.90644477726136
1277171,164.12228936221547
1277198,314.85236928914367
1277208,36.29361261912845
1277210,395.6422712478854
1277215,452.7480728868516
1277261,73.86385461363595
1277278,52.267953659363094
1277293,346.9040697073868
1277314,83.22088374924253
1277335,148.51765209352513
1277356,156.9384603337537
1277374,248.2457610398393
1277378,97.08173382096426
1277405,41.648672211102614
1277408,199.5426943906039
1277410,11.83143017431337
1277416,68.26385467782983
1277432,302.52837900191656
1277434,143.69874476404186
1277454,1064.3134197911652
1277459,52.97937007340093
1277463,104.6974700523563
1277491,7.639066525435686
1277505,80.87829587606483
1277516,25.298867063005623
1277521,330.74473809377974
1277523,14.696580032590584
1277532,77.52325428122217
1277541,613.2239608393172
1277555,76.61648935873251
1277562,41.580486120506166
1277563,95.75130758893859
1277631,25.77988592227516
1277683,104.16737531399528
1277718,426.6926228988509
1277776,87.53012045077368
1277788,150.8562665147621
1277790,339.073264838618
1277815,803.1998043030145
1277844,332.2712966168408
1277872,81.31108380669362
1277874,868.0492374791431
1277897,154.68853617345948
1277900,143.47902583733006
1277919,161.94420080546814
1277933,104.5800415872195
1277956,53.15441763526949
1277966,47.29108725595079
1277972,48.38260774229203
1278003,49.12144000715417
1278014,748.407425126495
1278023,102.71417294669662
1278056,124.84635873711892
1278069,47.922611503404276
1278095,389.6827790995822
1278100,485.6592290822804
1278108,469.49946295421364
1278113,125.32204448146437
1278123,175.8995374945305
1278126,16.49997226293596
1278133,72.2536664464224
1278141,24.395756839485795
1278151,78.51319612448043
1278195,165.6388612497409
1278200,146.17998411695268
1278238,43.24381365776464
1278245,190.7688455060085
1278254,6.1493220719501025
1278260,930.5402661020106
1278279,13.103338473503175
1278314,212.94652308849786
1278322,22.679484892335864
1278323,225.0505372099201
1278331,46.5384700974454
1278339,710.8377378708826
1278358,257.49241485557434
1278363,168.71867252234048
1278364,30.723323050206556
1278366,732.5925035053444
1278374,55.68263652425086
1278377,16.64226256111924
1278379,196.4150648554111
1278380,25.967551644442313
1278396,32.07133781936487
1278449,0.7235549510926402
1278451,460.58370028058
1278462,103.00851409250092
1278487,31.673457548342476
1278499,46.91638291772865
1278502,236.42219917229505
1278517,58.4168080874323
1278525,352.4735534625287
1278537,735.1063338234762
1278543,49.92230750031839
1278568,54.365947269709466
1278587,263.1737875040203
1278599,211.5392009701341
1278606,84.84544810577837
1278620,29.98276069942854
1278640,0.0005299151512933821
1278646,69.43534205577983
1278666,118.02374254170373
1278694,106.94633135128333
1278699,301.6808812652673
1278720,488.22300472853175
1278744,986.9505149635272
1278748,694.6067781932866
1278761,304.96293867471826
1278768,128.2977757575088
1278780,303.21604329742087
1278807,207.70443500054847
1278810,148.47968267098094
1278821,388.55872135228304
1278837,91.65134668383851
1278865,108.52775827160957
1278894,166.9506851153459
1278915,34.45598154694037
1278925,112.56519659546687
1278926,42.38812849609344
1278927,44.85384262549347
1278933,313.02022226888795
1278946,94.45011920939606
1278947,27.0421176609213
1278952,9.377755307214738
1278953,15.850674754983853
1278981,152.31149664000876
1278982,131.37368125020532
1279043,413.95616075373835
1279045,8.840374707915366
1279057,110.68928801629565
1279071,14.385922883148716
1279092,73.63558168538323
1279096,15.012392134767785
1279111,13.515004323494406
1279131,108.91855639034813
1279211,121.07886592709863
1279214,9.487980357055795
1279234,21.58889156361461
1279245,1436.5207802876082
1279269,11.530027449229312
1279275,72.9291013357701
1279289,16.747480359936063
1279293,3.0340036419228786
1279294,306.3686029442869
1279295,196.4988360192261
1279324,111.34890319696673
1279331,265.7590172928206
1279339,18.995582165942707
1279361,216.38322836932818
1279379,136.95834390562305
1279398,56.795471353330285
1279444,155.3017138704754
1279450,519.9816051768773
1279456,122.14714607976339
1279459,365.8075078882969
1279465,260.3440380544475
1279473,62.94653077232599
1279482,23.234939406342107
1279495,1107.7044528106949
1279507,293.86648718135524
1279549,236.79149140370785
1279562,440.2832634574963
1279574,181.9476973607176
1279581,14.500277826956466
1279583,37.21284639643479
1279631,307.3527167169716
1279640,197.58628829320443
1279653,775.6421406133574
1279658,41.00584767019624
1279677,279.49636733940827
1279690,21.26752746886222
1279695,277.1934344433607
1279696,64.66939317112748
1279701,683.3808178758762
1279711,56.84034141964928
1279830,31.710386232111798
1279838,119.96069206261427
1279847,373.9823680730991
1279850,130.50224407508114
1279856,320.98365795432915
1279859,218.26142295753775
1279865,113.01586054518238
1279884,634.5813825910773
1279885,112.81440333440655
1279914,1632.4757030511328
1279926,147.11958536592223
1279959,82.2431227778358
1279968,53.15389767635617
1279987,84.09055383058876
1279988,29.019608738401992
1280003,115.80683288005683
1280019,48.960263993435134
1280020,819.489617385614
1280026,120.61507455618076
1280040,10.998226514829275
1280063,193.39010749294607
1280070,132.80984259581012
1280071,196.64193004295078
1280093,1260.6513294014926
1280096,321.56194591073415
1280108,113.12928698957397
1280129,149.2158219185983
1280135,551.1984444833535
1280176,164.12878116441422
1280185,96.13964482111615
1280197,37.436578592220954
1280198,7.174885240627497
1280225,23.878262647113047
1280255,16.06667651351902
1280259,107.5049388807318
1280261,288.4567135295841
1280308,181.81352290653948
1280345,238.1860263466369
1280359,191.72610791583023
1280365,201.37879327654423
1280384,134.42912263836283
1280402,282.7735177167105
1280440,299.68452193612177
1280458,44.300062965531346
1280461,168.7449370385747
1280462,351.3395049207112
1280466,76.59789265350368
1280472,624.7728927847334
1280515,35.5273534227306
1280539,421.6564419689438
1280555,35.83905595230444
1280562,65.35860164556956
1280568,87.23253905505263
1280610,776.5861937158617
1280618,218.2594975326587
1280655,126.78969738242247
1280679,162.09683555944488
1280709,41.30678157753734
1280720,281.8642826637936
1280734,106.37090659228596
1280808,150.67785888414582
1280812,16.226298013790924
1280829,95.45376444608554
1280831,128.59803412299527
1280840,132.72453935787252
1280847,2.4877041406982143
1280856,6.4386578219231785
1280859,149.12033193343024
1280892,86.13573941903947
1280894,594.7779908565387
1280906,26.536051302711083
1280912,87.97836829449282
1280927,439.27807285015365
1280934,14.612676596702824
1280956,16.344075778324605
1280962,152.63709189693623
1280965,378.2965675505468
1280976,147.71384745424
1280982,71.94853917769225
1280994,60.95646899335583
1281020,13.73859488098002
1281035,24.717735158428848
1281060,104.38819056983998
1281062,94.21501886860017
1281098,27.25690550653382
1281119,28.68032132082184
1281126,50.81039288497794
1281129,235.81511839805694
1281168,206.90536513515733
1281197,273.9985714003801
1281207,272.93737926554303
1281225,71.28818693702839
1281230,41.61066480783907
1281256,326.59698882501965
1281283,145.58873849293116
1281292,42.150344818301775
1281302,169.80567670190285
1281317,97.34666328967573
1281325,21.583995045040275
1281332,343.22932543987883
1281373,164.91283135604957
1281383,89.92883644463744
1281392,140.73331626545956
1281399,141.8016215520642
1281401,77.15338127973712
1281436,201.01612418490393
1281460,220.5736412434999
1281477,85.19053517606633
1281479,68.31454707018172
1281482,229.39790031630466
1281487,308.0832016985165
1281501,13.833267144944978
1281504,38.14234268267878
1281507,152.7700363469777
1281517,116.53860653815913
1281521,601.647018958337
1281529,25.237194672555766
1281533,28.062664633390508
1281547,8.681192159224263
1281555,738.123769799166
1281556,286.16728619316206
1281560,97.54313747875251
1281563,101.6225436286911
1281581,160.02365699801132
1281588,93.63363641980425
1281620,594.5535525041556
1281621,68.14865875517819
1281633,158.6095137225932
1281640,63.17623241690852
1281671,189.58677318913945
1281696,8.695377683240451
1281698,97.26896956123456
1281725,334.70341240106353
1281752,51.654386624229524
1281758,107.10821968102552
1281762,386.49261912142094
1281767,618.0491769733793
1281814,531.6132974121579
1281845,44.82720630113919
1281864,30.52778099379007
1281877,33.25100604413817
1281895,42.15051252259638
1281939,215.05677378581026
1281965,11.721028620002825
1281969,168.7099346995897
1281981,220.92872777067842
1281991,272.50432082058086
1282001,117.49700484838243
1282002,159.25086008235633
1282016,748.5139955785475
1282019,45.4773168009493
1282021,25.939756411237166
1282035,199.46719672760028
1282054,113.05489418316817
1282157,223.09057754748204
1282158,30.432482419758085
1282178,37.02851882884453
1282200,1081.7443758874078
1282203,891.9190050466884
1282205,310.0708203372967
1282209,221.51952932511907
1282233,83.07645603017686
1282243,1068.802547448376
1282271,1508.103151380941
1282300,61.08926483707674
1282305,39.478719723868906
1282318,652.3855350489308
1282341,101.6998471917187
1282357,268.5049564390484
1282419,124.12236765066537
1282451,50.526638588599916
1282473,264.03964346475425
1282500,34.83028458380088
1282502,0.0
1282516,100.64992502574104
1282522,20.89355231147432
1282552,271.40669768820413
1282574,173.48618148938306
1282575,463.2161779707657
1282588,271.9739947178295
1282607,100.42868646644399
1282614,34.56653226205389
1282630,24.332374495931035
1282653,124.77518238655965
1282663,33.604925106611134
1282672,41.662097008815564
1282673,90.28232136706943
1282678,83.81444440697891
1282683,58.197379121306575
1282703,291.2148291667186
1282704,161.30538251591778
1282712,343.23278996815793
1282737,113.79039121888505
1282739,35.71763196937794
1282758,92.36047334001077
1282792,34.60443153286002
1282806,26.427940880176642
1282860,14.336556920048167
1282871,164.8328577170258
1282883,79.22561146097686
1282886,33.2002184887852
1282937,247.30727407491526
1282969,273.71622373106163
1282979,429.24232740550093
1283002,272.53125697361094
1283010,282.9195991084978
1283025,392.33743428029373
1283042,68.61089621093308
1283055,174.5051810522877
1283089,202.8533491593105
1283100,16.60590010399362
1283105,44.680606690634114
1283121,239.5733994475938
1283139,32.949621249688875
1283164,85.27087227977091
1283179,35.8880375585385
1283181,80.87699029649518
1283213,95.76759142684612
1283225,0.19945356838255793
1283246,39.31977702747302
1283271,29.547653144318815
1283293,16.220593470511226
1283298,95.85849546318875
1283300,36.773978728943625
1283324,100.56975109752265
1283339,38.2088251624153
1283359,187.12589315843368
1283364,162.88016242813583
1283397,249.50052157132146
1283401,102.49949683437757
1283403,291.68336898873736
1283426,598.642557427359
1283429,58.4566366787235
1283463,130.81995234974426
1283478,54.70415917682881
1283484,12.221440740264752
1283496,37.19134114176026
1283497,819.4245964261727
1283499,70.2618518404181
1283548,19.54911490074399
1283593,46.87199893156711
1283598,70.95340029182012
1283607,30.450567635304203
1283616,173.30697297671267
1283654,43.537219713241626
1283670,385.73786865300247
1283680,726.8342206297611
1283683,116.89823684753603
1283686,591.4915128320799
1283691,37.3659345582139
1283746,33.26437842971278
1283749,28.485240054425166
1283752,275.6684368238382
1283754,492.17350617547015
1283777,11.406749461073737
1283783,118.77553438361426
1283793,4.838849005207783
1283801,963.8919731091064
1283830,2322.890499193778
1283850,182.0893109935026
1283888,96.86879933324948
1283901,343.64677454200455
1283930,91.75516368820821
1283960,166.19065630965193
1284038,545.4261609023713
1284049,49.64163351557189
1284066,11.541811088870979
1284072,188.10681760627486
1284086,43.853256105511335
1284106,19.471434591916907
1284109,32.498219490949296
1284113,192.60274288025167
1284150,301.65154885702947
1284152,54.62565931031208
1284180,877.4888848726662
1284206,61.126103966896174
1284213,288.866901030716
1284250,38.39492467478169
1284311,35.4188443835997
1284314,451.4223351218891
1284319,104.43158172569206
1284323,405.4353885618563
1284324,295.1961051258132
1284327,732.8119300380542
1284339,384.5907897245177
1284344,222.79462273245795
1284388,226.1513413023638
1284400,219.16423714760714
1284435,123.90930733597826
1284449,25.96949303904638
1284450,117.59008381687755
1284482,386.2761448938472
1284522,68.83315346863145
1284526,109.83110455664698
1284527,265.0083607461908
1284532,36.411366001600946
1284544,63.86556734542824
1284547,1361.465111728463
1284559,44.07523167621482
1284565,261.1745037027416
1284570,105.94275069845177
1284600,60.24758499396503
1284608,175.8413704537944
1284641,264.3276793806646
1284661,10.239454782305822
1284677,27.787306030143025
1284694,110.72229325638719
1284712,281.0112577929682
1284731,126.85452764181915
1284746,32.99794586449198
1284763,341.6597155566768
1284793,519.1009394983448
1284797,1132.7302935961109
1284825,491.3369140232748
1284837,721.7037919849773
1284838,65.32706941224978
1284845,88.64218665988858
1284846,64.01842977260098
1284851,337.51121964609064
1284858,18.027095443682498
1284859,361.3604519817978
1284871,89.45817014204123
1284889,28.897805439839427
1284951,8.579947233391215
1284961,0.001937610257828369
1284979,40.221411948350855
1284992,25.29289692355336
1284993,146.65188684342965
1284997,677.95799746236
1285022,137.45700823013874
1285058,162.09116969011217
1285083,213.69069205587525
1285096,67.706864049534
1285104,86.73292532646661
1285114,166.22853718822648
1285141,104.73468783419413
1285179,79.79256293325825
1285191,25.462535528437304
1285209,233.7911836544371
1285242,700.570006468773
1285247,644.3348479530673
1285260,326.3795138269907
1285263,28.387830064586243
1285268,341.37366818963875
1285290,57.237509496222614
1285304,270.7419472635171
1285324,1983.476868670265
1285350,105.87750947141241
1285359,13.836390866532588
1285364,91.93895983312387
1285406,77.73850152065508
1285430,40.52119069628696
1285450,130.4856184094526
1285467,283.7020505738876
1285518,194.44464111279464
1285535,448.65280297093193
1285563,44.2056246134204
1285568,256.9192975972102
1285572,291.69307798272575
1285582,191.34373276974628
1285597,303.1457361932808
1285602,14.802794474324756
1285653,1092.5238134108397
1285656,410.185130301064
1285662,128.6627967001983
1285669,91.32340403922876
1285677,99.69950164622021
1285681,393.75025490303966
1285713,281.52943872082955
1285741,69.70620640498835
1285808,155.03470558567068
1285811,44.59596545863886
1285815,122.28606756771002
1285816,82.77517224353507
1285817,1299.6899487287803
1285831,100.35637958709272
1285850,34.30538359821412
1285859,67.50361363346062
1285880,327.7535253478628
1285893,337.7390766810311
1285901,28.235083460444105
1285908,73.3663863640677
1285934,64.0801493077693
1285948,295.70660048099995
1285953,336.3317194827677
1285966,364.42654987935265
1285970,45.91441309370532
1285971,100.37384600220565
1285974,51.645545240753364
1285982,540.5243625592294
1285990,558.5853518900839
1286032,586.1094013858019
1286035,63.36766331823856
1286044,0.08485237416119487
1286080,16.03594608553682
1286106,40.015245542075526
1286111,44.64367281681026
1286122,71.37789926186777
1286139,77.37684457991907
1286151,69.4522382053827
1286172,36.82940607569886
1286176,40.7413006902711
1286192,434.52492142588216
1286196,215.0999090060726
1286209,468.27317110180616
1286218,99.01367891837975
1286223,114.79571064676567
1286252,163.82677366545747
1286261,78.33522082882112
1286263,162.80274755517365
1286282,124.3696896481704
1286305,134.82232921772027
1286425,152.90265201018744
1286426,21.92073977011683
1286442,70.28840861740609
1286449,28.373154306862304
1286451,53.79399692288986
1286496,17.589775910170193
1286519,144.4254581369421
1286531,70.12548216182266
1286535,180.5642751215863
1286540,19.019365014798627
1286552,44.47366375517113
1286555,35.28364561253605
1286570,1.0976018394777973
1286572,29.5710771545084
1286575,84.27892497238486
1286578,209.97367469433814
1286582,67.11808050314598
1286591,285.85054495410776
1286612,14.373023996793503
1286622,185.11757684813486
1286648,32.65556150559763
1286663,118.98905689050505
1286715,137.76782194628544
1286769,29.7181612931789
1286790,33.495378730253464
1286831,27.61451429698115
1286832,82.16945444036539
1286846,100.06152295774686
1286859,204.6561493797202
1286860,24.048093103352038
1286862,151.3627695491637
1286873,24.60613969015423
1286878,136.49797078185188
1286897,32.38903949986557
1286899,76.35145012479447
1286904,21.78402276358543
1286910,22.420439750731255
1286918,1012.4953932466185
1286932,208.53174076374182
1286946,265.105167547519
1286949,123.75561108350601
1286957,253.0696372247532
1286961,211.59197145929048
1286968,42.023018192943816
1286976,33.810098245017656
1286984,184.0742174088235
1287009,77.58219421531874
1287019,53.302828817229106
1287051,108.89104739486574
1287052,1716.0514978160734
1287056,106.95216785502396
1287061,129.90062724577066
1287087,257.4041682553342
1287103,66.66430345663073
1287120,44.410027263103025
1287128,192.6476135115847
1287135,481.0892489808462
1287145,675.8678581034708
1287164,505.24880235581105
1287186,33.61754602778232
1287191,294.17022399562984
1287196,13.242409154201072
1287197,73.5790135084425
1287198,134.0153836162386
1287202,646.318447604346
1287217,345.0687948302226
1287231,190.01472266409777
1287261,105.91034755872732
1287268,38.02796087398513
1287283,113.54752084228839
1287288,1291.6614326108543
1287294,76.15689316395337
1287323,271.49887760219633
1287339,29.03638242230793
1287363,30.450277420783088
1287364,231.13206052178919
1287371,30.891842390637667
1287375,238.6584268773134
1287395,63.69487914690025
1287421,119.98543012135696
1287425,69.45793735168506
1287436,155.5473709938709
1287438,113.44042071440116
1287446,12.80659966206863
1287476,26.25467681200928
1287492,8.827856417977712
1287497,55.99024606996229
1287516,104.99835914599073
1287518,42.30741230560306
1287520,96.16787536555354
1287529,84.07737630877772
1287542,770.2755886558645
1287568,403.5487331663517
1287575,10.040257455281305
1287636,121.22968632738781
1287664,377.6661378216371
1287686,12.470109681440379
1287691,128.83604174886736
1287693,11.842105118948496
1287716,40.045412962308596
1287733,156.89258222474868
1287737,68.49401135864666
1287757,37.91390672149468
1287783,68.32729864033044
1287808,69.78748272959966
1287822,169.8940742027927
1287827,128.32099983615615
1287845,107.67100976237367
1287849,79.36642310447327
1287867,57.72575188494584
1287870,286.47193802884135
1287888,194.81875267921768
1287932,224.5644667619298
1287959,82.89558368058644
1287970,462.2019472061342
1287972,62.69543704680428
1287984,34.67844894509193
1288009,4.0670007582886445
1288016,103.6015897302559
1288029,3.153456498844705
1288037,1073.7801937811355
1288038,344.4730820581017
1288076,203.19191108638353
1288078,65.82957979143868
1288087,22.208552362966667
1288112,48.98345679903163
1288149,88.40975360261508
1288154,734.4106475381222
1288182,151.30922263487165
1288211,16.755181531893296
1288220,241.6482449511868
1288241,128.34184082141593
1288249,28.42427233051423
1288250,89.02835320412562
1288267,161.6024408073444
1288325,107.51864137047511
1288355,121.7592258198811
1288363,51.27631212256758
1288385,441.35307070744255
1288387,47.723556567657795
1288414,208.53011448130349
1288418,144.67806113468114
1288442,35.34715445984773
1288466,41.42154776255555
1288550,58.923033330472784
1288551,61.62070907941918
1288556,120.61207141812466
1288571,23.0393178718731
1288584,139.9527534219316
1288625,17.977048812838575
1288632,22.214470492549292
1288665,104.43248412311647
1288681,125.00660926118235
1288697,27.12305281552025
1288726,34.72763450049919
1288728,68.41059125387649
1288751,54.0503224567552
1288752,310.22786253466677
1288768,302.56007317328533
1288784,228.06743635975627
1288797,85.46045081188957
1288816,72.38047103401045
1288831,77.89368116563578
1288832,85.82708747288036
1288833,104.09648422175052
1288839,2.4404141300726523
1288843,136.58082770044228
1288867,210.12197147007151
1288873,138.12490082013844
1288892,22.58724131545781
1288919,26.300270296536546
1288937,43.20748205184147
1288951,415.18327022882227
1288977,86.05692482598569
1288980,186.56518587452163
1288985,1094.1229633842613
1289002,154.34494825777622
1289049,39.832421094022756
1289065,68.3725341267526
1289077,95.93386056088544
1289081,39.552122801800905
1289109,12.052677099546203
1289127,111.27483084810474
1289132,38.48046861114611
1289149,188.19144969093446
1289201,113.00550590268526
1289203,426.04082260786316
1289204,238.39642443423807
1289214,115.07623331701
1289229,225.10533483988723
1289252,440.6921219741853
1289303,192.58735484704644
1289314,112.26861690865502
1289334,12.346966721675777
1289382,58.510396034253304
1289384,792.0045422594395
1289400,212.21159556140756
1289418,44.97273849702405
1289437,41.8328797512526
1289441,37.506493961575686
1289462,21.23250163825465
1289484,13.201731181816047
1289506,2.044243276840715
1289523,252.33348553164592
1289562,26.126209036021315
1289569,308.5523789637262
1289590,316.2739667860159
1289609,180.46423161901714
1289617,47.827420349290094
1289632,285.3182106594576
1289654,27.48518505640629
1289665,127.18733296485591
1289683,120.04724942050322
1289695,9.82941131801052
1289707,504.78532643403213
1289710,39.87711573755172
1289744,431.3253249672121
1289757,50.24011846374326
1289761,50.48641760947988
1289787,8.051002627695853
1289790,1007.7540987877942
1289801,35.64343631701511
1289811,2151.910189517385
1289831,131.25047416184168
1289837,23.31915053862967
1289847,31.152679956128242
1289857,411.15152001972194
1289858,39.20336099145717
1289902,60.899530824451645
1289905,98.37405860760094
1289928,55.44961554614637
1289986,166.89957105809532
1290002,728.5090875188575
1290034,44.14135772413083
1290035,16.670521792060015
1290036,80.9379491053722
1290045,120.75535893775228
1290071,61.70766652578567
1290080,612.6550585298439
1290122,45.556116137823544
1290134,265.90689304315754
1290141,122.49313059149877
1290145,13.636593855914892
1290214,15.756099091212539
1290273,95.22470481213038
1290283,236.35344320429303
1290290,104.09640449034555
1290300,26.05377733793642
1290309,234.7238164540869
1290319,1797.0018782865839
1290325,532.0873339505421
1290329,172.7109073803817
1290336,39.75667747133068
1290352,127.0838859524968
1290361,188.2787339377744
1290397,10.160730594170692
1290408,223.46699344306916
1290426,71.07205020440699
1290442,193.3701811351158
1290443,440.99621460460344
1290461,13.052485754342797
1290480,779.4890974763103
1290504,645.421641294534
1290506,346.38568738898545
1290508,111.9432070219915
1290510,3.6235973363605343
1290527,47.95576445288878
1290532,247.94719548232217
1290556,31.7670279207286
1290576,410.7633341644518
1290578,15.298957436851873
1290610,111.59760343674894
1290617,208.11359089667133
1290623,335.32012530581113
1290649,59.19954697004384
1290655,19.742192715859474
1290673,534.878969581218
1290682,87.55134960291423
1290736,94.5659757945592
1290777,699.296406700964
1290815,12.784981605199222
1290817,80.7531285096149
1290825,168.59747931820172
1290854,350.35355355864783
1290868,184.00432228755457
1290880,75.49977561677406
1290899,39.473026614544935
1290913,52.08758834053009
1290934,261.90523181515135
1290936,44.73014912355093
1290939,1172.430913525349
1290947,52.350827588605526
1290975,14.89285010676831
1290984,493.0640859030956
1290989,630.4164438019382
1291085,42.58569360836904
1291095,173.81435519994173
1291104,356.37412332768963
1291108,55.17482809143549
1291113,209.7691330595254
1291135,200.1724060008225
1291172,35.19367815342729
1291220,18.19337527641755
1291236,75.37595500884517
1291242,19.715826069517245
1291261,193.0146136476341
1291262,289.9618469758733
1291286,154.20689438624441
1291288,159.79192286651474
1291300,165.8152171691922
1291316,125.96251204410902
1291337,338.5553782110063
1291354,172.62103187301074
1291371,424.10896701720486
1291405,82.38536700284524
1291420,173.8964049080316
1291422,1013.5130648408078
1291439,1886.9718203795992
1291460,66.34588307840924
1291482,66.63013431713087
1291485,2347.7128819666978
1291487,193.63770736385845
1291501,692.1504267985929
1291511,171.3600191552761
1291558,212.44588245608648
1291601,143.58963121883275
1291602,28.68088947580848
1291641,10.621329548727129
1291651,6.104560190616803
1291714,40.73618496344233
1291762,247.1671181707091
1291763,509.82511106472475
1291765,43.7318888632793
1291777,91.25290247622054
1291779,60.46647189318072
1291788,151.76867144940582
1291804,487.4338866634181
1291832,3.074058612181784
1291850,63.30769536444022
1291874,188.81527861990418
1291876,275.6835134994222
1291900,763.3793727469922
1291901,153.1379550911611
1291907,124.57548640956209
1291911,99.37114163754102
1291932,27.37312730041723
1291939,297.2903122599058
1291944,107.89185729991603
1291968,7.166448440787804
1291976,107.12651666387649
1291979,70.60256142204359
1291984,22.86772727584462
1292002,188.0855387983728
1292007,95.26226961162641
1292029,85.6513811699629
1292034,80.65479840995025
1292070,664.2890093401359
1292079,95.91959158164549
1292156,33.839980497545284
1292157,467.4085230409759
1292159,275.53151287832657
1292161,404.3772099638864
1292177,78.15427093616545
1292184,340.0011012842752
1292193,386.46344663449037
1292202,82.2962420097107
1292208,171.39328229289052
1292242,35.91927504946062
1292295,184.15803677839335
1292298,37.37076592955201
1292299,182.01566483455554
1292308,65.84824152999931
1292317,301.35972889911375
1292318,156.0550445633702
1292333,104.34555736688628
1292348,108.77404781822263
1292366,600.751777797957
1292372,216.34988729835737
1292390,397.98498546980903
1292401,38.353375337978584
1292411,73.37130700200916
1292414,125.26335337738392
1292424,30.64565713501828
1292453,25.64590578237802
1292460,145.9672256965136
1292462,500.5391969145877
1292473,100.27774151397834
1292547,267.77428824044773
1292548,193.74880356482447
1292555,27.01311653665363
1292579,31.22624246295921
1292602,43.10845418006552
1292612,458.9116622344591
1292616,33.02202236058096
1292623,168.4560963255427
1292643,28.30353265661004
1292670,266.3963751295737
1292674,26.09078650005249
1292684,46.67803756593026
1292707,249.08468708578104
1292720,42.91772508641355
1292750,11.416514347414871
1292764,100.00924518920053
1292773,100.92134244405138
1292779,85.53937482997608
1292794,144.21748828042797
1292802,410.3393775723098
1292810,45.603501394050724
1292821,32.34087319778369
1292839,37.13847842143084
1292844,508.35262598691696
1292861,236.1373707654021
1292884,712.5076591147899
1292906,91.16847825123986
1292957,295.689208997088
1292973,98.46902019313636
1292980,11.482880791462994
1292983,734.742262262398
1292992,405.40699025555085
1292994,58.964438240621405
1293002,115.37816299636258
1293017,41.424659625457906
1293041,44.79969639066261
1293060,271.9255832601113
1293085,102.99663402569492
1293087,0.7285919245396102
1293094,152.64374948829382
1293143,42.282520773577595
1293173,503.70332948461066
1293237,86.5478304554548
1293246,25.381851715830308
1293278,20.10767789982717
1293282,659.6117821593507
1293285,38.80041306438996
1293301,496.199703717793
1293324,32.966116204088216
1293329,88.3895900256719
1293336,111.01407546536588
1293359,107.43482153355134
1293366,21.950858562760132
1293367,96.06707353588119
1293396,28.471760546551035
1293409,12.084458743638814
1293491,171.48913101231975
1293493,45.165776687699186
1293530,51.0712776597089
1293553,77.63528101355355
1293562,121.06826965084598
1293636,59.39414375252339
1293650,161.98005375516573
1293675,118.67019088293966
1293685,76.78600847098396
1293688,18.828806176181807
1293693,91.58966539705402
1293724,76.11621839547743
1293729,333.50179196939746
1293785,790.6351545481175
1293797,217.39890643359246
1293810,190.0721955606484
1293845,343.2327873915611
1293848,617.9556740033162
1293866,54.02595172010756
1293873,22.949884615952875
1293881,505.4407727139508
1293894,42.05677826882906
1293905,69.25505670679293
1293914,227.0441755573196
1293933,51.54180248908501
1293935,278.40250505934824
1293946,177.1542539829487
1293997,8.12442647716948
1294005,496.04447451234853
1294006,0.00012190825551743238
1294014,29.05250618890604
1294031,378.18405295321537
1294035,37.2843525900537
1294042,74.09524176784528
1294077,27.206419889901788
1294079,16.3727251493736
1294097,21.612077095780528
1294107,72.05012040636699
1294110,223.72246640210713
1294117,129.7319686559463
1294120,16.77265171737718
1294124,154.23993348969415
1294128,87.48137736326208
1294141,50.83391076558519
1294168,121.64244809063455
1294183,238.97628164938104
1294198,61.553588788742424
1294200,70.35531399730152
1294205,1707.1129684950631
1294220,154.58927347777004
1294222,0.11340206709136652
1294224,18.823294913486208
1294240,47.62711142843387
1294243,113.68220340224873
1294270,83.99688010256226
1294285,73.13892592913344
1294289,489.888207064315
1294314,207.12194827009796
1294333,46.65321398292243
1294351,175.9295186979509
1294357,219.83861003915183
1294366,160.17290437599428
1294408,122.70571197781102
1294443,354.82350578060743
1294471,25.69465831156147
1294489,235.68706989895443
1294491,582.124948090126
1294502,115.7679637756208
1294514,225.14813812311152
1294522,12.5502100314369
1294557,79.24779760789998
1294566,29.832556088964377
1294587,13.161594954166661
1294598,161.3492812963698
1294600,63.46724702673987
1294628,12.77268804079161
1294647,128.64161110210583
1294652,92.3062770610002
1294658,117.39448293053124
1294662,134.33645918997533
1294669,220.11844465328355
1294670,229.16052412858883
1294685,65.28122540681551
1294690,143.53272468793446
1294699,166.85952367362097
1294741,77.83155083199841
1294764,12.993623474298628
1294776,476.9353985880907
1294794,11.165210031803209
1294818,582.4833132440307
1294819,128.64635942138554
1294843,219.75608039801725
1294863,37.47677951426477
1294878,33.8184844912382
1294881,8.776986776692675
1294900,146.66308066021975
1294933,938.0122429134574
1294936,112.88031801833107
1294970,213.21329782169386
1295002,77.61779273219402
1295014,176.88689709168253
1295018,63.78181153480732
1295030,577.0912245254016
1295041,449.8180779335225
1295058,696.2279039469632
1295096,12.54741345849821
1295117,29.81407041138307
1295121,381.74283980180627
1295122,53.8963560630504
1295143,897.5979060888905
1295157,73.31932050610723
1295162,67.92182261746756
1295164,85.21124815536169
1295169,16.356756864555603
1295170,107.38559353382527
1295180,167.19934032246474
1295195,625.8923615125425
1295197,57.6877877733871
1295212,13.726983687679576
1295216,1011.84990819294
1295236,189.67320814935684
1295266,152.3822456287429
1295267,33.310656630055966
1295274,102.20080159751959
1295298,73.86292480634118
1295304,2035.9679838377886
1295307,49.440947734166755
1295313,356.9323131917039
1295314,124.16562386926635
1295323,675.5306056494131
1295333,136.1689243801723
1295338,383.41830408677913
1295357,248.08755778065813
1295373,289.33362829534957
1295378,25.033419635591873
1295424,39.39560661682626
1295433,234.47645021149086
1295439,25.783830710658602
1295444,124.50264731559815
1295451,20.984645884242234
1295471,142.26664875708573
1295480,345.27842453961415
1295493,282.84879887459306
1295495,93.45967357819212
1295497,124.99555266691785
1295510,26.374539158055654
1295518,95.37214443368285
1295531,183.92493586242026
1295532,161.10405559168044
1295553,188.53970360368388
1295580,32.650332257651705
1295629,321.15589051241557
1295630,128.60120378734786
1295639,76.05297200050232
1295663,26.169344125999707
1295691,250.38203706200147
1295721,11.995399524787908
1295739,163.3288992296255
1295753,467.672657549193
1295754,278.82602568097445
1295765,609.5526646998553
1295773,71.03005590468395
1295778,366.42896128407574
1295783,287.42355291055304
1295788,113.94929853542166
1295791,81.86864719830271
1295803,26.61058432110543
1295832,284.9393587336768
1295838,268.33382462589697
1295887,421.76463859858933
1295928,110.09302973144942
1295932,87.72816443380823
1295935,3081.7791028481292
1295957,14.102704195746494
1295967,87.88155098872407
1295977,76.47946475844965
1295983,82.43684834466269
1296043,107.07196236253456
1296046,187.76707966081986
1296050,13.653607352920734
1296051,153.85756208806757
1296093,561.1409559055122
1296120,375.92150373949454
1296135,77.33868580032645
1296158,164.51219700388603
1296198,31.885093361397733
1296204,418.78691260079654
1296233,0.16383705759693834
1296259,62.78273386528115
1296288,551.4603098251666
1296303,218.0981938113546
1296322,42.74681661161932
1296351,25.155409105255742
1296374,51.76039492056995
1296384,254.5852142586783
1296395,147.3863812274384
1296401,28.33925956014418
1296432,202.39337795116882
1296434,11.106149446251854
1296440,41.42584350560324
1296465,75.6318145894393
1296483,343.4639398319642
1296492,130.07826754873852
1296501,34.91581079389869
1296504,1235.1204607122181
1296522,176.22472827889732
1296525,30.27744432043622
1296533,46.369480823829726
1296537,25.43258175088098
1296548,119.09565157484508
1296562,1173.0458071288524
1296573,5.300335301459754
1296574,435.2612030591344
1296576,43.159589898409706
1296580,100.46539115140168
1296593,0.6502051906692878
1296610,22.273528100743896
1296614,31.677417445536374
1296652,128.10220175770394
1296678,86.66287652676185
1296679,510.76120210953525
1296692,399.4448278207194
1296700,468.76643536364054
1296737,48.88212017649428
1296742,138.56367621945066
1296744,64.22724898687107
1296768,136.11712915395967
1296788,37.056640417079535
1296819,427.69708154712583
1296839,217.78690234577687
1296849,77.21667521303637
1296853,109.41034554461507
1296867,153.08764171911974
1296870,108.05417580724307
1296889,26.234732370937827
1296900,35.955894066289034
1296913,16.92717926422392
1296937,960.9030118346601
1296951,21.694323864920108
1296974,20.715281961825813
1296975,48.62409898755976
1296989,240.98271202684643
1297002,7.3736114453597
1297011,2097.359038272521
1297015,101.78000128154125
1297029,69.49117006069089
1297074,13.021993814513248
1297084,26.00039934830928
1297117,129.09016167949753
1297121,1432.2714928973255
1297146,204.5503021813591
1297151,73.78126836295537
1297157,378.33355460987985
1297171,310.30668144677696
1297182,13.081183920830593
1297207,19.759329177000645
1297230,729.0567686145198
1297231,131.27741905462486
1297235,180.04587328506761
1297253,149.38961103642035
1297275,198.36400230029025
1297279,201.37508827309455
1297290,67.90639234639333
1297299,212.6653210754817
1297322,163.83727272956176
1297352,44.59377912581456
1297374,75.24315967797749
1297387,372.5298800588127
1297394,19.9546118025477
1297409,68.04074936608245
1297433,72.42638079083468
1297442,259.32989687081493
1297445,26.611493730791345
1297446,48.89827517040364
1297460,125.55793431487368
1297462,129.10637456785196
1297480,821.9169548926843
1297481,243.45651669396932
1297493,50.578254990586665
1297500,108.08254123008162
1297507,145.13231473540728
1297518,21.63997867520392
1297521,381.808230555674
1297522,32.64645348053929
1297532,0.25749983660080783
1297570,145.2943776532053
1297612,156.8129220025752
1297617,160.452362037879
1297632,72.33702166637035
1297638,11.749067825789439
1297694,90.46471263853515
1297702,59.191505177046594
1297712,41.348427983355336
1297768,57.997225061924524
1297773,40.358059380780404
1297788,392.9681921253246
1297802,244.1462571864556
1297806,118.12669424646423
1297826,761.9944125006052
1297841,2075.496163940664
1297855,2.5700485578727372
1297883,168.28683048582735
1297893,527.133839342674
1297918,323.8294777996162
1297961,159.2496792069325
1297968,257.8459729312614
1297987,86.72510508221043
1298007,4.619082095342735
1298022,809.9458661556151
1298051,13.52357106351254
1298065,75.14541864656762
1298077,45.49012658651414
1298088,68.95384055490412
1298135,133.78725425567364
1298145,476.4022170491184
1298165,78.61633860074102
1298180,255.36031570256674
1298211,244.8597098872089
1298212,52.51573184248188
1298237,12.507655629294435
1298238,112.2856411632702
1298252,270.7874240661065
1298285,139.18249286850408
1298290,108.74697882980146
1298371,108.6567667872375
1298382,19.47298922340245
1298419,8.81594020863775
1298435,190.98162647031
1298458,114.44585073562698
1298517,47.91292040982925
1298535,28.654660276388235
1298538,151.71098239167014
1298548,258.7643386563367
1298566,36.7804556069188
1298578,13.012380175448271
1298595,390.754724905513
1298612,14.499836401249176
1298616,1157.9347111577085
1298632,651.922801484015
1298675,136.08939328063678
1298678,15.09797158639026
1298741,235.40630505711303
1298742,27.92888963459026
1298752,365.1581733971651
1298757,134.81440213957262
1298774,44.21509860190122
1298775,24.75489526942027
1298778,130.1485489552785
1298800,468.4927103461307
1298818,13.66183466039842
1298823,42.63205937757001
1298827,606.8053476311545
1298831,19.221297702755177
1298833,155.0689138833664
1298841,22.257253400860815
1298875,32.653855438695516
1298916,430.5498114220658
1298947,88.48773114440874
1298954,68.94396552376315
1298962,24.60168245216666
1298978,102.58649358513901
1298996,103.84595633214768
1299017,692.5535708223498
1299021,397.38488913486077
1299024,139.43309677086324
1299041,805.0053528784858
1299061,19.034377042742012
1299062,60.438815431097495
1299070,331.7682323793626
1299109,171.08005699867365
1299126,291.1640038200524
1299132,55.294295568203985
1299135,117.8288097808901
1299196,965.0016805748519
1299213,238.88871358029428
1299237,8.57084444011485
1299247,41.80834142851934
1299263,16.716989150858552
1299296,210.89346397055002
1299299,1.7824365655118939
1299309,131.25602974404626
1299332,11.552579817744883
1299335,88.83006949775792
1299342,36.45537307238079
1299363,6.522746743494305
1299376,419.2148369764109
1299390,351.37580498537204
1299413,19.76727153330945
1299417,32.154451282900894
1299433,26.53139944648964
1299438,43.92458003504487
1299452,177.87987257961456
1299500,26.123470063331602
1299518,593.4381165149977
1299559,190.43022075008352
1299563,524.9006723342155
1299602,128.7525696445463
1299613,19.575091613964336
1299647,71.8730895919698
1299648,58.125149719921495
1299660,203.4831397268017
1299662,283.6249626159126
1299667,77.85565172465627
1299678,109.92542026486213
1299687,61.454886088084386
1299696,83.55554631666341
1299709,116.76858328227942
1299718,216.14918124315355
1299727,412.3126784622938
1299729,60.71806846144903
1299746,86.64525674567727
1299770,207.1489425271555
1299828,32.629698750787945
1299844,197.02489648839173
1299848,30.432386462282395
1299855,100.81848129522072
1299861,175.86989857510838
1299881,288.09383814598147
1299905,100.4683620939734
1299929,295.11981171647056
1299937,121.31504585981885
1299966,17.16841783642224
1299973,223.58134597217594
1299976,96.83121537360563
1299994,34.28292451461418
1300003,196.40408406019355
1300007,547.3486379109067
1300033,26.1887502396889
1300038,141.0180848441827
1300041,8.04544318636774
1300063,994.6193301217842
1300078,109.22626771626484
1300093,187.49318048237797
1300102,166.80496364213303
1300105,573.6153445506528
1300128,222.92389240917666
1300132,175.36091686504557
1300135,325.5190743788619
1300140,109.12221763907911
1300150,139.35869122275673
1300190,236.37211931240074
1300191,611.1226742686137
1300202,37.94617078863338
1300214,35.15262914779769
1300287,58.63992542505264
1300295,60.36730544450964
1300311,33.799136559628295
1300326,1524.148913268422
1300341,102.39100080662901
1300350,194.51811311345375
1300353,115.94667613203548
1300373,23.26015735951933
1300383,491.94287542329283
1300394,173.6382421355883
1300405,192.87462315556826
1300407,482.3557431964278
1300490,388.5771056342294
1300491,220.3934360787683
1300518,152.30763879022385
1300527,845.9737824614224
1300533,21.434924604065774
1300537,105.83954854456259
1300574,112.61732621090016
1300579,62.9333065837159
1300589,72.79263849344551
1300602,293.7490406399088
1300625,780.2328563378484
1300636,25.665852852145992
1300651,520.2957573521951
1300660,12.055215787415845
1300661,38.65694098042066
1300682,396.15840749908386
1300685,89.63833886413721
1300692,168.63701770721585
1300715,444.59248130263876
1300731,131.25721524966482
1300733,338.9167702535873
1300752,249.42966509117724
1300798,315.81136978819274
1300805,109.39822236003285
1300817,95.18269096805246
1300828,1057.2805856931132
1300844,91.49353849217373
1300869,1304.914186308542
1300870,104.76060969388121
1300878,76.42894131229507
1300896,410.7297480923203
1300912,287.8894600823245
1300917,17.714122199605114
1300935,10.553976621985564
1300957,75.77645526157997
1300983,165.49064958042086
1301112,65.7130072998964
1301120,370.25418542836945
1301125,44.19113178373439
1301176,117.6537025111866
1301184,21.984927176735827
1301192,47.292336103639904
1301207,66.12728567071025
1301239,239.29294737156542
1301241,140.4728740505926
1301242,321.2262131124292
1301245,38.759508037220584
1301264,183.45074927321608
1301300,30.368814543600518
1301304,576.7785771329459
1301315,586.3642869637843
1301321,531.3544156272519
1301362,116.99697314479887
1301363,11.593129229737324
1301366,425.3248464020453
1301386,1054.7928453868637
1301393,81.22593191197878
1301394,461.8078228551845
1301397,8.289115808670509
1301416,158.50390872680492
1301442,116.09138032918887
1301451,53.80735944471397
1301459,238.85961031467698
1301467,254.17452018212447
1301486,824.5625498755979
1301491,1516.1330816097495
1301497,86.2509009571185
1301525,203.17195917041332
1301531,1594.4338964796377
1301567,454.5231921772271
1301576,135.82593865664447
1301578,220.23885577461942
1301591,45.45450387076895
1301604,36.08768241802208
1301610,1126.4738110060293
1301621,7.218859649036792
1301623,133.3653977006694
1301631,27.709098878365918
1301647,22.454008409650022
1301661,230.4992088620415
1301668,400.46592116542206
1301677,23.908223148919102
1301690,35.39995150994565
1301699,47.63017344277487
1301717,86.38064680036878
1301735,862.4671537435204
1301753,256.9107943518856
1301771,189.9189442336243
1301833,277.6078386770277
1301842,838.4980152464365
1301859,1268.2385747109515
1301867,209.90070459842792
1301880,59.67369962734696
1301887,240.31175937688926
1301912,37.580150572857235
1301940,957.5931367184804
1301951,491.3844658743154
1301966,216.07877341974333
1301983,183.2795280869745
1301996,5.849729190512274
1302001,237.57524380332276
1302003,401.9630609694122
1302018,64.80900976105622
1302037,21.550378093749515
1302076,118.9639249211521
1302103,70.22885521925808
1302153,357.5541767808076
1302218,162.46933272959154
1302221,38.37936806939389
1302226,118.96430351174706
1302236,13.028868988275708
1302251,439.1777988204213
1302259,42.32009924318383
1302275,448.8378457630095
1302279,13.316939400665708
1302283,177.27369097166402
1302292,464.71672358505816
1302314,49.41064457238595
1302322,45.09045698574592
1302328,36.61791169788398
1302339,125.36335406199409
1302350,27.56215857909235
1302369,58.6881094665529
1302373,1.0227998004148924
1302378,90.68168444615546
1302404,36.49578041349162
1302415,43.835591780275855
1302448,111.42545866020077
1302476,200.495322370051
1302501,35.79634593141928
1302516,381.01133192254946
1302524,31.094335510454606
1302530,232.23986793529676
1302552,141.7565534427885
1302570,309.0807087438836
1302643,468.60921742413694
1302647,86.68991051909607
1302648,450.4502764525668
1302656,46.244075080165366
1302668,195.16362366099486
1302670,31.136235941952766
1302677,14.313866030169851
1302694,216.50239943482043
1302699,158.93825885713892
1302703,134.27500123221145
1302705,42.04974909091647
1302724,65.30743431993344
1302775,18.720842465812133
1302794,41.208220876816384
1302798,371.5365998177632
1302806,786.0289007884684
1302808,637.6587470172985
1302813,98.34596670555993
1302832,222.39207598064465
1302845,132.9990625176893
1302852,147.23931091132067
1302853,1905.2383323343572
1302873,118.78205626737376
1302878,342.5443738567307
1302893,121.9561847026884
1302905,57.67518081565855
1302929,124.19954112290213
1302946,28.176734212446238
1302966,35.73863929524225
1302997,28.142798304932825
1302999,202.2783246255066
1303003,333.48976494819163
1303018,124.35124527016058
1303020,91.32920587380698
1303043,74.04256102608939
1303057,626.2064942725439
1303062,43.20436765582388
1303070,138.4151224421192
1303074,0.589382641947909
1303077,10.814394464281632
1303079,9.85667635615544
1303118,74.26662578363171
1303129,91.81074625170912
1303136,227.80768821679857
1303163,135.06101463106586
1303182,131.72559188488313
1303233,546.5686532884549
1303248,85.18284266647547
1303294,80.44961318580313
1303301,126.03206362784158
1303316,19.958707386935615
1303327,47.13461660133426
1303377,150.70792917077588
1303406,25.403722212989877
1303408,90.18251362010642
1303417,30.219357861156386
1303445,11.498640784914885
1303454,311.3854014378849
1303459,14.493344560904196
1303470,22.045464082026697
1303490,713.7033333526143
1303501,34.814415340755524
1303502,252.68761493963663
1303527,0.0
1303529,46.28027994096413
1303542,217.46406170117672
1303545,129.72537829933236
1303550,50.59019572371151
1303565,18.341794314274555
1303570,13.289184601391666
1303575,37.722950691759614
1303607,91.3560239309941
1303610,406.50032545014193
1303623,33.531812586193105
1303625,140.53134960440804
1303629,321.16714467686177
1303680,2198.4337189868065
1303695,86.28670559039435
1303698,81.59115120989397
1303699,12.809852832715578
1303705,159.667786066183
1303708,64.13643779235686
1303746,37.369575376019256
1303762,695.9076030995102
1303765,606.9909203516622
1303810,809.2224128844564
1303811,34.40386645136198
1303822,46.22487829512188
1303872,249.02208359647125
1303888,63.807159136492345
1303892,477.7477179510598
1303897,11.059194246458945
1303906,17.33092857622363
1303923,320.19675442732444
1303970,39.14688501775589
1303994,27.77962692047077
1304019,28.556728455135502
1304053,833.1389577469342
1304104,103.16155084258217
1304119,276.8727415339707
1304127,172.91153111252905
1304131,151.85998844901897
1304133,339.14391211360305
1304142,21.149359783124577
1304158,601.2307816014526
1304163,64.63377399087521
1304171,136.91597092016985
1304194,110.30533891082499
1304218,300.773080193425
1304243,32.19681994037533
1304263,251.07581631091367
1304303,544.5196963360911
1304337,89.03506746740342
1304381,166.99463402688414
1304389,54.244784049214125
1304391,361.76110658288144
1304407,50.46757033971523
1304421,503.77358137532553
1304436,61.382252817986206
1304450,185.72421560996642
1304452,152.6943186150349
1304453,535.4702026237429
1304455,150.89751814034864
1304461,116.31231978520536
1304477,697.7771304476079
1304495,17.954936688781594
1304503,187.4631075701748
1304517,487.91923036431194
1304520,107.5225881968765
1304546,72.47802503644621
1304553,744.6359779241014
1304601,301.64389252897894
1304622,113.83942659654568
1304626,40.00495352970575
1304635,104.02535680919699
1304645,258.65260237358325
1304674,294.9991767858507
1304675,24.421309800719047
1304737,233.628536366406
1304742,57.67687670819406
1304771,29.308469155506543
1304798,23.80148424546528
1304812,27.33420689102753
1304828,1015.0677383767915
1304851,349.4796473983313
1304852,105.81721238765365
1304878,39.38869135576262
1304893,205.98072253485947
1304904,27.205078887237025
1304912,645.4601200277727
1304918,218.45748642148465
1304927,27.624217499362487
1304937,154.1573051791403
1304941,159.77679664741495
1304946,117.48144831727407
1304951,201.52439662246826
1304965,1565.0390969696832
1304997,135.62782307540533
1304998,119.04834334704523
1305028,13.29895169399901
1305031,128.24236284499602
1305039,208.53646028295591
1305049,224.41601767402724
1305051,71.42247521489327
1305060,23.20621823994541
1305073,60.00719039209845
1305088,28.879520782765578
1305096,89.51969624196735
1305104,46.41113000888175
1305115,81.42957242466476
1305125,19.067393672003984
1305132,334.96670659514336
1305141,47.7711951093264
1305157,343.19047477913614
1305159,75.40975511411644
1305167,29.832320367709844
1305176,98.56453666511761
1305186,637.3182393574068
1305187,15.65390979199267
1305192,361.0634951794968
1305194,109.75229471844786
1305198,13.900331466469469
1305204,587.3401057982883
1305212,21.773132834024658
1305234,189.11496974987114
1305254,31.559049878419167
1305260,151.49245143448576
1305267,273.3945603633067
1305270,493.79548759535385
1305277,139.3467013273028
1305327,198.17302850396726
1305350,67.40424737316111
1305385,50.609798162734876
1305395,118.71275717097369
1305397,79.13124062020837
1305399,32.408327874226714
1305429,106.15877518907375
1305434,506.2527760549327
1305444,253.7253459105662
1305470,301.17798674951695
1305515,94.61052592230313
1305518,2483.5193776353217
1305530,208.7020942743775
1305598,8.446459052695623
1305667,76.09282171115382
1305683,221.6499499350901
1305696,36.878124117400226
1305701,42.2679179089761
1305748,253.49838572429712
1305756,133.37686081992996
1305760,47.8608553978483
1305781,188.1480333995034
1305800,94.09831134786596
1305831,282.41265222448186
1305847,1.788680331339156
1305864,131.8164338120371
1305871,96.20761480187173
1305904,75.92005318058283
1305920,34.625208271040705
1305931,928.1279953656841
1305943,43.915593984449224
1305973,346.4241497962227
1305979,351.44578251932796
1305988,280.04102709247036
1305994,32.47703330921976
1306038,52.45120445346474
1306041,166.23023662644044
1306049,297.5459975170216
1306068,267.0527311213836
1306071,298.81207466076984
1306099,37.506200506998134
1306114,20.834279398385423
1306117,35.48022446110573
1306121,86.91337399078293
1306135,324.55860448167135
1306161,221.18580971808072
1306170,44.32137270147283
1306179,34.87723404185692
1306205,12.32479470224918
1306210,13.21499527169378
1306213,41.93126619076402
1306218,170.7761436901709
1306222,909.1428721195497
1306234,180.05409317746825
1306275,243.90838503125826
1306276,102.1500098174895
1306278,102.87302031906243
1306281,102.77134189746087
1306324,514.8087468842501
1306327,5.005616387239776
1306328,3.9075825333990957
1306384,971.1037354981053
1306433,79.42906908889096
1306435,89.40538907552526
1306442,40.07293164407133
1306448,6.63544946748289
1306478,79.00954176760953
1306497,215.7224654374653
1306499,26.788899322461724
1306511,26.015530956622587
1306515,5.689658835529503
1306516,496.9659417820641
1306525,149.9893848627563
1306540,278.5062805128486
1306558,438.60051384884287
1306567,131.89138402218404
1306570,37.8607181917557
1306586,199.0982685458385
1306594,46.0566458106907
1306602,79.11058319422919
1306638,222.53670027133774
1306640,323.8824127270782
1306674,42.66606289404672
1306678,174.96214331153854
1306695,428.2400354230231
1306697,54.047378612723236
1306725,637.7125361455178
1306774,234.1505577870734
1306776,20.508782717426477
1306781,17.35578781654817
1306822,238.74488047986827
1306844,56.90159702906349
1306863,400.7535043418958
1306885,337.08504093585486
1306889,81.45119253133468
1306893,259.5602557145098
1306896,41.909821327761094
1306922,403.8083835940424
1306935,1913.227795835931
1306940,117.73390124862419
1306954,1792.1745677876304
1306963,518.9939219839694
1307045,428.1475509470604
1307058,89.88649117840284
1307097,109.81276543374892
1307102,19.29707050517854
1307127,415.5622162601824
1307199,429.1146819204661
1307215,32.10664910089516
1307226,572.1794440058984
1307235,26.85579799804426
1307236,23.819362156001475
1307258,108.88074453940881
1307270,110.07480661671723
1307281,127.03374523141643
1307291,169.29835229851267
1307302,46.48296976635658
1307324,218.17181008394869
1307333,513.1373042124903
1307337,326.15148198484957
1307339,78.64390917973644
1307344,24.183118230276847
1307351,415.92099432634626
1307388,401.1561664529982
1307389,235.21519200811272
1307443,72.89966024355734
1307453,22.45128416832365
1307454,41.57775716086724
1307498,138.00830089838124
1307499,19.219490177415143
1307543,9.018512300956314
1307572,13.557355130195461
1307575,144.49741815762758
1307584,215.74990935324024
1307589,41.415578160435416
1307591,88.18506586674846
1307597,14.10305937534551
1307614,14.308154009837464
1307634,274.3912729442459
1307650,265.0203744041895
1307651,384.77892458627804
1307655,72.96900855367781
1307656,421.98164469947244
1307672,1615.1303055196456
1307675,148.31160677803436
1307693,91.43590719042483
1307721,1814.829160740728
1307732,204.2509747166663
1307736,67.0683253342135
1307772,95.7368689784677
1307778,586.8752171202178
1307783,178.08496578343266
1307805,27.034086965799037
1307819,17.418232920775832
1307828,0.0
1307832,64.23717378914361
1307899,46.48413041212227
1307947,33.56250567898561
1307954,1789.1959053445512
1307971,17.406372692339566
1307976,458.85349438808225
1307990,50.062154365583915
1307999,34.76934571236498
1308005,1679.2927770288977
1308012,97.19245945201189
1308022,35.458503723770306
1308024,51.560087132483254
1308035,121.17368891304204
1308041,1336.1992459000899
1308065,40.32067253194871
1308071,210.1086319481766
1308074,152.4740598043241
1308085,990.5899701398257
1308101,298.4906741368914
1308103,325.92829439228007
1308113,629.0595006540603
1308118,214.80643314206887
1308127,64.39685187026313
1308134,18.575910724961307
1308175,41.81347797447707
1308196,245.49948786098557
1308211,13.590750782528126
1308216,13.228490905169112
1308249,231.91273734115487
1308254,76.676257000042
1308262,3.7989780480199977
1308270,87.0658233205948
1308289,121.78894522216237
1308291,14.20264141624265
1308325,118.621719657427
1308326,1175.9566255081459
1308336,139.60145665427308
1308355,162.1579779220265
1308362,147.30833772923327
1308367,18.969870663069234
1308369,15.607284930549742
1308370,24.29498920454205
1308392,47.29825363663259
1308393,130.94923945872955
1308439,11.761142937677548
1308459,73.48608013027274
1308475,117.19945510492647
1308479,173.447792738741
1308493,37.64145711056809
1308505,135.18224213520134
1308546,62.531795728699834
1308549,19.57163039693172
1308574,245.71982947715824
1308591,20.966771796883286
1308629,191.16974405485985
1308655,126.68896733842281
1308693,171.54220667018512
1308702,36.076055668207964
1308725,119.53865007507373
1308727,54.3867449214682
1308751,131.75700318381334
1308774,450.04919522442657
1308789,11.665282258349885
1308794,52.26630464111817
1308796,430.31994169096964
1308805,119.65667228765298
1308807,115.36208391395002
1308810,1253.4647268853087
1308836,1393.2510037759614
1308881,143.7511682295109
1308904,726.2028332261195
1308925,167.35795365640746
1308940,64.47976983025187
1308975,108.68523581637315
1308976,352.9642425654308
1308993,314.6775804901771
1309019,207.20322943966332
1309030,132.0513821070648
1309036,26.72694715577618
1309039,270.33296295797317
1309041,544.7207338654716
1309062,298.8098071364375
1309077,35.834306917995214
1309094,10.296083569680864
1309096,90.515021276737
1309103,43.7554091708197
1309125,317.07626182900555
1309128,1133.7940022033074
1309132,496.898348529073
1309137,394.542617383507
1309141,93.77834891706026
1309145,29.114380617679224
1309171,184.46993215833922
1309172,405.18851688158753
1309173,27.871470090919875
1309177,339.4455424081148
1309184,178.0766602209676
1309199,1254.3778034847526
1309244,91.25561599211069
1309272,88.6716632086214
1309274,2.690147702392642
1309278,1007.9732034298016
1309280,872.7415199280351
1309288,262.3201154183652
1309302,175.26553344775886
1309343,38.142662922869214
1309361,227.07589314669866
1309363,95.10600862906543
1309366,60.309269632052306
1309382,285.4589836624392
1309384,183.36542092506687
1309392,343.6381038052359
1309393,70.14602457885468
1309434,9.68996234252491
1309451,266.61729573188666
1309464,114.7685218135888
1309473,105.72288879097387
1309498,194.18627093280688
1309558,85.47844589263661
1309566,46.96718939347229
1309569,37.18419131792817
1309581,284.9528871898228
1309583,51.72658624557467
1309594,154.25106179332064
1309602,147.03944853605213
1309641,196.94183021547386
1309690,56.867797935023006
1309704,115.42606719412704
1309705,79.62886906578012
1309747,533.1433626915643
1309748,233.7830122414113
1309756,112.61540439841104
1309758,82.87680269580682
1309768,162.3088835821499
1309782,31.12544431021806
1309793,37.78254641861389
1309800,61.290590794969155
1309812,14.41266417293521
1309826,316.471170924035
1309837,53.868842976919495
1309897,61.95274928294679
1309908,107.86302573283439
1309910,73.06584373308101
1309919,42.647391484707526
1309929,131.4393303660894
1309943,45.99453929133486
1309951,193.75919373822094
1309956,3.6110387294400272
1309964,276.087139139577
1309985,232.05900226113116
1309989,102.1274351412784
1309992,358.4786326876392
1310002,42.693321239209446
1310014,109.0719890304603
1310017,102.86220319691533
1310037,261.86261327029996
1310040,2.2469820512850904
1310051,24.556549832846216
1310109,98.40703029348424
1310135,115.16417272371635
1310137,823.3683867840668
1310175,14.969949454968482
1310176,41.25784554817587
1310185,24.618190311663206
1310192,35.88273930895873
1310205,33.488088909111376
1310215,22.522771506237003
1310234,464.3639443128365
1310240,181.95474334836686
1310252,105.21937768905647
1310282,627.1752290553839
1310318,54.30456075114108
1310322,58.500200167996034
1310332,7.170043307843827
1310361,390.7571867677601
1310388,22.322482143500665
1310403,113.1768664008564
1310422,84.45417794601346
1310434,342.4465928115652
1310472,87.2221232497312
1310544,254.69206950780253
1310563,264.9127920355201
1310566,963.1057936466549
1310572,120.7029958697372
1310574,262.4759053818462
1310599,180.72638246393916
1310608,36.75799511214774
1310613,190.4630486959407
1310614,25.12112098908847
1310618,92.62442344022692
1310622,83.59976710462786
1310626,319.0646965647875
1310639,26.642980207646463
1310650,41.80728510373667
1310657,2146.209735107083
1310662,115.91325631856348
1310666,66.36532471711728
1310669,21.932965806313987
1310686,100.11486618522166
1310691,139.58391465904467
1310702,30.11840404521581
1310708,56.56758313279031
1310720,1752.1947412091956
1310723,25.8875463707907
1310744,147.38769952477682
1310745,613.4618248149815
1310755,178.09607585897047
1310777,79.16191754532217
1310794,116.77357257816642
1310802,34.9834650983255
1310816,271.6187196799113
1310817,37.63352865931256
1310818,498.87034539569703
1310837,13.994935436071057
1310846,310.910614585358
1310851,1250.1570447318886
1310857,163.03011665567652
1310874,59.78925962811901
1310892,329.8119529406674
1310902,164.89653779737256
1310908,130.4997330321407
1310930,13.526819343768098
1310941,326.54709799346784
1310969,564.4387649969472
1310983,183.66453263841603
1310990,50.75121425268059
1310991,56.814264761909065
1311021,136.38152305214118
1311030,44.851863225928476
1311052,110.5088151413087
1311096,494.2234599664815
1311102,320.47457828622623
1311108,186.4232780289736
1311137,84.32850042802181
1311140,72.14473867587584
1311154,206.3409788353142
1311164,101.39351856701873
1311195,91.53891124444958
1311200,0.25950686627263114
1311206,190.11466169503296
1311217,128.50071911467973
1311218,42.551359772678865
1311230,21.19684760460429
1311264,201.46057512138637
1311286,136.96924593259402
1311318,69.79359349317866
1311326,291.1080173356763
1311330,262.7758302800307
1311369,394.0484893631801
1311380,25.47360467046947
1311383,400.98890278553614
1311386,23.602755077914995
1311397,146.07901571946283
1311405,318.5274480494959
1311410,49.03374905143836
1311411,532.5093591165241
1311428,46.096003672810724
1311445,26.356311395793714
1311455,88.68348563910527
1311456,384.9266178969547
1311461,25.21482938054145
1311516,12.403434952839651
1311551,195.0778592690937
1311554,343.9635485624452
1311575,196.33814230138097
1311604,195.2520999017155
1311616,428.4766897333115
1311629,138.15525478201525
1311631,19.521260715601386
1311633,32.78146985478051
1311634,80.29071967743313
1311644,66.8432516857079
1311646,26.34373886966388
1311666,223.37336490667388
1311681,163.77500123461715
1311688,21.03949216967214
1311694,478.93061448013924
1311762,170.66626337146846
1311764,52.95660857938855
1311779,80.87255969883611
1311799,466.553148406645
1311807,25.65253296606846
1311852,26.575548728383815
1311855,254.26691715020758
1311865,604.9529694352016
1311882,54.795016272228644
1311885,457.8666097558851
1311889,153.36512807925484
1311896,35.52861777358021
1311902,361.87292331234573
1311911,750.286663536718
1311945,34.3739483402632
1311954,149.09283188077703
1311976,39.6960575008962
1312025,61.571789749716636
1312036,1261.9161191960975
1312063,92.26452165962418
1312066,106.50060313047851
1312113,44.142292596879486
1312122,191.78569207694633
1312126,37.65551314495207
1312130,205.55404498224186
1312133,135.50930127548
1312142,209.71752361411527
1312163,68.69963598850632
1312179,334.8074550542242
1312208,75.73915314986299
1312218,523.8705524973939
1312237,284.8805868602164
1312239,346.7719009696503
1312242,314.9911961178875
1312260,824.4077908686149
1312262,114.22883702578672
1312264,35.93567912476259
1312287,280.608098310408
1312294,20.879586565091714
1312310,373.95744455974625
1312320,179.56507474357753
1312333,113.69178030430204
1312352,29.695222276738253
1312357,97.32752949574113
1312378,135.59886138570545
1312387,29.72169853092854
1312390,468.80384645436453
1312395,57.134954793590374
1312426,152.13211289137482
1312433,57.66723521106142
1312450,201.87108583133957
1312452,42.529110874693124
1312485,167.09914411494418
1312498,50.5893149891034
1312521,61.84904812994917
1312562,132.609092703716
1312573,182.95608738615974
1312582,188.17195692882828
1312594,453.3889795299193
1312626,17.926778220449787
1312629,70.81251028926212
1312641,303.1627810312675
1312652,394.88334982944787
1312658,39.322141413873645
1312682,522.1778141100658
1312685,268.325509649428
1312686,49.33247560843649
1312690,53.1212429231324
1312698,316.39768528824726
1312708,7.225581747881592
1312713,626.3548189663975
1312726,0.0
1312752,3.4279761434172142
1312759,21.91705121992951
1312818,203.0892161255317
1312840,3.3342062936771173
1312853,5.084921224959636
1312899,205.83024731044836
1312916,41.76383799066848
1312920,175.54071195366626
1312925,794.2113560077883
1312936,433.17366394830805
1312949,1692.515928544654
1312958,5.1880828913129555
1312971,643.4162993146688
1312972,234.06278417941243
1312991,32.74755494247206
1313003,125.83577187253063
1313008,17.406835197921144
1313011,254.9414308133684
1313017,82.75949654891153
1313035,189.24286166642398
1313063,79.90947056389142
1313064,412.95858398320354
1313065,43.415378440291136
1313071,799.5461058929378
1313079,56.787874802096105
1313089,434.1984880973905
1313113,592.4864086233565
1313139,423.1907792127928
1313140,17.36096802069527
1313142,285.33002837035065
1313151,27.438151319192915
1313158,89.92976944134877
1313166,190.44333306581697
1313185,4.4882282059222325
1313206,499.81522209568857
1313222,711.8416674478093
1313223,138.66290576903387
1313290,227.6396612845972
1313303,30.774604734605614
1313304,101.26832062576496
1313316,1234.2242902790395
1313319,132.6600547217011
1313326,240.2759702588783
1313337,63.05400475667563
1313348,33.603587928797914
1313355,115.98033433168857
1313356,130.91730665273397
1313365,36.71153751107989
1313401,181.53855182716782
1313402,398.1899041270775
1313410,17.61781752822392
1313421,813.8583535737228
1313449,41.90069356077467
1313483,52.16982332115441
1313487,29.81082257631693
1313498,152.41888978195215
1313499,252.70489762967912
1313505,270.51728230784107
1313512,58.74040042235797
1313529,71.66741878663365
1313545,276.92721680980816
1313557,48.036615618357565
1313588,143.33994078813237
1313597,114.70933108525698
1313628,169.79164973968096
1313652,28.399642069139873
1313669,111.33071817770427
1313682,696.3499297314925
1313695,11.778281138611584
1313703,61.95483011887411
1313750,480.2141831414439
1313752,81.62730763519374
1313776,569.5044176891338
1313810,110.88649108573486
1313829,43.97945225517802
1313839,93.41627705316192
1313849,136.6343360564202
1313863,14.843176562342112
1313891,183.9074160045512
1313893,79.52272679590624
1313903,79.38010410189572
1313904,149.17582985092625
1313914,262.3586843129274
1313922,91.57945754700793
1313925,133.87364624896284
1313926,12.002664108546089
1313934,116.51347971277168
1313954,13.031332991068753
1313959,43.27773638988112
1313978,182.0343928032094
1313982,371.0306658563759
1313984,46.37268050057546
1314012,282.6284407992295
1314022,57.70418216913264
1314053,71.66278036171715
1314140,354.6460414868788
1314145,39.8927099761997
1314150,431.30531253110007
1314155,123.13583766158007
1314173,168.11329880827117
1314185,14.840011885532
1314199,78.30008294497367
1314218,99.88257641611203
1314238,27.914985257050297
1314294,26.838496978120606
1314299,104.67345289693361
1314329,124.68646914997385
1314335,131.60390084931666
1314337,45.87576883551315
1314338,742.9557573061649
1314342,342.7580874234468
1314357,66.12905303604758
1314371,131.56074691136493
1314386,84.12458656230129
1314410,299.7827601935726
1314422,206.16182262735043
1314432,338.5661833896601
1314434,31.065972747510465
1314452,103.58341046962393
1314459,13.66197534638962
1314481,131.75874210228787
1314498,352.57048784469544
1314508,42.16518466056511
1314516,266.51777497285843
1314522,29.945369448855303
1314539,285.4430349960287
1314559,61.152720577165205
1314566,20.874788798656763
1314578,282.52548679916725
1314601,254.11593050357104
1314608,193.06684033924947
1314619,204.30036149549582
1314621,83.53763018531777
1314631,35.95181346055993
1314655,217.1431609210109
1314671,171.9119388962682
1314686,17.83959868201615
1314692,139.04920262548015
1314712,722.8460360341406
1314739,453.964718947343
1314748,0.0
1314753,62.6862808186477
1314764,95.07008280896984
1314783,38.47492677601544
1314804,41.69103100214249
1314812,1101.8882868692037
1314817,1718.0711834911538
1314839,460.86987615835034
1314843,80.38096478710007
1314848,170.77640561427947
1314952,72.05504193442017
1314953,166.62397142175638
1314971,336.8972361331482
1314973,242.17149679296563
1314990,396.1023202816201
1314991,120.47412556777373
1315006,354.2517430145636
1315013,21.492108118049657
1315041,113.06963370131852
1315046,45.44828415883001
1315048,158.8364117036039
1315060,349.5512687971546
1315063,72.93613932871824
1315101,180.01798993330732
1315112,64.57664079329872
1315121,85.30218476517172
1315155,118.68603199471156
1315178,86.07929618500181
1315204,688.7328543520376
1315211,1297.2663376007724
1315234,390.49114185489935
1315244,270.3678861444116
1315250,86.36953069604115
1315254,62.29874744073249
1315271,190.0365357766752
1315279,161.06172928898934
1315294,655.3211231490702
1315303,61.708978597627635
1315305,65.62615763677766
1315318,392.6302875827348
1315349,411.8666747377355
1315359,28.42393732847568
1315380,1139.6948968562276
1315398,32.72071569857671
1315404,152.887652974045
1315410,179.26514645721647
1315421,150.28696277514908
1315422,389.9413179425716
1315441,24.022936495932523
1315446,529.837001083784
1315474,70.47526673643492
1315483,137.2661674618275
1315511,47.6767036840676
1315521,7.760039912471796
1315527,868.5995354305653
1315539,87.16057470054157
1315562,47.789661354954866
1315565,110.39175562579295
1315567,834.9710203850168
1315614,219.3790391513631
1315618,52.54551577530684
1315629,51.77492509912073
1315638,80.41432119150458
1315655,75.87038709819403
1315664,54.12862979186668
1315683,110.1266748191133
1315684,145.93496436686448
1315724,25.426622014114418
1315725,876.7370840329925
1315737,1947.2331686070104
1315750,150.59067105654987
1315755,345.050657899717
1315760,82.27754450744008
1315764,414.6030533885781
1315773,300.22008396392255
1315779,27.29286722445962
1315803,36.85210194287315
1315808,12.028212494263569
1315854,158.04441100584205
1315874,22.583355820226103
1315882,222.9512861942679
1315888,99.69059181691279
1315890,340.6657005159136
1315899,246.66018530946317
1315916,202.50227977263035
1315927,2265.458681427703
1315946,30.956963392814004
1315953,30.467045673917376
1316005,719.3236771465333
1316018,1187.99601939051
1316041,42.90162365816204
1316042,89.07428105216273
1316044,76.5636495349924
1316048,66.5859281219777
1316073,94.2505623328056
1316077,147.8801118883468
1316119,188.58870953699932
1316160,697.5653177306491
1316171,107.25003958136358
1316177,292.3025870792669
1316195,112.8552769309961
1316201,187.8223075527496
1316202,514.4234648004411
1316220,160.68019987110364
1316293,522.6810192879832
1316313,446.9994940955712
1316314,441.8123609821306
1316352,261.0045086083934
1316356,40.579473046179295
1316364,43.05343609607068
1316392,47.02309451833682
1316397,190.13928984614685
1316400,195.97970062913234
1316408,77.19166295992035
1316409,269.3209949591864
1316420,28.057692555240177
1316448,414.7252702771032
1316488,352.20942556825815
1316507,58.670943028640096
1316510,453.49689419021223
1316514,182.02895693708257
1316515,290.0655776370286
1316517,624.9366811965662
1316568,67.04604266677126
1316569,156.56320446683375
1316583,605.6253822208964
1316588,200.04373801046978
1316599,16.16706092587841
1316600,994.599254522343
1316602,47.2249655486109
1316610,316.2223462334348
1316677,3.0539002949427663
1316684,100.80889932534082
1316692,23.13195581114246
1316698,15.245242579894464
1316737,80.84838013381868
1316740,38.79492865877642
1316742,185.4420538627782
1316766,345.9799766167687
1316768,108.88703826163936
1316773,219.78032788024248
1316805,184.857000625671
1316821,962.6265272851264
1316849,66.19230845852309
1316856,146.24938479669692
1316865,180.2696538100037
1316879,26.527972130292007
1316934,15.61322114925724
1316942,39.21146189856601
1316991,380.6330080174968
1316995,405.7130948853352
1317056,116.85419667522234
1317061,401.60487886888205
1317079,104.1243717416466
1317080,21.23818388869196
1317093,480.59233015693525
1317099,118.41079312965184
1317106,22.833363856221617
1317126,9.716179730528554
1317154,21.325749469684723
1317160,119.91494999875164
1317164,188.9419423607926
1317166,741.9357168121833
1317168,1562.048307489596
1317197,52.91683120020524
1317198,203.42751385102824
1317214,166.10476287259934
1317246,150.1434224851348
1317257,16.014612204641022
1317270,362.5334289843103
1317286,157.00172125618124
1317327,46.06165792884234
1317334,364.50195112630513
1317341,285.13207013509486
1317350,82.46267497583125
1317384,71.19593105079569
1317396,448.63508360911624
1317399,43.18896492715465
1317402,14.203930564842093
1317412,247.5292682374451
1317428,301.5279367352623
1317437,21.651135514448868
1317440,142.78651803744538
1317447,568.133534463296
1317465,763.33183737588
1317467,35.19786904827774
1317475,43.46763100578978
1317479,14.351950256103825
1317487,270.50470919633835
1317530,638.5340046519724
1317606,157.78568639109713
1317620,130.27444843816545
1317677,974.8331306142042
1317691,44.12051148753628
1317712,25.718623516446787
1317716,140.49702089232758
1317736,243.0361467207719
1317740,647.3230705811338
1317753,60.43813788040446
1317775,67.2283289708525
1317781,84.95673377283664
1317787,1035.3777410257078
1317791,37.69237744635418
1317797,163.21167796617107
1317808,134.00940333423787
1317813,22.514279849950547
1317829,894.9798562215916
1317898,31.202886706740383
1317910,16.059660694506245
1317946,61.42650184773
1317953,83.59693524861785
1317965,118.77742114286461
1317967,160.62138236227713
1317971,27.192831947402947
1317986,23.606514574968333
1318005,104.17733628845419
1318026,25.658190292518267
1318034,112.72159908643914
1318041,160.63880742832367
1318074,57.003784385630716
1318084,385.2639601519163
1318087,357.4119980342118
1318103,269.96973027014684
1318108,30.642358845736762
1318121,16.090383705050403
1318144,70.0492841570864
1318169,5.879767108026696
1318179,180.29833273151348
1318183,20.118157195091122
1318187,106.03842000051725
1318189,7.793669097876785
1318193,16.549860043530312
1318211,304.44752743778605
1318214,51.149535431982336
1318219,68.09529136432046
1318234,41.258758452700306
1318240,11.70858860563998
1318247,598.0009796284887
1318251,112.91679924846999
1318282,510.1754912841189
1318291,176.67819816929202
1318303,326.1578648035486
1318327,1.0637091974009978
1318333,28.388594133750026
1318349,585.1232041551729
1318359,470.10319263624876
1318369,14.797575404362355
1318381,142.1508259164674
1318385,170.83928083200385
1318399,51.08986110559904
1318405,132.66099190802026
1318421,35.940917296124674
1318453,135.45129026551803
1318474,337.86438844961026
1318530,39.76402707909571
1318582,1167.233000314472
1318590,59.35727125207466
1318602,596.3469607055465
1318608,500.47718952379097
1318609,23.679444426290726
1318614,126.2736369298987
1318618,0.0
1318629,53.15879371507977
1318631,259.05652612799986
1318647,142.13329219546898
1318665,51.43921468619858
1318675,14.010693822795817
1318678,31.664094710196157
1318684,98.49584479503774
1318694,330.24180432491914
1318695,193.834415601042
1318708,1800.0704459100602
1318738,351.7955295953314
1318748,111.19553084660666
1318753,170.0888867598384
1318775,92.26656208691581
1318780,24.174428751083976
1318787,37.60568449393132
1318802,47.596205720671904
1318810,40.3726664560066
1318816,378.09663036768376
1318823,50.68058393532525
1318829,526.0110619132844
1318873,2243.675395429553
1318877,51.56097271631431
1318880,20.43841052389694
1318923,22.591964325272706
1318929,136.91453264202056
1318938,182.6898120575382
1318939,126.80308686495772
1318948,65.60839978915966
1318960,293.96743027256827
1318970,233.050628172717
1318975,23.211935646816883
1318982,27.524837204432114
1318987,903.1035490286378
1318993,97.56795670051517
1318994,130.0600563360005
1319044,1101.596597067245
1319045,217.1043738856771
1319050,603.5862879267144
1319063,389.5607573989004
1319069,244.66212699218272
1319084,579.8472195718246
1319088,623.6437968260492
1319105,49.917493692781754
1319113,8.213891746608066
1319121,77.8625452009073
1319124,105.63283777414708
1319128,401.8852479891657
1319139,78.01230954953002
1319141,488.39169174504866
1319159,1097.5787760792716
1319162,832.7158810202144
1319182,65.31860663099006
1319200,32.44336086086954
1319225,33.05645768810859
1319241,287.9972972165853
1319244,99.02908157064955
1319256,116.4807811968542
1319258,135.58712370811764
1319273,2490.137403518178
1319291,123.58631475053052
1319295,190.09487141563844
1319320,40.52844756773506
1319327,39.2564670993639
1319373,17.32382269041588
1319382,386.0565441010183
1319448,306.74669108590973
1319449,124.25648237400354
1319455,110.88842761440607
1319476,651.3260760939194
1319480,95.88972853458665
1319481,86.3169611753997
1319491,78.35049100216342
1319511,205.79328012214944
1319514,54.05726727128487
1319547,242.9889350557341
1319582,189.17364083302763
1319585,55.51222624348109
1319595,157.21911123728637
1319597,12.884937963243658
1319608,12.998442303262333
1319625,47.84182312364083
1319632,47.36983598523144
1319634,20.173757466723472
1319647,81.32823333819479
1319687,241.36410128496516
1319688,60.622775105688724
1319696,39.539197949071855
1319711,209.7139890487672
1319718,470.72359035054507
1319741,186.63985394229198
1319750,176.96500424711633
1319758,45.98885003234983
1319787,42.42484487899911
1319788,54.90713615515476
1319798,12.916411085786084
1319818,51.56549335267047
1319822,47.70552152047879
1319830,170.7054690527651
1319853,78.28999922291538
1319873,14.826316227195477
1319892,46.648193021191034
1319940,62.19582953093392
1319965,197.23204795990443
1319966,7.884330129041347
1319974,217.43727856140967
1319982,210.749924509033
1319985,207.26106820091658
1319989,176.96853659277969
1319999,68.6335043607647
1320006,24.47837612385843
1320020,242.6717651974287
1320039,8.635058778489606
1320053,37.83487305931381
1320063,43.99202474541369
1320069,65.02441113636635
1320070,77.45369877579891
1320094,99.48711376365586
1320108,200.36854248739772
1320112,12.852311138867986
1320120,39.21792979153181
1320138,32.06751967274053
1320171,73.0464176706126
1320186,54.13835060586726
1320236,11.151277793009088
1320248,360.58296417820355
1320270,2.633863518635016e-22
1320276,133.4488538063702
1320280,492.5823998559559
1320284,410.5870336121154
1320313,57.97304661252949
1320321,142.5988429632973
1320329,40.37385750129447
1320336,25.168185579500154
1320342,178.82992961279834
1320351,644.4497063400169
1320374,79.14025409251975
1320376,124.21996325703816
1320396,272.73697666244334
1320421,47.9669062222498
1320422,13.027357341482016
1320423,237.1820229769922
1320427,129.62552826428708
1320497,811.0928499344573
1320507,113.02046783023411
1320512,285.2038080914734
1320534,498.4157218515058
1320535,190.51410146653564
1320541,535.0001138882603
1320587,116.02979143924739
1320612,48.97359328903705
1320629,393.1157839867388
1320649,72.39261475626726
1320652,23.20394717214593
1320654,1753.9731562945312
1320661,26.39070509136378
1320666,318.54802378870687
1320678,3.709009094229176
1320682,115.7305988316736
1320692,273.7582230682567
1320694,129.57201811111355
1320697,729.9185056957175
1320703,395.0056519935878
1320721,379.15379120154677
1320738,254.79481896828943
1320763,106.02868059212315
1320784,345.32041136363677
1320801,149.1666241368652
1320803,336.22189714702864
1320813,82.34815548726367
1320819,294.8825881686793
1320833,43.850344756323
1320834,434.2907706988045
1320850,553.914484264759
1320860,451.8149888175638
1320866,80.96718817027991
1320872,46.32962999115008
1320888,173.8202120431918
1320892,134.9951415391372
1320899,504.0447081488499
1320907,418.6740221026601
1320976,26.06116272883341
1320980,42.93076959096592
1320982,28.94392571256589
1320986,25.693870850118195
1320991,158.76196791236438
1321001,315.1616559475984
1321002,122.25671560903827
1321003,128.80233370664521
1321009,13.866785187696312
1321027,578.2662100222619
1321067,81.1320369257792
1321083,212.06859258005045
1321124,112.98695729405972
1321137,12.77276548964876
1321197,435.7980660516792
1321207,106.88781228713003
1321232,408.3064626491222
1321233,51.235502084951015
1321235,181.60388047879874
1321242,22.702157228858105
1321282,3.912178371507113
1321283,135.81089116536145
1321297,285.88908003385416
1321298,474.12089983093085
1321307,78.62264355529383
1321317,54.55474505292514
1321328,167.8720193667365
1321337,202.82999821740947
1321339,204.68904941805354
1321360,7.141724891711005
1321385,521.2051357468861
1321396,486.97958228539494
1321401,72.05130102152089
1321403,70.99542377241063
1321418,27.7083331663009
1321446,96.37925603616009
1321455,285.02498392407836
1321456,239.06147956341223
1321469,17.395806240066943
1321470,174.8394619690913
1321490,85.48863982517041
1321495,209.04364828060173
1321503,77.64221764637334
1321519,20.245411272391898
1321524,120.92690713722956
1321540,27.54331695502445
1321554,334.76596321712134
1321568,197.99290315629005
1321571,313.8180680882955
1321591,48.860946160749286
1321628,159.18525686214284
1321672,448.59735096294685
1321675,106.28452077784522
1321694,223.15003863072914
1321701,29.087376080343514
1321713,108.62632657609736
1321731,349.75630901267755
1321757,140.65238313122111
1321774,516.6660765645483
1321775,793.9651642064589
1321783,19.23384525859441
1321815,74.20840917425842
1321821,13.819769597127673
1321832,19.723284647705
1321845,137.06874793562363
1321867,47.79043384297847
1321873,94.92003816613938
1321874,150.956674333201
1321905,153.84950707791515
1321932,35.39551401812537
1321966,183.22083682155525
1321968,28.33853733537723
1321976,26.031029992392703
1321983,195.54399972345627
1322050,86.97697815640807
1322057,125.02829763673418
1322060,290.6405657281952
1322076,504.4478626838974
1322128,13.148902761532094
1322160,270.5094772402546
1322204,70.17767907767536
1322215,102.49474492930861
1322216,68.36123521546041
1322227,39.80304261406255
1322235,15.442538816327053
1322237,20.35131202043982
1322240,231.79388530527032
1322258,20.69931860695364
1322287,168.35602651820537
1322295,142.873679815524
1322331,11.238165244279662
1322332,152.0308255863567
1322369,251.21453363832674
1322377,91.9521140408913
1322423,115.98987410931949
1322431,741.1554620558913
1322481,285.54092343926845
1322487,99.97300874107856
1322492,194.95947577568376
1322499,38.96393682617406
1322503,27.574940192699327
1322521,1661.1423980000886
1322525,139.84955503239797
1322531,1380.3968894365642
1322554,60.701030831106024
1322590,44.99326227315189
1322625,143.2668725613598
1322633,25.58611193771088
1322645,115.54168613271806
1322647,288.9131885223194
1322672,229.15056091378017
1322681,104.31383530131241
1322690,118.05203237750268
1322698,5.493060438097179
1322706,23.960335415750976
1322713,80.64118913995685
1322786,23.09000155895209
1322822,310.1061717547348
1322847,261.68822867962734
1322864,11.021658866121022
1322867,270.1139052208222
1322878,186.25170584327654
1322887,60.79537517610488
1322916,63.96928399168622
1322930,18.81724781097895
1322932,104.3205796348205
1322938,111.99214516783682
1322939,20.940523540877
1322947,50.68305649710914
1322953,1878.5986173388237
1322958,75.72909265390773
1322978,155.37757567021913
1322980,143.90128789252046
1323007,128.55496379701057
1323008,245.1062323931976
1323018,129.03873688593228
1323021,43.493626548076996
1323027,242.60990882794505
1323039,331.468048802184
1323061,159.27012296747614
1323063,142.65330879340482
1323071,12.245285740448534
1323085,495.0459440246212
1323102,161.99312941216374
1323110,223.28397235294918
1323156,61.88574073584404
1323173,20.317116651258953
1323180,106.71860400521608
1323222,11.497646803844288
1323227,74.38412465962843
1323236,337.55225520345573
1323239,434.94748003425093
1323243,130.78669987889964
1323284,298.71765121198024
1323295,986.4090834898979
1323315,201.1802303682943
1323323,35.084789410254494
1323328,28.89750190018942
1323329,32.62598910894392
1323340,45.837042403035895
1323348,51.03993251481712
1323389,90.78876174389838
1323407,15.73422598973393
1323445,35.53000423600298
1323447,56.263040825945204
1323453,24.638476779704867
1323477,203.1171585637807
1323495,142.49790293143568
1323505,187.26374086749232
1323538,7.313980333903813
1323552,17.69329333767228
1323555,37.110845458533625
1323560,2031.9506356902843
1323579,21.25809879305682
1323584,240.32728604885085
1323615,80.72244580887798
1323629,36.74492534680884
1323652,246.6462602389579
1323659,72.38528845785703
1323683,31.314097681893983
1323704,57.03732053665807
1323732,96.76484039201246
1323747,6.301781043214357
1323752,45.31547500461866
1323756,124.79652914219699
1323759,172.500300185689
1323764,67.11419180689806
1323791,67.0776514642613
1323796,71.82935141812978
1323798,12.814733675932898
1323802,255.42579945191684
1323812,479.8308719380977
1323831,287.9103221820517
1323841,195.97507177961563
1323853,81.53922345393927
1323864,78.04793085101807
1323892,139.66289103642342
1323908,85.25039666084906
1323910,376.23267699376225
1323943,121.16502253244359
1323946,48.71797148849545
1323949,180.88433163915408
1323950,22.50647596650789
1323954,33.32344304826669
1323957,159.31346035380605
1323969,937.825985965502
1323979,43.077813804776035
1323989,566.3810338315839
1324032,82.96304285792733
1324076,473.2390304732668
1324089,104.82943066276194
1324093,21.799191609041284
1324100,14.551734161864562
1324129,45.532427995871195
1324150,123.20580524023234
1324159,571.0164366037402
1324163,36.689234111690254
1324180,97.32731370995195
1324205,13.506058140040185
1324215,77.26928120423158
1324217,32.1218454770939
1324219,49.37531751526201
1324241,49.335951241666685
1324265,166.88073072309766
1324267,129.1804199393589
1324280,12.298935854898799
1324289,265.6075090118368
1324304,97.20922509955088
1324338,159.7018821376389
1324344,100.4328080468755
1324346,64.51594338658121
1324350,155.79730872584614
1324376,395.29388445995073
1324469,23.538216645003256
1324485,39.46959077322856
1324501,67.92958466107743
1324560,137.17998429532616
1324576,702.4135535691572
1324577,464.22071806822805
1324588,140.69578649301803
1324608,17.89747957208637
1324612,199.76579471438248
1324623,234.54281214687893
1324628,696.8222825820745
1324630,30.151291820144927
1324643,70.36163083228247
1324663,13.383718139925012
1324684,195.75370819716926
1324687,658.0538824387953
1324708,106.04653839522089
1324777,158.98828723124785
1324815,248.6800927372046
1324824,22.732951271362843
1324840,246.6658668606446
1324878,89.70349774461648
1324958,471.25679219369124
1324963,70.72761548982577
1324969,246.06647822690837
1325001,79.28684463956972
1325002,427.5655172646516
1325027,197.86740017134122
1325050,57.174825869519964
1325056,104.00292895210332
1325057,132.85377773459342
1325065,16.031736439622033
1325073,216.0419443054243
1325084,280.83734303607935
1325113,92.55357945096432
1325121,219.41961571029017
1325129,32.85933088011687
1325139,812.6010338555818
1325149,240.125877986837
1325155,61.92425627517211
1325159,63.90475992978163
1325177,249.725588761282
1325195,319.16861514414
1325197,32.382115685252636
1325209,55.74314658973676
1325211,123.5052253591818
1325274,34.295947518026544
1325280,5.669146520696618
1325298,218.49438970681666
1325299,993.6836110217889
1325306,217.451739091164
1325326,41.66092124378226
1325329,34.50677342187758
1325331,49.260828587800205
1325342,681.351826817578
1325393,19.617659679172817
1325398,121.17421884053184
1325405,14.163185677724316
1325430,303.32120017755693
1325434,43.696668026466014
1325435,20.66271814293814
1325439,1102.2713162635594
1325444,410.22286071798493
1325488,141.88270766422903
1325526,28.604787631449586
1325531,224.65893692887838
1325543,88.35531271276874
1325558,901.2966605607711
1325572,155.04110495614424
1325573,99.27849446840764
1325594,254.35624021504748
1325614,46.155995967267906
1325619,0.007339452656220363
1325627,58.17299596350623
1325639,994.4707388531144
1325663,377.86695675825956
1325664,944.5603618817131
1325683,177.0881679426356
1325692,402.14341701807524
1325701,49.366263246907536
1325706,109.09510067905308
1325721,66.16128147189049
1325722,13.28744317492973
1325754,121.08482026209626
1325788,48.581368951261574
1325792,231.37808504699464
1325802,340.67088555159705
1325803,274.4325648668956
1325819,161.75159264974138
1325872,93.17244174120272
1325888,127.39550313334189
1325899,346.74195751519517
1325912,30.53248455775483
1325920,31.36984805089325
1325950,153.2639830247544
1325982,722.0962845985788
1325998,18.781716402820877
1325999,238.3323567996585
1326014,230.86069024279178
1326015,21.597874043467222
1326021,96.16209141340173
1326030,398.9473678508989
1326038,223.93157492429097
1326039,21.251292706088503
1326066,484.7155005582156
1326067,248.42725323218602
1326093,125.38361926929497
1326094,166.61631382367176
1326115,238.22043016124755
1326138,22.21361470628233
1326150,413.38438480489606
1326168,88.89593071073408
1326194,2.908274812912985
1326219,349.9334895154995
1326234,142.30850687367936
1326260,239.86135459666056
1326313,88.96191406538948
1326323,119.09969600187983
1326348,93.44333325996517
1326395,227.9691925601693
1326400,42.72285888735968
1326414,169.56139278460716
1326422,58.49290605827777
1326431,65.63975792298001
1326454,551.5681956546412
1326502,91.84857649252709
1326527,35.12152043019937
1326548,204.0023317020677
1326550,332.3896775451428
1326556,42.731284628526794
1326605,343.08065077090146
1326611,165.98405659403062
1326657,82.96800642864959
1326661,475.70989922273975
1326687,107.61082928538593
1326706,202.53780039533504
1326753,84.77961747753727
1326759,123.76139709911043
1326777,242.07443475429562
1326790,33.887465642650604
1326814,251.7322456274364
1326829,540.2879203725656
1326830,82.41512090414592
1326921,626.773629561732
1326935,57.26036122265553
1326947,211.73685920550923
1326956,229.76880609542943
1326969,606.31556790605
1326973,361.6089808796976
1327005,52.5082538780324
1327015,392.4479813024106
1327017,103.4335365476359
1327025,911.1079358993358
1327045,1567.5196082931743
1327054,36.814180796256366
1327104,227.0063035410174
1327124,142.39857085507987
1327142,1795.449565025576
1327143,2500.642947634815
1327188,327.0945143843814
1327218,187.00873484968088
1327243,37.805099478548115
1327250,428.52782590048656
1327267,11.052803714800547
1327287,195.18675304683444
1327333,78.64897957158601
1327372,158.68397069259404
1327384,47.21252368314663
1327389,45.76854866873195
1327394,115.71389274806886
1327424,347.26166262759654
1327428,1557.1863591966865
1327449,132.34388612938963
1327452,370.3253741499428
1327461,232.83464957139986
1327465,58.97999692649376
1327489,12.614767812836073
1327497,174.63792518720123
1327498,60.63634412369731
1327596,302.76987502856315
1327609,440.81801781721003
1327619,143.42236434300222
1327670,709.2940415431095
1327688,114.1016525146236
1327692,225.57826149461914
1327710,114.39102980914846
1327740,308.11006693787306
1327758,136.81936242692797
1327818,22.81758697400377
1327823,446.4047263507011
1327840,101.7975710030055
1327846,162.57759889606155
1327864,19.329173207693447
1327869,20.444870930741086
1327909,98.53640076826495
1327917,126.64500178702004
1327930,125.0223722145655
1327940,75.3591818405961
1327944,193.34915491922655
1327954,170.96887591332376
1327982,174.011374616043
1328013,727.3009691360455
1328020,136.34855642683195
1328041,3.2305337420232902
1328056,420.3130046421299
1328104,115.96656088667012
1328139,185.56332816685466
1328158,154.79066214732563
1328174,347.4220505417795
1328196,130.46744920086286
1328210,38.7338677346067
1328212,230.82317883527975
1328240,584.6796233642722
1328253,167.6119008957046
1328270,78.67569301037646
1328288,21.538234858898246
1328290,1597.5674458463373
1328392,80.95309145356379
1328451,44.44214799451651
1328456,151.64052685423135
1328470,1571.025512346404
1328513,833.8943367580487
1328548,189.32959924513582
1328556,37.567149175705495
1328575,49.639151324573646
1328615,83.1988779712074
1328618,4.843117188340146
1328665,116.57244147717033
1328690,57.272362481523515
1328697,502.64267266659937
1328737,131.18192348166025
1328739,280.74935616242334
1328757,320.41387592402106
1328770,1386.6793056105732
1328774,690.8153940690416
1328779,225.9253858895437
1328781,94.07582739329953
1328783,74.3356991271356
1328800,355.70611561551334
1328803,227.6902339132634
1328835,995.2661110843786
1328836,28.436257998367694
1328879,54.311983048160066
1328928,313.328813654377
1328949,242.20688702657182
1328963,0.9891172508332108
1328969,457.1411085465794
1328973,294.4657940439858
1329008,28.365823685155085
1329014,119.26006759249034
1329042,233.0863690455682
1329046,80.4526694535929
1329060,54.8425502325517
1329067,914.465980387874
1329069,83.83846133624445
1329092,61.051685293732604
1329104,50.47637269475667
1329120,191.03228823961936
1329123,30.639984341978575
1329141,49.09441571581759
1329157,290.53500848732824
1329187,540.0513636804817
1329211,59.928202986017155
1329309,13.050512565609242
1329315,81.18003268522989
1329321,201.41414442356609
1329325,124.48520160494738
1329337,277.23986463939434
1329344,52.28554106183858
1329352,52.26814977583823
1329364,143.63790080780112
1329389,204.20184212143417
1329412,317.8429172445789
1329414,214.3673466678836
1329444,17.56413832695788
1329450,405.9593552996374
1329468,4.38538034932201
1329499,128.15756501979874
1329521,634.3090066361224
1329524,268.26720175471786
1329527,121.37818471083254
1329534,97.12877952438593
1329543,69.24519615502518
1329548,71.48075584519682
1329551,873.1227527693898
1329563,277.6750604825656
1329582,113.60525448093367
1329590,151.95882736844504
1329598,22.840875527522666
1329624,171.67837014109892
1329627,182.57550791647725
1329636,27.6535243231433
1329642,12.134495007908857
1329651,99.2906759126529
1329665,28.400217366629757
1329672,266.35637111698065
1329675,706.2445783599184
1329687,157.38043603072904
1329704,638.3948692615983
1329740,112.9407092435219
1329787,36.52521928344865
1329788,1175.6635485462034
1329810,335.72230771955776
1329839,0.009809663437368507
1329857,107.2045572070788
1329858,14.286836866086858
1329859,305.9649813019837
1329876,143.8475692791059
1329960,25.317498975536285
1329979,42.256921638146416
1329993,342.2211645898961
1330035,388.49084093372903
1330041,52.0915562166801
1330108,91.08979244427051
1330119,58.04055228773572
1330159,23.25693326355922
1330192,129.41514133593526
1330209,82.00782711107252
1330214,27.22831448964865
1330234,35.47241407622144
1330248,149.14376741358225
1330271,15.169567590968912
1330281,453.3364371904764
1330306,148.18452499328595
1330314,67.64392899189093
1330348,84.59537888019369
1330372,26.964253639173542
1330379,141.67861135760225
1330381,60.0511452831324
1330395,107.04352005623372
1330397,43.95788318732605
1330414,21.48893366535668
1330416,100.34996522094066
1330418,288.3208088897223
1330452,160.25288560064678
1330464,268.00633934721094
1330467,175.6991923116634
1330482,1480.763317864435
1330506,102.19753066042888
1330516,43.05818077504494
1330549,41.37530674225016
1330572,43.42365804805769
1330573,82.53507160168044
1330575,133.85950506123257
1330625,289.83137094446926
1330691,506.0677016688086
1330739,1.8944027180618557
1330753,189.3806112130547
1330789,313.3792115889063
1330797,178.7408198031562
1330798,119.54299726411985
1330803,138.39424144743677
1330838,7.59558798762853
1330860,31.009483194823794
1330889,767.3756079765396
1330894,15.618590706893094
1330908,23.38253542110798
1330929,43.89599747024025
1330934,304.82975662195975
1330955,79.98170224055684
1330961,230.16170413995525
1330971,90.99685195417307
1330995,24.415684722788985
1331011,401.0951583796128
1331054,409.9186843697398
1331057,442.60499180955054
1331091,179.03000456479063
1331093,213.43843415298446
1331096,173.14853247123577
1331102,124.62333225160268
1331116,72.53881010597969
1331126,375.6765216461194
1331136,117.15513095937251
1331170,524.7125269033535
1331177,85.08629250826554
1331178,170.6172173429834
1331189,307.6052225521011
1331264,44.56638972722436
1331277,113.12303179091253
1331278,28.938975509056945
1331292,68.2756405101819
1331308,69.17818636481569
1331309,30.140838205333498
1331312,15.181823998158809
1331317,56.08004238175837
1331326,39.95224631966135
1331327,24.400805145215315
1331336,152.33953627612095
1331346,29.976499455399253
1331353,78.12499900437763
1331356,444.4022814558814
1331367,431.102709143556
1331381,41.91260240035611
1331389,19.939611210648337
1331391,685.9670579407674
1331407,55.35758490180047
1331408,139.98283481382356
1331426,110.94620467179699
1331429,36.00717252931593
1331432,37.12071178238764
1331445,306.1012490341687
1331468,21.77040082924034
1331472,44.21072864439966
1331479,190.2318062473682
1331565,57.17531268492722
1331567,175.67443936472526
1331579,346.8742878691812
1331594,40.24785617942467
1331601,139.65711931928718
1331608,17.17284011725244
1331624,158.6613525681949
1331634,45.45778385013452
1331635,565.7706516409467
1331642,40.756482018303736
1331644,323.6190256377247
1331663,109.4380053008228
1331672,418.8506266154177
1331710,1347.788207733599
1331730,124.32612483084591
1331772,625.0970719673273
1331816,186.32986050495833
1331830,167.54959861857188
1331832,98.84238607843832
1331846,189.298982047034
1331883,43.935482006785335
1331890,0.8968642838230451
1331898,124.89050441572356
1331921,92.47271765267845
1331929,29.710544751303726
1331934,97.42143448973164
1331936,610.2853128560134
1331957,137.28278576222849
1331958,300.81589506919033
1331960,42.701090737817005
1331967,23.95923910672588
1331977,29.752559824681196
1331984,136.39606458830076
1332048,60.06785107075925
1332072,157.6089095008688
1332082,24.88438372271145
1332108,311.4434509238383
1332114,580.429140395254
1332121,233.10222206795254
1332124,59.68936962389487
1332189,453.37442265808426
1332203,591.162820595937
1332210,97.17917759069233
1332233,32.24632810666489
1332253,35.80547433019306
1332254,1006.4502005770973
1332257,77.86926529445662
1332262,54.52982124783577
1332264,47.06759493971952
1332266,322.4990594122175
1332269,126.30579187232473
1332302,166.7180794988025
1332316,560.4012959338862
1332317,317.7581039366401
1332326,91.66053683505736
1332352,27.585548870695032
1332354,63.409501847594505
1332387,204.735768336508
1332396,20.37774671743293
1332401,168.8120593867246
1332402,92.78110824338927
1332403,36.383240117967354
1332404,63.12760884916717
1332421,261.52490881061937
1332431,239.6558689913628
1332437,600.5845459805845
1332496,33.57557321695343
1332509,102.70382178765973
1332514,145.00850074924492
1332522,214.90875153559165
1332523,202.92442761209344
1332561,40.37752194262303
1332593,251.81376296153982
1332594,35.2895989696783
1332626,25.609951708626017
1332634,386.4936583930731
1332638,27.680677211083534
1332667,2590.248282868349
1332724,556.4359778010148
1332733,18.537328765581886
1332843,1543.9533827115013
1332886,104.06278253795031
1332894,27.95905431756649
1332928,214.5656680980329
1332940,176.63430246672337
1332949,41.1164100345194
1332984,279.3543021288557
1333009,88.93005138752508
1333022,477.92105310442815
1333032,290.8676598734774
1333035,252.32852188839888
1333036,20.217735717028432
1333045,26.045257541595788
1333058,431.12594254972754
1333133,51.72358437935414
1333143,301.47187013167223
1333190,353.94840587862103
1333229,186.33090755396796
1333239,35.44075666681213
1333249,110.08843254342773
1333252,446.9691477817996
1333259,322.30681851761767
1333274,241.48897511700568
1333295,98.729488297
1333316,42.390903625022695
1333321,10.92425298494432
1333324,226.4828511732384
1333325,688.4960260378255
1333331,322.15388583983656
1333333,566.2121446849022
1333339,144.00011725359192
1333349,130.60646685814484
1333350,313.49022662727464
1333390,204.59277252998794
1333400,260.6630436939083
1333423,33.7746626910385
1333426,29.472251499826047
1333430,53.214018383196944
1333433,89.03004764839906
1333438,185.0326667699135
1333504,229.4904682624167
1333510,134.64705252480937
1333514,502.92699340599245
1333540,447.6095953941314
1333542,110.98665742144813
1333552,830.5905925975411
1333592,57.48939196132323
1333616,260.2733949580587
1333660,1640.777295402366
1333671,59.37305714735701
1333678,276.7618867465874
1333703,101.68026186060028
1333706,261.9746361759884
1333707,420.78567255032095
1333723,408.19580487889306
1333733,24.065934348818928
1333737,0.05205930994430516
1333742,51.544685295473236
1333761,9.194026511046303
1333805,308.7149229798652
1333824,188.68857103440152
1333839,210.54886512290682
1333857,30.514584300854374
1333872,283.5308871241618
1333879,68.34875013457857
1333880,352.3099757389694
1333903,0.578688892786107
1333906,69.34944261399221
1333953,50.03950953050686
1333981,21.06452597967918
1333985,867.2763879748472
1333990,17.802798504659155
1334010,117.52645117860502
1334054,441.8384491719532
1334064,313.1433355025952
1334066,451.61981254445396
1334067,186.63101754492448
1334075,72.82972248849462
1334087,87.97750013245418
1334098,24.03923722495929
1334101,373.8195057478062
1334116,36.18284177991786
1334127,206.7150062606193
1334149,33.971973309016214
1334159,333.01286998810724
1334187,197.44225597361083
1334195,34.179648318342444
1334203,124.50674654138314
1334218,28.50267944975643
1334250,236.99145235089603
1334251,108.783915047054
1334259,86.55328038497926
1334262,154.17210152164765
1334266,206.32970889948166
1334275,287.5504193394046
1334284,21.96833725071084
1334308,39.96026897974597
1334332,123.04888659702789
1334338,101.61606936309407
1334347,109.2355519894802
1334365,166.0628263461116
1334372,61.88009084394498
1334387,72.19847766745444
1334397,418.78537694769653
1334406,291.9050172652915
1334411,129.75147068822454
1334443,409.7903952705434
1334448,120.73572923498456
1334468,297.5368827369146
1334472,130.95288504198305
1334475,32.268508485826494
1334478,261.8753635704333
1334489,41.227478196662425
1334493,16.44364227993101
1334503,212.92621477970212
1334533,311.91950352177173
1334537,97.58865793649042
1334538,86.49155570583423
1334546,252.620795800873
1334557,218.4561440631144
1334605,633.390531748227
1334640,233.6681030086495
1334645,165.60286424944846
1334748,275.44340129563057
1334765,400.79577192082036
1334770,27.798976386399815
1334795,1525.434807577782
1334810,319.66128812956003
1334811,92.15147886232957
1334815,45.85669093394456
1334827,126.66293784022125
1334845,66.49596864349722
1334883,450.416181222981
1334897,46.8464340328701
1334903,149.73198285137212
1334924,429.28496703846685
1334966,39.70381477417857
1334969,130.1752011144347
1335032,138.67031983111033
1335062,58.7788914589371
1335106,284.64419189467134
1335120,501.01054964551395
1335135,188.41027992440968
1335161,35.310533159280745
1335166,301.2869632464641
1335177,90.92406663708323
1335217,120.0175787650666
1335237,292.8051911380418
1335249,888.9358895601507
1335255,50.68404694489233
1335268,53.66552607249818
1335270,21.565273272366298
1335272,245.15297595123923
1335302,405.5552533199164
1335307,281.7522596924486
1335313,84.56526647484716
1335320,122.78154038614709
1335329,32.16745421386224
1335339,30.102459845951028
1335399,543.3364645173075
1335428,39.214605746267814
1335442,35.325190650825576
1335462,111.68028913301568
1335465,896.6066038123421
1335466,13.870639682637433
1335469,17.49520124011054
1335480,262.7060113881362
1335483,44.87256774474412
1335487,2.7967345256650353
1335501,277.88726284168337
1335537,501.7156925637649
1335552,0.027631123924062074
1335558,105.6006487097262
1335563,33.304005971778174
1335565,79.64859690585165
1335568,20.577798649300885
1335600,134.60982456951575
1335602,107.19778876112568
1335607,331.0400649511426
1335629,279.34465854031805
1335631,1382.310772820884
1335657,514.8585422876669
1335658,26.986593862342115
1335660,47.646903526132874
1335661,400.0368019557399
1335690,133.96526288825868
1335692,58.799275319726924
1335725,94.0981726077329
1335729,16.489220344102414
1335737,767.7690163398346
1335742,28.94806865248197
1335756,205.20365018804722
1335769,15.122660871070787
1335791,494.8486418855657
1335827,146.94447856432757
1335860,374.53839740790266
1335875,161.57068373071468
1335882,96.03516114287316
1335889,70.2397857599832
1335892,34.29220890595227
1335895,40.58125071829789
1335904,341.7520460586473
1335910,13.91567844488206
1335959,68.10292121637094
1335974,9.658649520790194
1335989,65.36945198192991
1336000,86.04252215534952
1336011,24.157093908369358
1336018,120.19381172791965
1336029,52.57443136058482
1336037,48.64666637175827
1336045,69.46015528973606
1336050,40.01045486741477
1336054,1502.2567547649705
1336056,149.98022867622993
1336059,30.012674706153096
1336097,580.6658079252212
1336103,154.977182106008
1336104,173.99539855324176
1336105,120.81788444614537
1336135,363.6767010112363
1336140,285.0189772291167
1336163,33.13089025599335
1336168,42.87865332573005
1336172,234.8449193587414
1336189,305.3596704798985
1336198,340.75425337400173
1336230,548.5075737896422
1336250,56.27738607840472
1336265,277.12566965234873
1336270,50.54545508084588
1336287,133.1999694988737
1336292,88.24258248216728
1336295,307.6690375131645
1336298,229.7909647658501
1336313,38.55212942320536
1336320,44.25071805879059
1336350,169.87410364991354
1336352,93.36032666689039
1336379,69.32216253346364
1336390,375.53626285011904
1336420,814.9648174423835
1336425,122.03191855280215
1336430,28.346676883176226
1336436,930.223010592918
1336453,241.18230711429032
1336457,260.08070552170096
1336461,37.37634055664104
1336467,41.23006007827257
1336471,142.7095331018364
1336480,144.29819709052788
1336482,106.9448732963022
1336507,121.16561090930595
1336558,47.51109516461739
1336601,239.17435573995567
1336611,126.11316200049964
1336623,68.91320413696059
1336624,168.44147249870744
1336659,399.7616948461873
1336688,8.459849956464067
1336720,95.00742256823837
1336730,82.67185581714952
1336737,192.43030671153335
1336749,142.81665500720212
1336774,66.79352768860164
1336797,381.40576566756755
1336815,169.70387079802327
1336818,61.60053457251512
1336838,189.25989061163963
1336840,122.57478262042525
1336847,134.87572607348338
1336858,74.16754451054194
1336861,68.78909832396384
1336867,44.438383147639975
1336877,755.0190398251326
1336903,918.9390043317328
1336904,43.92192083420367
1336905,296.85893852010645
1336913,77.49587567918323
1336922,593.8939763242728
1336958,115.46309180365934
1336959,37.089995580227466
1336986,194.89287306049266
1336992,187.6994730722513
1337050,457.85280997869495
1337054,94.8538611176388
1337063,33.477095847778294
1337074,86.3257114999329
1337089,571.7965564047832
1337096,552.3607453738762
1337109,16.454985394839877
1337110,151.7967552706205
1337116,1701.6151809807127
1337117,18.333634279786914
1337131,165.25057407337405
1337149,3.0734010365357287
1337158,193.56502630403494
1337172,457.2240139030128
1337180,9.996068650741757
1337184,28.325182690891847
1337198,93.27105404887355
1337248,230.7272107159325
1337250,117.19468671350671
1337255,47.546746211413975
1337287,169.2402214963986
1337290,83.58197468147503
1337295,116.03597560532978
1337305,242.6127007255617
1337310,35.510927964077624
1337311,362.864890565023
1337324,28.781389938706823
1337331,136.02068104956564
1337366,107.29268228382374
1337388,264.52845240428553
1337395,101.42948143027259
1337424,120.54829384951147
1337450,1308.7535205856818
1337479,78.82587662656822
1337490,94.09605432187061
1337499,172.38225709475972
1337508,66.7490964357158
1337536,189.19046190442538
1337552,15.256742247198005
1337557,22.057854193499875
1337564,106.16166979237893
1337583,16.201507137908585
1337584,189.05523979914315
1337595,22.192845312491798
1337606,227.3528405983071
1337610,45.78241445274831
1337657,462.1557657819778
1337676,3.2560094573884126
1337684,115.77364307470992
1337720,60.631180902606815
1337721,27.529026484376256
1337742,17.241487158790168
1337744,83.14239920894755
1337756,11.526816288398894
1337771,192.87525752210013
1337776,179.43041686188346
1337785,346.2659114658331
1337790,97.44617215755532
1337804,123.22199537266604
1337818,106.29813644489784
1337824,238.96793460898562
1337831,156.02882225126322
1337833,27.413632786144984
1337888,49.99681623161015
1337907,27.2272705230056
1337912,106.83912731369004
1337949,43.84549832971382
1337955,59.0889147093327
1337962,34.32313775182916
1337968,198.32472108470176
1338001,546.2824205423728
1338003,36.010731290150915
1338022,395.96763575260087
1338024,168.520743055616
1338035,209.05434935797012
1338037,182.3814434948843
1338040,103.84179843812953
1338047,411.8689926383147
1338050,154.56150173145133
1338064,120.63106532040432
1338101,91.04564925578913
1338102,4.474002383807051
1338138,74.60860316087135
1338145,4.709111013037352
1338150,265.6362264317561
1338164,28.404971022044563
1338165,427.2235078331278
1338180,352.7162010427453
1338188,49.14489263974454
1338235,435.406612856627
1338236,58.29242570148519
1338299,17.73905413729854
1338306,528.6080238278975
1338319,393.5026490336342
1338351,228.47031524749164
1338367,172.21195668761357
1338379,25.512343592185793
1338401,441.67993347769004
1338420,102.90142739520994
1338426,61.12023116656894
1338433,345.89932266174145
1338435,224.2549209321588
1338458,77.67249777707065
1338479,2227.3095659372416
1338495,87.17652421826692
1338515,135.5515622451597
1338544,26.41942525475261
1338580,385.0337672513047
1338612,59.589240874460415
1338613,190.5457587689856
1338621,34.69399150161461
1338642,316.96225735440515
1338727,130.29239488195105
1338733,455.01169773336267
1338781,335.80453433230196
1338782,114.87185706843601
1338844,161.981036735625
1338846,53.49859109420854
1338863,148.6749659982489
1338874,0.7416677239253409
1338896,219.8013668975397
1338940,109.68755760250306
1338945,50.681614897466325
1338949,190.86422382557265
1338978,209.58394305114032
1338985,173.5577577132259
1338998,31.37241679438107
1339004,129.04879096018013
1339008,388.3216705421483
1339027,120.15525113668579
1339034,1429.5454419060843
1339037,19.201293653491472
1339048,189.2915583174795
1339069,495.3202016175676
1339071,57.74784390628007
1339142,37.52396534982445
1339163,123.48802028825847
1339180,27.491943031371296
1339191,504.0813293885613
1339194,572.1610799932599
1339197,49.10373097045032
1339201,25.485849384202716
1339243,17.1030384012064
1339264,53.72471365593136
1339297,53.26456502172217
1339299,159.5553270752228
1339315,398.59070306103274
1339318,436.261866601889
1339347,199.4075572322267
1339356,338.7031709151238
1339369,83.22932551457083
1339373,124.51505903914733
1339391,136.2517717396422
1339397,13.128173404914715
1339401,151.78008030647044
1339452,222.88292652122524
1339455,190.60802336096802
1339465,249.0511586257603
1339466,440.1791992244262
1339495,26.615851080465603
1339516,115.55703437266868
1339521,129.1381888262074
1339522,345.1638941968247
1339529,215.7275510858809
1339559,26.15882596333047
1339580,74.09435223199867
1339581,63.13351347397949
1339590,348.22133373769475
1339600,14.070481925040342
1339604,46.252123949969636
1339617,128.124042409461
1339628,109.57534836489064
1339641,911.9489857447833
1339668,152.72261939589922
1339671,290.9825784596182
1339708,101.22474888707873
1339727,175.17161748102438
1339737,166.26427675212847
1339738,71.62765352929952
1339747,83.61963086681088
1339749,1456.6333353288621
1339781,87.73796002663059
1339799,1959.1221541630957
1339805,336.21863722867823
1339810,181.25312139044445
1339817,256.9430716948091
1339820,81.36027885871253
1339825,65.43505017892561
1339840,215.76744247039258
1339877,412.6499643492676
1339909,335.7352625555021
1339935,347.3069409354583
1339938,579.270245586946
1339963,20.9758108928439
1339966,95.10392164178118
1339975,417.79805165355805
1340005,91.29001224668862
1340082,301.3556526504031
1340094,443.6719347823868
1340117,186.27477617043382
1340130,38.07144841028863
1340133,13.32380865850078
1340138,107.00817680575474
1340178,150.4843862041035
1340182,107.52764143427383
1340194,57.69444605587056
1340231,20.45599485931009
1340245,56.35461285469187
1340261,272.7329541207525
1340262,64.34509123864167
1340269,178.69304433230462
1340270,54.43481154395401
1340320,252.8565247779912
1340335,482.36335081707233
1340348,180.57279246493277
1340375,999.0455503761266
1340381,734.8527576749041
1340396,88.17380423326658
1340407,348.8189577989906
1340502,24.921444320354894
1340515,303.702061791462
1340524,1043.7521728472236
1340547,312.1555489489099
1340562,168.07686254519712
1340571,215.41370985470888
1340596,10.125247304294707
1340614,861.4867132088563
1340615,11.920647691069352
1340640,515.916775618751
1340676,88.25325370868902
1340685,160.11288421155325
1340687,254.3796151680021
1340706,56.48667759078267
1340721,37.000582425370716
1340735,11.324833816232033
1340752,273.50500779150514
1340756,198.14612676423013
1340776,20.97902608118624
1340798,26.809430704353222
1340832,367.0618423565874
1340873,820.2351655925621
1340890,93.70143361175133
1340904,428.44666342008986
1340912,16.754266895908945
1340917,141.08504287667782
1340919,38.974198586504585
1340927,37.00839979799735
1340940,80.08375939321945
1340955,410.2990988202467
1340967,184.86844047959957
1341028,295.09729645880986
1341057,195.83816212820304
1341061,89.37471460266339
1341098,397.1597999443407
1341114,118.47049738267647
1341115,18.231613399949715
1341131,111.83011972088136
1341137,12.847688120853778
1341146,120.36828905866804
1341158,113.5379320390255
1341159,1.6375191400879265
1341179,199.31935714573305
1341225,39.4896455641408
1341226,201.37632512039943
1341241,280.56062444637263
1341287,55.21630384870359
1341299,33.97218191678461
1341426,184.33581219862285
1341427,278.997966748262
1341438,250.07409386244433
1341469,78.67899338933553
1341473,14.315216582906112
1341505,34.9196546279653
1341530,366.23009165685676
1341539,0.04289797800404521
1341586,80.86019411864399
1341588,70.60881468339986
1341593,96.76462317931285
1341596,42.8636812646154
1341606,105.71384062486284
1341616,45.167709585386426
1341626,431.7141576286087
1341646,214.3101542637863
1341648,342.75224545280975
1341683,341.3644603306686
1341706,171.71076701066957
1341714,157.62600579125782
1341715,77.40815017982857
1341726,93.71164896407193
1341745,9.915321972904376
1341774,112.48638145495833
1341777,16.053702856399607
1341789,1101.672701014784
1341806,838.9122354244471
1341807,1355.3793288550855
1341838,24.196844138416996
1341848,103.55997164876538
1341870,66.44853746258377
1341876,31.044617302501575
1341886,173.23404071755292
1341899,89.2214052710967
1341913,55.906462597022276
1341927,21.12745618246774
1341931,187.40780609470238
1341978,49.794524949754596
1341997,128.57474357308047
1342004,114.10906205658792
1342026,179.79976994516736
1342060,102.9099836136765
1342064,275.0560929562757
1342069,183.44297764113523
1342075,140.82194256866734
1342102,17.97738184457293
1342142,269.2144988878027
1342187,62.23494176728786
1342195,67.86165763850272
1342205,101.4021612155904
1342222,284.3465534268869
1342237,894.8594052359484
1342245,23.06437020479959
1342250,24.312950692988572
1342252,87.57406654305736
1342267,368.69528601939345
1342290,42.85435496317958
1342306,490.7993124392377
1342313,360.7240048683951
1342320,25.21342328140758
1342334,23.612043709364755
1342337,36.357685709103244
1342342,128.0688473625251
1342347,41.43033105481209
1342352,996.0802273611272
1342379,163.47052999366016
1342393,67.43461734056393
1342395,439.0487025172724
1342397,26.89731977210096
1342405,92.84775645313196
1342409,230.3859700706121
1342423,266.2866010839224
1342433,15.065083305813198
1342435,45.85161743980536
1342441,217.93038734244533
1342442,247.1371923812844
1342445,36.86547764203308
1342457,89.74233256739788
1342462,30.298651998132538
1342487,143.33392834546234
1342490,286.8889636160028
1342523,24.030089877806542
1342526,111.15778288015534
1342540,18.954819497601417
1342545,88.34312028916031
1342550,24.599063000784856
1342553,338.9757575700725
1342580,286.2937811123064
1342588,247.33780856341647
1342607,97.54656078269787
1342610,59.48642702734973
1342618,63.648596463929124
1342622,412.9958730658274
1342647,68.77394282854004
1342654,67.0807803842259
1342655,617.8678652092295
1342691,361.4921933294245
1342696,40.03814099459001
1342717,702.6438785294802
1342720,278.42332965226694
1342721,54.00217099062795
1342728,33.11790414729742
1342743,600.705923511466
1342786,189.752769207725
1342800,897.406313130949
1342822,379.9866448441789
1342834,29.41692003468338
1342863,95.52531538066576
1342908,84.34898273766497
1342909,1690.545794234129
1342926,334.28747740424296
1342935,36.31505911366648
1342952,124.6076367182291
1342955,25.866780691827913
1342968,17.847354576662468
1342993,461.27971858839516
1343012,57.33652397603965
1343027,102.52093117967824
1343032,29.944990971594287
1343036,442.6332629814482
1343038,107.3872205785434
1343050,210.85900461895795
1343053,990.7672045316021
1343078,190.77409460000626
1343116,7.453961896836874
1343129,75.11393708740609
1343145,364.2639294498639
1343161,671.6554683262221
1343162,18.06680170854576
1343164,78.95935162835806
1343181,124.29910602023702
1343235,120.70138818091007
1343240,125.66203804072435
1343251,45.0536740453449
1343254,102.75834931984282
1343261,52.00410218639804
1343272,44.28697412983402
1343273,400.03513673852297
1343300,133.52377230934303
1343302,250.4094541313686
1343311,201.419728915413
1343332,842.5584263934137
1343335,11.91501814436774
1343340,237.2249542634636
1343351,45.12481720540493
1343359,60.22194031030743
1343368,522.1827277656042
1343377,54.962772336371465
1343387,106.15770808331217
1343421,13.91789392006257
1343435,43.958907892852665
1343455,121.3291783055701
1343456,555.0720892253943
1343496,118.5041468744296
1343497,41.20583289886369
1343500,84.74681652302843
1343512,257.5301575787147
1343513,70.65019603226067
1343542,60.372158758882435
1343543,333.56600068937837
1343550,31.929572714165126
1343551,634.9330639016237
1343554,34.34502043761761
1343584,726.5666706878371
1343596,115.48416175584389
1343601,35.0639586175874
1343610,412.71502785104093
1343631,1170.5585559301157
1343650,65.97725585235908
1343655,32.28113004381275
1343671,8.661625089582222
1343682,247.45393041373333
1343697,321.30235348306456
1343708,47.175993640729864
1343753,173.73321673105528
1343778,282.59980071623426
1343779,126.34262143430276
1343801,67.10642034923183
1343822,62.86388233626697
1343829,278.02907132745077
1343834,312.53110700745947
1343836,139.89367708514794
1343838,415.60921062321273
1343850,71.9374164068115
1343858,474.9182347729608
1343873,263.6289077342967
1343878,105.83509876783357
1343891,10.36016782195871
1343897,8.156525540329568
1343936,663.2930074127356
1343939,64.23849398857513
1343976,0.0
1343984,597.1572751051021
1343995,219.49486690508058
1343998,489.505097192256
1344039,110.90149958906552
1344049,61.94396804090811
1344056,406.0754938064331
1344068,15.688136752870134
1344083,44.06148483278045
1344086,10.101787576997149
1344090,240.5735010925859
1344109,306.74018884994706
1344123,28.869677464683352
1344130,206.86869591354045
1344138,203.24556168451375
1344143,24.772162349375666
1344145,563.5600870129223
1344150,71.35881801928447
1344156,50.85887725168731
1344207,24.61799309665193
1344236,117.86234508176086
1344252,158.8781424673607
1344262,651.300724854318
1344265,52.518625603393616
1344297,62.05136021989832
1344308,124.72143032401092
1344385,64.90469575484738
1344422,107.4434568746056
1344425,94.47247194151583
1344427,65.57574571891384
1344468,412.0846563108791
1344470,44.875471216520076
1344474,79.13821194078402
1344481,34.673050566259455
1344498,739.6242293593731
1344543,28.50815280767152
1344550,80.2752807026765
1344564,399.7480384197586
1344569,252.83952932142955
1344579,54.73453501202472
1344591,269.51024303392853
1344627,33.43348980153787
1344633,103.87339614553318
1344652,331.2724219362381
1344662,192.30299671147702
1344687,146.64193601289213
1344699,282.66196913660957
1344720,25.212030145004277
1344744,358.2125090007668
1344759,93.76173805205075
1344775,12.184013809701128
1344807,90.07943153020024
1344808,175.9978551554313
1344823,42.06013790135707
1344824,107.96490503143464
1344879,47.045211412601816
1344886,118.92904557887022
1344894,103.29404503193423
1344920,148.2037337003817
1344949,20.674789621585766
1344951,19.29602175293991
1344988,182.30797619252624
1345002,192.99864642245225
1345020,79.6136115791817
1345025,53.051993760885495
1345040,108.69611263188979
1345064,67.3950888763605
1345103,85.36623181018986
1345120,93.14009166318229
1345121,204.40776422762352
1345123,246.82536334421332
1345131,103.20043664698794
1345160,28.80639603307323
1345178,25.171070693076402
1345192,112.27090038246816
1345207,354.61958458677924
1345224,44.80129840231721
1345228,256.28995926299166
1345238,173.2876135910633
1345243,11.342311477887584
1345251,23.136621796382627
1345259,83.12843698541262
1345268,831.6694873218481
1345269,284.8584857498717
1345321,302.922990558573
1345333,25.880798125888063
1345355,67.19206676834422
1345367,333.84016027650034
1345370,572.0462603085149
1345375,42.32965142639149
1345389,85.94308698255473
1345390,3.444504070412572
1345403,10.775543041825234
1345447,30.142739302592517
1345464,35.990088658706284
1345499,2.5010561344196707
1345512,48.59075985335595
1345514,324.911391718056
1345516,835.1004691731979
1345540,44.361009258497994
1345555,54.16235012489157
1345579,126.49747477353235
1345589,251.25027584786415
1345596,271.8860518623322
1345620,1868.3625290311547
1345635,51.487168861391396
1345656,40.65798095332134
1345677,96.3039723522999
1345683,277.2226894181743
1345687,13.021293787095258
1345688,720.8172738800403
1345691,52.01208143233957
1345716,165.22533405769977
1345720,58.629887407169136
1345723,5.795254335466423
1345747,11.723601128240965
1345768,33.92317681713444
1345794,51.39532077801968
1345814,65.58949506456909
1345822,9.87848064929348
1345825,629.9955405671147
1345826,473.13224822229483
1345832,885.855330663233
1345841,55.16265541075284
1345861,10.958965553039292
1345869,848.9437345581664
1345883,33.55088346524354
1345899,20.492354439781614
1345916,358.71772107053687
1345956,84.588324977687
1345960,53.77030938456793
1345965,83.94131400944546
1345970,552.5946780994309
1345983,138.02130494222374
1345988,235.70322024980436
1346015,126.41498129295776
1346060,553.1866136776554
1346062,31.17372015292666
1346088,137.1288934159123
1346146,148.48397222091165
1346194,43.89540155596514
1346198,213.86378965944837
1346234,289.6382001037402
1346249,1341.9037650700811
1346275,143.07261003325488
1346290,453.83497626977424
1346299,3.152173498597831
1346301,185.02935900053416
1346305,67.69322136388759
1346333,11.88365127488756
1346348,146.6293540148135
1346354,28.81484400540462
1346361,41.59438514076807
1346381,77.79669956856799
1346422,466.6870837793496
1346505,137.7785361428576
1346514,37.61580700399994
1346518,12.34887042164974
1346530,91.22990647000911
1346583,69.15865264721386
1346600,124.65081014452034
1346606,133.66038570113983
1346618,28.84958171571934
1346625,79.3504241738908
1346626,104.27120175032168
1346627,96.30724246101812
1346629,12.888996465876767
1346633,267.98675242775903
1346635,805.9376929640223
1346636,16.14288858556761
1346637,253.8559165746627
1346647,23.3432190013905
1346652,87.23689706528515
1346673,6.64099444235846
1346678,151.85397087997038
1346714,75.4219128931439
1346717,276.5236256181969
1346782,94.43397938335774
1346793,20.584785788595333
1346803,592.1356448338502
1346817,68.01823177509141
1346851,105.06351059700806
1346863,36.23448505323763
1346873,50.065149961083804
1346875,99.76790458048644
1346881,78.56786227001712
1346889,23.44183295877132
1346906,175.24690781541062
1346914,45.921501413101716
1346922,39.428918613086445
1346923,6.775991827210755
1346931,39.94211035383754
1346942,144.2261695019145
1346952,157.16253217400646
1346976,41.44288818083768
1346982,1184.1602762707546
1347013,83.38624912527786
1347027,547.9182274435883
1347043,635.5835412226419
1347061,200.73320938729088
1347075,84.20795758551937
1347087,121.93214344084045
1347100,617.2304035485638
1347107,68.21865298377408
1347126,37.24332325180078
1347174,448.50538625720117
1347221,196.6860687567215
1347235,190.6264830713446
1347236,106.51208861598857
1347237,40.29049207733479
1347240,157.06799049223469
1347248,33.03189063213469
1347256,186.03846035952856
1347302,19.77748499556394
1347317,158.9605934412317
1347318,220.95270394990442
1347324,75.13938015139107
1347349,144.24113781131672
1347366,252.86690554835027
1347385,737.457348326139
1347403,68.06466787227302
1347411,519.3822148298157
1347430,22.236942575813668
1347464,43.04918785446194
1347467,287.749375130232
1347479,10.850926858880626
1347488,59.94163300144322
1347514,135.56111286111044
1347530,861.1311421294853
1347537,135.66314539163847
1347554,77.34852506797257
1347615,346.26381874548315
1347629,23.106779509733812
1347649,4.709766383822107
1347680,680.0983347039113
1347688,117.07399833029807
1347690,769.6539597413562
1347698,224.51628348360254
1347707,20.92031397997575
1347708,35.62978367981435
1347717,261.63145058328115
1347721,341.00536529166897
1347735,232.13432731823158
1347737,126.71788781167747
1347755,17.391053341556923
1347782,404.376471727701
1347818,113.41493815057676
1347823,330.1236663608775
1347832,153.0707865795573
1347849,266.2781148056791
1347859,29.730563276465904
1347861,32.71627687563756
1347864,98.04339114876832
1347887,55.28180991890156
1347891,117.58723789621513
1347909,242.08332544942584
1347932,103.72868747529343
1347941,25.712593998025298
1347952,313.4964922532011
1347953,270.750660987425
1347974,703.3191010693685
1347976,423.0861356697178
1347977,395.09043214957876
1348022,76.96594557443795
1348027,75.98230801017968
1348031,475.7409030528586
1348050,560.6088576344341
1348062,123.93488276631021
1348063,69.14956795652101
1348065,58.93179998068157
1348068,93.21680409787757
1348069,22.13617515793622
1348070,6.607998954219587
1348081,13.029411835628244
1348084,125.17928331204538
1348094,15.958725790321951
1348096,3.713917421335383
1348099,228.34948288703524
1348122,37.3939753392647
1348128,125.61204856651007
1348142,25.647174267868838
1348154,13.648523715803654
1348159,437.7994886242516
1348179,50.350050564827384
1348202,134.31652611469053
1348210,935.1739140002456
1348216,93.17582173295814
1348230,19.970644286563385
1348246,47.61930522588436
1348257,905.140564204811
1348282,185.14372996038733
1348293,20.510262778599298
1348312,24.12637693198071
1348391,831.9247331848018
1348404,239.33271374505273
1348411,354.26420673473984
1348414,55.67538829476411
1348427,24.972852470315374
1348460,164.33600869323223
1348513,16.309082140052197
1348532,246.6624366683229
1348533,275.7229626371295
1348534,37.13800869702451
1348536,254.3547573110572
1348562,204.93480348738714
1348564,537.3312003738837
1348574,102.6073619448688
1348587,103.26803712718934
1348589,13.560222928324329
1348608,1189.586262660169
1348612,1425.9189707657138
1348620,124.71362540907835
1348621,13.359544756878181
1348678,950.6408900655165
1348705,142.45858486411507
1348732,33.12749154653816
1348738,209.91884486330585
1348778,24.331387022953564
1348796,107.86318729861539
1348806,21.235101397397546
1348808,38.64183171261744
1348829,177.59294056853537
1348839,29.43335665065031
1348845,110.21917899253086
1348850,114.11956744117563
1348866,45.642435420683
1348889,7.649162941639079
1348908,271.3438898131566
1348911,49.00798201699433
1348933,217.05340420687926
1348953,200.24116663336548
1348980,83.37798445582618
1348987,115.1689210652295
1349036,288.17481608086166
1349037,216.56706202507985
1349078,45.2884339478504
1349084,425.6561254328821
1349089,9.828232463791005
1349144,163.14692132963427
1349155,88.36828065438584
1349156,46.343681610894016
1349171,12.68573228492203
1349184,458.2505221857477
1349187,15.442256911365007
1349200,267.5250876086169
1349215,14.32766607168226
1349223,145.27026792099085
1349227,239.50452236766105
1349255,25.476952254856318
1349257,180.35338003821957
1349351,32.8335693311213
1349361,295.3136543986343
1349362,90.65112307371311
1349364,17.76015034240369
1349382,45.81166079627003
1349385,14.398804596380733
1349421,194.78591415834828
1349422,1817.9178646862185
1349423,90.28964562028833
1349426,120.21427294688625
1349429,1466.2732030707266
1349435,137.41027851966032
1349506,267.5854094387267
1349508,8.2217684328626
1349515,10.00190045937616
1349532,190.36444946852865
1349533,242.08562330433222
1349534,107.56988990886674
1349547,495.2202465536024
1349568,25.557455079107317
1349583,182.15014161810265
1349592,31.495292265576794
1349597,84.33775867197349
1349623,52.83119206169148
1349629,397.07326762406456
1349633,76.0640077957648
1349638,110.34882918072684
1349640,542.8905986593803
1349648,21.520072416102742
1349650,11.05093074656258
1349678,235.90840163307604
1349681,20.422497099122833
1349711,135.1711808030647
1349724,39.73249647944044
1349727,413.2301604988483
1349737,134.3566259350179
1349753,37.629331089307435
1349760,113.82687397283108
1349761,73.12415905664916
1349762,435.34441597565325
1349802,14.916052672166797
1349810,200.91522710983355
1349813,2.081148512409054
1349833,67.45719347220611
1349855,166.68098981520185
1349856,48.0345061405777
1349858,40.88183999757855
1349869,30.16773921765152
1349870,282.34658250784264
1349895,49.95150908641943
1349904,28.831614588060454
1349906,424.20836797057035
1349917,432.974501936993
1349919,173.44358506079365
1349929,1911.4010549779787
1349938,314.5602073597565
1349950,167.8240629421986
1349952,97.48064965605782
1349975,313.4639114756326
1349996,44.28547893056507
1350008,1927.3260838243243
1350025,299.127514865003
1350029,39.804941618970666
1350034,311.82197478479446
1350042,126.59051175615117
1350052,15.13234861790256
1350098,50.258646450401876
1350135,35.83774955833065
1350159,37.7319746709519
1350163,114.01948213871945
1350187,1198.7354055550509
1350192,90.35634833400057
1350206,13.882686130115882
1350207,13.284528174766567
1350211,957.7695071530907
1350236,15.427992245781324
1350239,298.2897783680331
1350253,17.346785789322468
1350266,22.35188590887211
1350267,54.97112882930207
1350289,0.08366872648833443
1350329,198.45037232131287
1350344,69.0890617290753
1350360,406.69317505020393
1350375,2.096998053786289
1350396,219.0715281069613
1350405,336.5649654208121
1350424,205.82231111419173
1350437,376.827396345046
1350440,989.6496411519402
1350447,933.0428868470866
1350450,16.773493211175595
1350471,187.5186288731519
1350474,122.36939923616642
1350477,218.33151963568244
1350481,309.89739787952163
1350493,44.08278810080646
1350494,78.69100751210425
1350514,93.05985600998854
1350519,46.53956581087314
1350522,43.37915461361324
1350558,71.37033626775978
1350569,310.2640758066066
1350644,2116.830676729374
1350667,53.94615559836326
1350692,407.0342855229748
1350701,771.6115615785197
1350709,176.41981135609873
1350713,94.15355333117915
1350725,268.021322298993
1350726,37.533906855768194
1350731,364.78372579723026
1350790,484.92434995809043
1350802,81.65162475108045
1350810,85.64509092655518
1350862,496.14247296975134
1350874,39.691806784777796
1350903,636.019040013477
1350933,342.7667455301859
1350935,73.7386276006752
1350959,174.77950593845387
1350978,213.12491263084993
1350989,229.31543797974174
1351003,96.17494569576571
1351029,390.94333272754676
1351077,345.7115857957001
1351109,20.68320544799348
1351129,0.0
1351136,22.652051105014305
1351203,315.0000802354795
1351219,212.4936018949216
1351227,43.35523889154806
1351254,66.15108763086965
1351261,846.3213519725731
1351338,17.048753634883806
1351353,259.77196011047374
1351362,422.9949364023249
1351402,96.42959475000553
1351443,90.0163058632449
1351452,270.60233369909895
1351470,24.382095823942198
1351476,294.9336457689897
1351498,154.55554878367167
1351500,34.633467255225575
1351501,641.8782147634256
1351526,534.856444514374
1351534,60.984700916386686
1351558,459.1188284389786
1351561,428.96280790067993
1351594,125.82066080998686
1351595,774.2437357244198
1351626,63.276038506892746
1351627,183.46094209029982
1351714,667.0968306439012
1351716,12.043877464828286
1351721,62.73980747723024
1351735,463.01809543906757
1351758,268.57716429818356
1351771,264.78061353220534
1351780,83.1650919643682
1351797,26.75022577458936
1351826,71.87658698181313
1351858,172.6644404212859
1351864,277.79874697083153
1351878,248.76272409062074
1351915,33.69197754736431
1351937,161.74950891244194
1351941,279.7904725297933
1351946,15.41324784139592
1351968,121.19136743994726
1351984,318.357505887681
1351993,461.68589132786326
1352006,94.53865856667564
1352012,697.3141678431499
1352022,115.0126342144683
1352055,180.10277669068157
1352064,146.4191345492089
1352082,713.7579535693004
1352086,209.4489797996664
1352093,299.8457917790557
1352120,19.26361081516971
1352123,669.0035883172684
1352126,381.42713164627963
1352134,116.27889130885026
1352135,486.13231086541566
1352136,75.41434791436684
1352189,308.54172790856074
1352223,11.468707352290705
1352264,277.0950277995907
1352289,535.0075875603543
1352296,111.08064842985237
1352301,151.81123389277522
1352307,96.1769812278411
1352308,389.92325451212963
1352318,620.7488543510984
1352343,18.414512310201797
1352350,554.1190279713923
1352358,278.9066891572343
1352373,667.6914808045349
1352442,706.2756186814338
1352451,238.2710268312126
1352454,59.9649284631199
1352466,182.10459895136867
1352470,29.670696855179557
1352488,112.1134359995839
1352497,11.593366828509891
1352502,322.65323166174903
1352515,151.82336809105894
1352516,39.11805307586806
1352556,117.08579533502441
1352569,315.71929352300424
1352572,706.6452967940911
1352579,396.9699079772151
1352621,321.00397100067636
1352627,118.35123527625676
1352677,259.27019182233204
1352697,63.46832024909733
1352703,32.30945025398125
1352707,140.30293392146342
1352708,48.29685833359025
1352739,326.62819554095756
1352787,283.2374230237474
1352791,85.74308592429573
1352817,95.61575200757201
1352827,256.2886755505978
1352836,1112.0003245275348
1352845,17.550012152794356
1352852,77.02992487726799
1352856,166.8123651702275
1352878,218.86700699998084
1352888,359.1823875694409
1352895,80.37079080527681
1352909,37.17326704411603
1352924,63.63985055559443
1352929,103.76350642834166
1352942,48.59531545679256
1352952,125.31255711149784
1352957,26.703347029111942
1353005,243.137154359224
1353011,83.19101287413473
1353028,92.14526258929489
1353033,497.9389615002763
1353037,245.5600649424195
1353044,116.93329930162037
1353069,43.876901130252776
1353087,135.61438839384834
1353104,395.5761957724627
1353114,746.8371294145708
1353126,358.7301982366894
1353130,45.134340176154126
1353136,69.41324454048183
1353139,104.8699203581389
1353148,57.49036420777749
1353151,225.12914376680206
1353172,581.6718509995974
1353206,86.08784540448478
1353248,25.37443091380904
1353255,104.13067395220436
1353276,121.12940012090402
1353281,8.980126890680975
1353310,155.25666245459328
1353313,95.90686692633295
1353342,15.121316163931255
1353368,117.1239057935367
1353405,288.4843351331648
1353409,726.2793624569954
1353415,556.338444494202
1353419,239.85022777361942
1353423,61.782233693823244
1353433,14.380914408573132
1353443,170.34550048639076
1353466,981.336618695462
1353480,183.95159594705473
1353492,374.90373745198923
1353513,140.2197454430625
1353563,2202.7374858213366
1353572,1679.5513194423693
1353589,352.3418219905988
1353592,187.2849959778951
1353610,55.14923491917277
1353626,288.04518479471426
1353652,56.85318692763484
1353668,45.22408889686715
1353682,16.4888815102815
1353691,349.06266367905283
1353711,608.1205984821729
1353727,10.857933856921028
1353734,282.4283518242799
1353789,770.2100484192005
1353804,198.2710074829744
1353808,77.45508860294794
1353816,245.50599878881204
1353818,20.21133367985486
1353828,23.56907992487714
1353835,105.52265150260287
1353854,46.916332046629925
1353870,127.12463934559257
1353948,270.84487162496475
1353953,1421.2003637996984
1353961,335.2967679185447
1353965,758.6808650499609
1353989,151.00822354409405
1353996,361.1538944677585
1354008,47.59754655156142
1354025,94.94094535396862
1354041,303.14231662544955
1354048,142.2205789601625
1354071,28.67484927340896
1354092,306.08686152283383
1354095,234.1766807159293
1354098,156.4785913437635
1354125,20.46197363543674
1354132,165.11640648917597
1354141,103.25099795896553
1354149,165.00081508250094
1354177,120.38295963168032
1354178,51.34191685837521
1354195,143.83844568336963
1354197,14.662034133852238
1354206,196.42341852366937
1354222,295.3472412042032
1354229,44.411368599482955
1354259,132.00353618990087
1354271,202.9487031538328
1354295,22.306709845896126
1354317,14.985847670992099
1354327,98.71937414435975
1354339,193.9119766484209
1354383,380.4168608379092
1354416,82.93178666478299
1354418,80.56492808093034
1354480,705.9196941060247
1354486,47.73147993497669
1354514,185.36811729906867
1354562,163.68852041076113
1354563,146.9666862700961
1354566,8.522018075042688
1354571,384.8036487031228
1354607,227.5494269073908
1354618,195.5371952540196
1354636,24.130728969483457
1354676,56.39508087838746
1354697,286.40363585297496
1354703,36.713354516018605
1354710,33.24319023905038
1354719,1167.480883557907
1354722,464.69390944193213
1354738,37.35112345568271
1354740,494.5620944084439
1354760,68.08344864376564
1354780,347.526179848255
1354819,345.15908167310715
1354825,52.500477057728226
1354889,504.8788252173177
1354895,116.13263637967839
1354900,22.4765290080834
1354912,164.94316704195836
1354917,42.78467065069493
1354931,126.46473696148209
1354961,1127.4586639893898
1354994,19.07043485142907
1355001,85.37103449148647
1355003,62.505001390547804
1355011,334.518891981268
1355035,734.857702029562
1355088,1555.7388163135647
1355118,874.891712426067
1355123,241.92169762721326
1355143,112.07993179527642
1355175,139.54206490493917
1355189,258.65432460793727
1355224,48.793738676629445
1355233,238.06324938098868
1355242,279.7613747222323
1355254,27.69570732070726
1355267,364.4781065214574
1355275,97.17466712665548
1355314,109.28785045370434
1355328,127.34463522086412
1355348,10.994545416403579
1355349,243.80135504867448
1355379,167.4341127414029
1355384,9.657788723452494
1355420,37.8912310540284
1355437,189.4988025767969
1355439,41.86348448221525
1355453,58.28207915147854
1355488,96.752472422732
1355498,56.952820021655256
1355523,672.5975680302522
1355543,273.25911258553276
1355546,183.56652344914386
1355554,168.03159397475432
1355558,898.8096877606615
1355617,171.8406062910195
1355647,89.16516879600216
1355682,385.1984671639311
1355719,19.432474787928495
1355724,363.886421471322
1355728,5.844391208801691
1355736,82.20905689164483
1355744,188.99958542299623
1355770,26.510264411258554
1355774,470.9039528205282
1355784,79.27176089813771
1355785,294.86637484042376
1355799,433.63698052740097
1355820,39.02386847807599
1355822,13.616837382780854
1355831,723.211274067138
1355864,189.7766643162383
1355892,48.71828450576416
1355897,707.9717975943413
1355898,300.75215357559733
1355907,177.65424295109102
1355967,541.4871403511976
1355980,312.8859177780297
1355984,276.5661701280334
1356002,202.6773888869192
1356004,19.555498915145964
1356018,33.208847568947185
1356046,115.81674898187768
1356066,313.25067491177356
1356071,64.0128141362702
1356081,365.88437294287286
1356082,48.7837416238795
1356088,14.09025214683637
1356105,52.750802342629775
1356109,201.43817787486262
1356121,70.79082322996729
1356165,125.7110680254355
1356206,30.432304457219136
1356232,466.94206654126555
1356234,62.637683061841386
1356258,42.50026158047742
1356261,23.59267827858475
1356273,30.05913055371297
1356321,115.40280190615407
1356333,1786.053168015977
1356351,78.98938478027186
1356353,53.1892652176049
1356370,76.0648240240892
1356379,5.168922119640862
1356382,220.9379641785181
1356384,552.0813537531233
1356402,473.2801095050945
1356431,27.71496591943978
1356462,163.25012359150585
1356467,40.23908921467719
1356515,136.26855738103916
1356525,6.703635584605665
1356527,111.55845121520373
1356535,21.46371485463882
1356536,203.00690991922923
1356548,30.298096981735075
1356561,79.07405417221716
1356581,57.30154020676252
1356602,230.5367423481039
1356616,1182.9342189557588
1356618,95.20485528327477
1356623,73.55190127167052
1356631,160.8774729297273
1356650,48.63485169549839
1356690,261.7242288914539
1356694,127.94193833600116
1356727,77.6598612473704
1356728,225.4522503287524
1356737,38.40688663589554
1356764,91.68623313493885
1356772,282.3747346326004
1356784,226.23897615715697
1356790,90.30441499795901
1356796,121.57336481134901
1356809,185.08211275234146
1356813,950.7116488113337
1356816,241.43906564557903
1356831,95.78913308016519
1356848,144.25628266035977
1356887,80.12774231633033
1356902,189.4284635498403
1356906,70.67253251933636
1356946,41.605122441357935
1356966,70.13428290102388
1356967,356.2066144264069
1356969,856.3050813796896
1356974,1088.596333801382
1356975,405.1460495901788
1356978,143.15927898096157
1356980,43.36080390779132
1356983,56.5182910398318
1356988,40.24858606041244
1357020,781.5755580781797
1357046,93.43361088390778
1357053,88.02554829105837
1357059,2024.4642699601502
1357097,153.2546572366983
1357125,252.3732601716408
1357157,237.96330451380467
1357170,13.061228226011968
1357176,75.3458006806859
1357223,22.784173608122128
1357235,91.07828273295827
1357260,95.59087290261716
1357261,82.17280593278855
1357262,117.40722475614176
1357283,377.65792959925204
1357284,81.4841479071427
1357297,18.5538808184709
1357303,42.872838554950306
1357317,96.7890509093832
1357329,358.56422841524045
1357343,1037.5624389847778
1357349,75.7197053068523
1357362,238.35608035149568
1357379,240.41149526345507
1357396,496.06223864083546
1357398,129.99310853992952
1357408,24.99629821875373
1357410,66.85391328268562
1357421,681.6814588117611
1357469,97.87541388798584
1357536,114.1064684867907
1357541,76.07754334825866
1357556,25.13244279133166
1357576,63.05039498306597
1357578,73.21066593581956
1357585,38.4666998717455
1357587,410.56370184464174
1357621,46.430779644987595
1357633,159.2851590665897
1357643,465.2096208898726
1357653,92.12332709673854
1357660,198.53027681581798
1357661,378.8307377134104
1357694,110.78330604965056
1357744,74.73445263734337
1357754,19.826100725475797
1357767,84.69005749167597
1357786,228.2971717281679
1357820,37.68671899123334
1357828,284.57597006397395
1357847,31.249596442666732
1357861,104.87909993321342
1357869,133.2788707655895
1357905,35.87434896801884
1357911,168.73270626353002
1357918,241.82266845937042
1357947,84.62543471783893
1357976,302.04235891012024
1357985,50.25902246099372
1357988,58.19947574710154
1358027,6.2584605190038465
1358044,11.566851755628964
1358056,6.9537595067931814
1358058,266.5152776034143
1358060,270.22400387238673
1358064,118.01259576974616
1358068,165.35793270756463
1358085,203.21071711452188
1358159,103.64706793175289
1358172,99.5456749751692
1358189,216.91498020024088
1358202,2.560530490177122
1358230,132.02643113812894
1358238,54.10155996099312
1358256,103.22462806584676
1358267,236.82022050887392
1358268,363.43164828686463
1358278,279.5771568284904
1358293,207.13390816187075
1358294,178.0711343437196
1358297,644.445853313578
1358305,276.9270438791718
1358310,1994.1326538967728
1358312,111.41931167384975
1358318,34.48000816116267
1358350,77.10976670506729
1358351,62.92075220307414
1358355,35.08806655609938
1358409,36.87039746306928
1358416,19.943818282094778
1358429,109.46773978024824
1358438,178.69217221828958
1358442,88.13357983528438
1358455,342.82177116030067
1358467,12.715417588446636
1358481,609.7954857688316
1358488,256.61774260897306
1358531,42.10725246743516
1358552,116.5884531919173
1358565,737.7694781525005
1358588,46.68313916813349
1358603,34.87841208628121
1358623,49.91138218431145
1358659,305.0499080702585
1358679,426.42101711574816
1358702,72.89850867933504
1358767,87.14306943802309
1358775,194.70990678673007
1358786,632.4222042154704
1358808,15.135108537277368
1358812,414.05154200508315
1358834,129.38130106340589
1358836,217.30261773149684
1358838,75.96423351487444
1358854,414.19290008378425
1358859,135.61964425597802
1358874,111.4989890736799
1358884,84.29016739906167
1358903,18.0478419151985
1358912,68.57654973419226
1358927,22.13539128894355
1358932,736.597683071291
1358943,935.9526532846711
1358951,307.59177576948315
1358960,14.704209482949075
1359004,586.7251959101806
1359056,584.0532052960248
1359060,392.4470359170858
1359065,240.77742417282153
1359066,975.2175457916077
1359067,327.8478799758395
1359075,168.70210741302697
1359094,52.64997999873917
1359107,32.013221371558835
1359141,244.5261374366723
1359146,19.31954369418258
1359148,180.8202218009733
1359162,12.168515457860833
1359174,6.016397021025776
1359182,146.11326625234835
1359183,282.7465619201321
1359188,445.4592757884579
1359199,398.2393560262425
1359200,361.76781243221535
1359223,44.36394456337461
1359239,80.17503725973134
1359242,271.30943298081917
1359281,215.98387127246198
1359285,113.64389705571982
1359292,78.3092733270207
1359316,138.1562546276314
1359339,349.12284085273564
1359349,279.8333019080644
1359350,14.910910276149476
1359351,406.77502159119416
1359413,295.21122965913537
1359423,1402.968245984101
1359424,296.71798483641436
1359435,34.76010129213724
1359439,27.615217714639922
1359440,280.76889393562004
1359459,34.372954519581
1359469,62.272208170873014
1359495,163.69345591472324
1359515,458.0860656394019
1359546,80.70752899374557
1359547,40.44255760785885
1359559,38.127530565144674
1359565,164.8624642839958
1359566,269.47195556604277
1359579,354.35198068629046
1359583,13.512765190679115
1359586,95.37648747858829
1359593,12.283143155011405
1359599,181.33926141315328
1359618,81.73847311200566
1359621,104.39994608598687
1359625,67.15635852712009
1359630,1049.9819582474834
1359636,687.7717601490259
1359640,2045.6295972491762
1359667,24.64127385669247
1359687,5.980109618575277
1359692,213.68194268156904
1359714,339.9154041175732
1359741,52.48292508496549
1359744,119.77701830405162
1359763,137.45116399252197
1359792,554.4644529679294
1359815,370.175092177865
1359818,5.224904089372611
1359835,153.95974243941703
1359856,103.63319843009182
1359875,412.1188446334961
1359888,46.19849454586772
1359903,61.931523242691306
1359908,437.6298505271241
1359919,436.6392617748648
1359932,116.7423025360911
1359946,226.24170960271312
1359951,317.8312554600672
1359954,69.49422745534046
1359966,79.2636275275923
1359971,264.6998183127791
1359976,90.31805064020824
1360006,28.344112200082627
1360008,279.8387851109078
1360028,269.90466978256455
1360039,24.533559788447306
1360048,8.867864838051803
1360054,204.8332069691633
1360068,77.6371084766208
1360072,185.22910307504014
1360123,1.3020709520623941e-05
1360145,96.41531364456863
1360174,24.18005737545062
1360248,24.600918571099957
1360251,1070.1397393261452
1360259,219.40812355466605
1360278,10.759241672234023
1360286,953.9391868139544
1360289,188.6364931936997
1360361,182.1382369859035
1360373,84.4418428948668
1360376,267.2576216631731
1360411,10.59007976026742
1360415,73.87067456541224
1360420,65.37030793142537
1360530,670.7327803198912
1360564,78.95628746994686
1360566,1082.9437665698053
1360589,180.11185271685142
1360628,38.23638310386984
1360630,160.27829404972783
1360663,31.01791055444673
1360701,16.222653643459992
1360725,285.3272695313118
1360746,231.56148439278414
1360747,708.673398216255
1360766,152.30994832371815
1360840,110.84175146494331
1360848,25.27429391800319
1360874,200.2215532774728
1360876,86.30326403788578
1360888,363.606808428924
1360889,428.50894602858335
1360908,15.706315212223979
1360946,166.49256212950073
1360973,73.31683668713178
1360974,91.7050352899253
1360988,845.5035560910939
1360992,43.68085774617845
1361024,244.5967041075886
1361035,21.502471966620824
1361060,65.68372744996255
1361061,132.73902801800264
1361083,177.24808104462252
1361085,131.16929469093412
1361089,91.14422049830414
1361099,42.62629063837632
1361124,39.585372751430874
1361159,24.478814912444278
1361172,54.88518753582099
1361178,439.46266368969793
1361200,64.79816832297868
1361205,695.9644755484111
1361224,213.04781933732127
1361255,24.397833931635148
1361280,623.1208636407265
1361294,17.33639440168499
1361296,157.5011479493737
1361332,43.51661550750242
1361334,73.52363292755541
1361358,81.84825938746073
1361399,35.633916959299306
1361416,426.46492682198397
1361418,191.27100065503936
1361421,79.04361163078441
1361501,949.0280417775563
1361514,367.7909560530499
1361549,1162.1383785928274
1361559,86.19195265029683
1361581,95.61164007066976
1361611,164.68440570455513
1361615,242.74665285675093
1361626,70.06427041876518
1361643,97.82899342956429
1361654,608.5245120286473
1361680,95.24009760411151
1361685,28.480143516458767
1361686,340.7269377254492
1361688,296.37004336831956
1361706,79.25509121801217
1361715,59.06134667685841
1361772,133.78644656873635
1361780,30.586646111078473
1361785,115.36127234057
1361789,103.60807620423152
1361791,30.121441680534417
1361792,344.2242953763151
1361824,514.1138742276
1361853,117.51281586598604
1361864,86.3546755248123
1361881,117.98405911952968
1361886,541.50714171916
1361892,36.636191698434985
1361907,559.414817494406
1361909,315.4778133039015
1361913,112.07717333180233
1361920,10.467007063719963
1361934,60.141092970278805
1361966,69.6855022159094
1361970,70.38901135226905
1361990,123.4715210072954
1362004,21.189983176492508
1362036,375.3148004050072
1362043,62.57748524594854
1362049,126.43042540379523
1362060,10.374167980778406
1362163,262.9648140023072
1362178,431.6535381239911
1362180,92.61633834379046
1362188,65.28315775149323
1362220,94.0987881924421
1362231,113.31527186376576
1362232,33.918157553649635
1362241,137.37381849197826
1362249,40.26915929607841
1362253,346.55632499856813
1362254,45.14578383096044
1362263,33.12716385756817
1362374,7.13584287008101
1362391,25.230818098475687
1362405,96.23772611544726
1362439,306.42230740015555
1362461,35.89580662014597
1362483,88.7394163763083
1362484,388.3306655484892
1362527,458.5828033454055
1362544,80.66890023211006
1362578,132.47149543303271
1362590,37.40695537195321
1362599,398.23866207395525
1362616,84.94566128640675
1362637,294.8687273145067
1362645,1006.4931521812966
1362659,121.37857329014331
1362663,30.29980470835661
1362664,150.7820770322427
1362696,377.0469529720744
1362697,170.18466265842787
1362739,175.2107939492129
1362746,41.195747850380485
1362773,81.57458906282417
1362777,268.7785526189416
1362799,67.67614284138871
1362812,544.5579238315258
1362834,122.70563363308611
1362836,77.65343187077016
1362840,100.9845157156142
1362845,35.50642677423188
1362852,75.33904423282812
1362854,87.04738208817224
1362855,19.897707626581184
1362892,23.69808759715896
1362909,436.855843644139
1362930,46.02880464538227
1362932,641.9622794823705
1362940,16.888557241141015
1362996,75.80235318131281
1363025,202.3866507708784
1363038,243.29543198265046
1363040,142.6392788717722
1363046,68.53018015766672
1363049,583.2339820297451
1363056,217.81189233368397
1363066,301.8977466292304
1363101,483.97507424552424
1363114,219.48592366733882
1363126,69.24552548296244
1363133,291.28138248487716
1363159,119.54306911592306
1363181,174.56291315791256
1363184,873.0848517498994
1363190,98.69751031954038
1363192,424.1341299087387
1363194,42.072895565505874
1363247,19.860310543986724
1363250,384.8669030408265
1363262,30.174938265709386
1363268,85.55096404679412
1363283,81.08096940932685
1363297,51.542325466797905
1363303,95.4208460016753
1363331,307.8934733773262
1363332,34.00811672433589
1363337,43.11367862989096
1363338,82.23198437993439
1363348,132.7435971411978
1363374,478.62773713134646
1363375,140.8532029970966
1363384,30.865333805891158
1363391,3.5540689960327665
1363403,49.96802462111963
1363426,107.07763524607523
1363447,522.5509976023552
1363457,12.620342916376451
1363459,2166.6443169961403
1363486,16.08014449789875
1363491,112.96909885381753
1363494,449.864097598756
1363498,54.05887497499894
1363499,27.35290428249274
1363596,42.87863385089168
1363599,955.6711613905726
1363630,111.11461077876116
1363648,90.87967477350949
1363658,40.165007837750736
1363668,34.10519671762568
1363671,217.5431225373753
1363674,47.732811933098745
1363682,492.74559074215773
1363689,408.7042637078241
1363690,54.552198716794095
1363716,21.21169917443222
1363746,110.28234562442236
1363750,174.9550948285609
1363760,51.88928827419782
1363773,418.8480521498242
1363781,40.17705560217885
1363784,192.46351284541032
1363790,26.742787442127646
1363817,393.5965466756606
1363824,26.300441419392726
1363829,1120.625349038336
1363852,121.86063780755521
1363863,53.15710907197832
1363865,123.78330550643425
1363870,415.3186748393211
1363871,114.24298744724247
1363882,351.9992213546402
1363888,401.00605179152956
1363905,84.96059655453288
1363943,39.376769195225194
1363954,21.912974283042068
1363975,173.7631358630672
1363984,179.72426143820775
1363989,127.50818290679689
1363993,241.6929121611914
1363995,273.9203607260062
1364001,863.9171095577028
1364017,222.00077192439804
1364029,221.8034912047067
1364032,485.9942148303222
1364047,15.451892037126102
1364052,125.6467788334933
1364079,250.63769328872047
1364127,249.6978319554368
1364131,2937.7374675327237
1364143,116.16594704817878
1364193,156.03971120392745
1364225,52.14082849368771
1364228,52.58962768007943
1364233,43.66255721660897
1364248,139.972398168626
1364257,29.44671363641864
1364266,107.21394130081941
1364328,102.15689599445295
1364329,180.033266964598
1364335,283.1138000486545
1364347,490.46921644861754
1364359,391.1192025402829
1364365,480.82192463419847
1364412,5.16620553871847
1364414,328.30810167655983
1364451,235.40635215773432
1364476,23.177381482929388
1364496,16.72324046593178
1364501,22.83510555628734
1364529,74.90523999041115
1364534,143.17795796422428
1364543,582.2713793322944
1364546,73.3922238897731
1364559,142.7861387274111
1364564,41.71081247507522
1364586,154.12406072108254
1364592,28.22907106611934
1364616,124.49227788619103
1364620,949.8705387177916
1364643,149.11992769370457
1364650,97.96740435989865
1364660,376.3742334840007
1364685,14.527525915798725
1364688,55.209114769991835
1364719,317.95649134631964
1364727,111.94213009545588
1364734,116.16331920436966
1364745,2.3430771091332727
1364760,102.66264807131537
1364763,51.955358805421575
1364764,242.93606030788115
1364771,337.57160763507767
1364772,202.8641019388831
1364788,44.03662832634846
1364798,105.97601916693914
1364816,125.2009876928552
1364823,253.43722844487968
1364840,38.38730565677906
1364844,304.7294246866539
1364865,270.2097080938641
1364866,187.6098529976308
1364881,114.96379636379449
1364896,252.00489369416817
1364909,7.913731347416592
1364913,111.85619164548211
1364916,201.00493248175607
1364919,1381.6661242157425
1364923,330.6007636151659
1364965,232.51057398845305
1364974,85.07415769755661
1365006,11.702219945412383
1365007,100.45366368601398
1365024,71.33235897990399
1365027,32.56477302288357
1365045,20.32735703775974
1365049,673.5207330221957
1365062,688.1208916369263
1365090,21.443892764705982
1365093,34.22005667146522
1365100,79.81643547308202
1365133,104.34852330489575
1365136,163.0239600439267
1365140,86.297480010698
1365154,94.718682705981
1365169,213.50150503296206
1365192,33.437023134581246
1365195,25.73994757614787
1365197,37.62248491849908
1365220,45.16734477328768
1365246,7.6966803621982525
1365258,29.72070697851347
1365266,29.598583951120695
1365276,44.740359230202316
1365294,67.56141600340992
1365299,1.9493408929243985
1365321,907.5303573394614
1365329,1081.3841407540842
1365341,151.32215574539478
1365356,897.1303666554404
1365373,387.56696009212476
1365395,340.02114294845745
1365428,112.03229273851309
1365452,43.54121828845188
1365486,53.43614683155634
1365491,111.40460852786433
1365501,103.20688336263116
1365509,85.91917292321064
1365522,84.08069263326573
1365529,156.73750121017284
1365578,66.74907107641829
1365592,180.0978436718576
1365619,414.1212334580372
1365636,1025.6746145009813
1365652,157.27744707904026
1365653,47.34531918706791
1365659,50.7367315036761
1365667,425.34650042688173
1365677,253.9587803919263
1365702,26.00821892833231
1365708,1003.5732345861953
1365715,11.008522870519977
1365726,67.53092964333561
1365750,58.70561543002227
1365771,373.6783932187534
1365824,88.47922612844623
1365830,164.11610835236561
1365843,177.620006696757
1365852,60.94479159174223
1365889,28.72670642780959
1365891,389.61700330408377
1365916,188.8225971144396
1365940,125.8088004659728
1365942,310.58629992078005
1365949,77.83202501935402
1365952,112.33635460620482
1365958,112.60818941463066
1365959,376.34444246829185
1365966,169.17819379192355
1365978,236.79597390310502
1366046,18.12815377230224
1366050,162.71152537476027
1366075,31.541990390351785
1366087,165.39929558490152
1366093,347.5944412657932
1366099,231.14957915346125
1366117,332.54583493517674
1366131,23.53035636528679
1366149,161.92801232612211
1366158,1001.2072460448394
1366177,141.98816114952496
1366195,155.0667512782326
1366207,76.21440857835817
1366211,109.82038385177964
1366224,14.598717715883899
1366226,16.175965779966845
1366235,59.19978926495599
1366276,47.66135017232036
1366322,758.9300196405043
1366353,91.34782449199258
1366358,68.95558561500633
1366360,38.892347080696176
1366366,107.23942626613673
1366403,98.49786992257297
1366410,22.630767197782152
1366421,538.766636357654
1366427,94.04635412233138
1366429,122.54194709524349
1366456,240.49406560064836
1366465,307.4106941435663
1366540,22.4540685489152
1366542,90.7952563654345
1366545,235.52165574624073
1366611,36.07224751933701
1366613,228.851482998997
1366614,93.5666985982349
1366617,104.6737116280625
1366625,461.7489454047509
1366645,61.222356132440204
1366678,550.051403710101
1366689,577.2176111852449
1366712,239.07924725219817
1366713,136.65816304108938
1366721,75.17226062138896
1366727,202.2410691043541
1366757,270.905355526365
1366766,19.27834454514331
1366778,1152.1990200919024
1366788,217.31900825599152
1366789,760.9236997879475
1366790,868.1100170168702
1366798,385.77048689034643
1366879,223.65543915836545
1366885,2390.5719911742285
1366903,164.26571329240454
1366938,91.32653358517517
1366942,140.45035829198943
1366948,21.124550140083592
1366962,243.54231694022752
1366988,941.5773036565092
1366995,68.201371674121
1367021,553.2158738490817
1367023,53.15903183437924
1367043,63.59021977057621
1367061,89.6498513656408
1367068,203.02093794719113
1367086,306.29219547144135
1367089,109.2756478385778
1367101,402.36497762124253
1367131,358.8346116153096
1367157,53.761136605871506
1367168,599.1959938943179
1367217,142.1594774176028
1367222,26.569665589377955
1367247,574.6008375438314
1367274,295.683114192086
1367333,36.82303190818121
1367340,197.0797049751157
1367348,72.5479424492109
1367373,185.0604500396055
1367408,115.15236214187188
1367431,43.07634788265705
1367438,122.42620484604805
1367486,10.026594853267575
1367529,448.55314091594886
1367532,244.66220125243962
1367571,400.85418349023206
1367579,1.0541753176312534
1367592,201.0764839216883
1367594,16.682591875431225
1367644,114.94966897967265
1367645,29.94655376193549
1367646,128.4711424422745
1367679,225.22690945645417
1367681,9.016462803065526
1367690,63.21157971548258
1367692,30.68219190050549
1367705,126.47356723183277
1367722,521.7480746382869
1367769,39.566992570214715
1367777,205.25550490510517
1367814,893.4599790973685
1367817,133.31227938546505
1367832,850.8320129081051
1367860,24.382331635623505
1367873,129.31038358127645
1367894,349.30296111669855
1367936,267.59683243716546
1367941,75.48857136429757
1367945,187.72937818345721
1367962,284.438802507812
1367986,104.04595282869177
1367988,684.8367886254633
1367996,40.97743124081748
1367997,104.1696922911039
1368027,36.71801772607768
1368030,169.1634912553442
1368058,447.8165974790984
1368073,41.67638833675838
1368104,36.432481702400736
1368119,134.68631294836453
1368146,187.0481283937106
1368162,288.35972032562984
1368165,203.807307506914
1368173,200.7739069195839
1368289,333.5399770360464
1368295,132.80805574841764
1368308,164.35278260821545
1368359,158.15172647678645
1368398,34.89074392239115
1368420,52.166127150213214
1368442,373.35937822769915
1368447,117.31217814045958
1368477,14.76216630543731
1368481,71.95277800793394
1368489,1009.2629092304336
1368507,218.03509372723175
1368515,114.14300661903158
1368535,253.4732435594148
1368544,31.153430092556682
1368546,105.63457889102396
1368555,47.58083049725226
1368559,351.5297355754057
1368561,182.54278582494487
1368563,239.0095298573176
1368564,141.10859603261486
1368565,411.1052530202829
1368579,18.68892947545849
1368598,175.26217749715966
1368612,67.4326519958274
1368624,67.48817073981516
1368660,62.26497323117688
1368664,263.9934532753565
1368689,102.76014109879617
1368710,50.683406861899684
1368711,110.1211956520473
1368715,334.0695051554714
1368716,140.41425352314394
1368739,45.839715051730145
1368745,33.61292477672718
1368778,166.73758358926273
1368785,7.153964004559915
1368795,119.34977727333776
1368796,14.815057949815122
1368801,429.30795523941265
1368817,45.62939244059008
1368824,350.9053316489288
1368829,14.013119739726765
1368837,265.99315239773193
1368841,701.8926411973343
1368853,56.280519475479934
1368872,15.407386106110982
1368908,33.16250739374743
1368918,147.2716078229691
1368923,193.2350596089892
1368925,72.64049385278528
1368949,200.238511810454
1368952,73.54932348801871
1368955,20.704010641205777
1368957,194.83424861297078
1368971,44.56994608864766
1368987,18.491806749645725
1369030,173.31680764811335
1369039,70.52626278490378
1369044,37.230168487431605
1369059,53.58768657093515
1369093,119.92387479394972
1369118,490.9095102545935
1369119,16.126478599451012
1369127,51.30609759566984
1369149,17.75542113734338
1369151,98.84322965489885
1369157,78.2944282202348
1369165,258.9292849433623
1369168,165.63045857346802
1369172,42.684512977544664
1369178,0.012946040111834645
1369188,301.94213242741125
1369208,115.86639025378187
1369209,175.60764511865509
1369219,4.944505899387596
1369233,1093.6883904154001
1369244,79.81658141032248
1369255,173.88050411953697
1369285,12.141688353233233
1369288,481.63041608191486
1369293,287.8985055848825
1369299,192.13977763061445
1369352,364.48700655610384
1369386,58.23479029617221
1369393,45.01788288097616
1369399,861.7368447231015
1369427,61.70556632399972
1369433,228.07292879830553
1369446,59.351318387132004
1369451,11.161198027010743
1369461,77.93814713092776
1369479,49.83169449149068
1369483,30.045854539437812
1369485,84.45183137464552
1369493,13.192824248077713
1369516,110.20964145144517
1369533,553.0845798893308
1369584,37.91536418450898
1369586,1041.6988941320465
1369620,10.391992160342532
1369644,109.57505781705058
1369678,99.92069639181263
1369685,73.27533805160627
1369700,22.123748529044306
1369718,179.67263631650897
1369726,112.78748916863255
1369730,456.7166653692302
1369746,358.5882229039907
1369768,17.112496222494947
1369804,32.30393237432388
1369820,40.61892853398794
1369843,348.8472928206012
1369846,126.30541343382697
1369859,36.16904360889371
1369894,100.26059040872585
1369916,40.11489411897665
1369939,1618.5445307790646
1369944,172.10296984316136
1369946,35.7013846978698
1369957,833.0955909704998
1369989,201.10662693798355
1369995,54.17263872134124
1370005,195.5479613923352
1370016,54.44998359178458
1370080,486.148661793749
1370085,82.05847984393793
1370089,38.27516265167887
1370092,121.31868450035222
1370097,101.62078826963472
1370105,174.96562268500438
1370120,72.03381472961017
1370125,257.89513872351966
1370126,151.3954329951154
1370140,21.75005811070663
1370143,378.66307812310697
1370147,391.1174737545583
1370150,51.180070978170285
1370181,297.8320113236245
1370183,171.07428511559186
1370186,1323.9442184667319
1370192,221.4662934902831
1370194,66.6240299675425
1370235,20.879747538613554
1370253,187.34022070350125
1370257,167.92635918922633
1370271,11.744921689899233
1370272,121.81355187666529
1370281,208.7388770154617
1370288,60.776563228430994
1370307,287.26656900762686
1370308,492.73115049053445
1370332,123.03382414518437
1370338,18.834483292956374
1370340,132.15473893663514
1370348,48.061117263744904
1370349,1163.6137914039368
1370363,60.10490801723038
1370401,275.4507344556121
1370405,37.42836001432415
1370409,41.03932398027751
1370443,106.76878894208659
1370445,134.09289878813206
1370466,189.90268418487065
1370470,36.16172878869985
1370497,10.941858029891282
1370522,122.52932320968443
1370526,89.61517034608782
1370531,156.00251519132948
1370534,28.134359983374516
1370541,226.6780013560472
1370543,159.71324651637434
1370612,404.41859618170133
1370620,121.11677157577084
1370622,176.3704925433774
1370636,122.80482724592507
1370665,133.72230341774585
1370689,67.37675774695907
1370718,21.74553107504733
1370737,295.0156266272145
1370764,286.6767463117086
1370785,947.0889487027104
1370827,220.5766911817416
1370833,109.10004945641981
1370845,109.77749523369512
1370849,224.2882498454234
1370856,20.55001861425293
1370913,124.09594048587515
1370933,376.6351561049158
1370963,82.22915218544627
1370968,19.287773817488095
1370973,160.94804060174823
1370975,85.13396703416666
1370978,392.5149546895868
1371009,38.53420369779385
1371024,194.6940056274469
1371034,150.08530292802337
1371044,123.51067057963112
1371064,444.7131292837197
1371072,134.8881292341525
1371081,71.94902341290718
1371085,71.77185774746236
1371087,121.50558819525857
1371092,469.4934427218017
1371096,210.34349661909565
1371099,163.7541821494841
1371110,31.07572309253719
1371113,32.680607015810295
1371135,494.65850678639083
1371163,61.4130337453612
1371198,63.29503174616279
1371269,125.98959374757219
1371275,39.32489393707604
1371280,74.34047618092482
1371287,20.807576950399042
1371303,1329.285043210688
1371309,125.49654916173188
1371311,547.3165800962993
1371347,110.61668452423773
1371361,251.87554600137952
1371386,230.11083835391995
1371419,475.3045483788574
1371428,60.07012673212896
1371429,1268.0638768420463
1371459,54.25021509013887
1371464,513.6597325763761
1371466,17.83153999402992
1371483,69.34028559614934
1371487,1320.6432674481512
1371494,147.81353097533227
1371505,600.7894511694199
1371511,360.5206922999555
1371558,37.57010956954916
1371595,225.57580986692705
1371599,80.11205189881503
1371620,200.91044143195944
1371644,265.19978122718146
1371677,135.0800840019199
1371692,543.6420108797354
1371702,81.66493957893809
1371703,40.61030326346923
1371746,40.60546271165787
1371779,30.291743920070125
1371785,54.09159663991699
1371786,70.9580973645041
1371814,14.5929729270163
1371818,20.906324174940828
1371825,125.16248082270883
1371858,107.63796290667004
1371893,115.00973270038929
1371908,129.12805474517333
1371943,358.97107496864857
1371967,181.22556611184837
1372023,96.62902570291536
1372047,426.9283122036251
1372056,53.010372922302054
1372061,243.5412424343247
1372105,128.69155107631207
1372115,205.8235613027862
1372137,85.15495028515983
1372144,189.43860019946638
1372175,228.9807137022088
1372237,288.0378230994779
1372244,38.76965776419333
1372264,648.7208272932521
1372355,336.3612813917507
1372362,59.4378187781174
1372396,544.0808752768046
1372407,48.26908338110083
1372445,93.00379804672457
1372452,49.71844685836445
1372471,146.4876688051147
1372516,206.29609918184192
1372525,320.5460976909053
1372533,71.97352287359037
1372544,190.39915553123788
1372560,147.8725224197551
1372564,308.71215499961875
1372618,27.521125001830303
1372636,92.29704383511991
1372645,362.7046433300318
1372659,876.1542682555108
1372662,143.36672317284646
1372710,14.378072230750746
1372716,35.565564671563976
1372739,26.30226984039057
1372749,0.0
1372751,114.91376307175561
1372762,31.224238264873254
1372767,139.64207839086438
1372817,41.46459803392673
1372825,75.56369623730372
1372827,19.04845034337593
1372842,12.085526788014736
1372850,228.4435871280149
1372888,71.64861017410334
1372892,107.62452543507452
1372911,9.297911655654637
1372927,66.3037910707363
1372928,1067.3588389702732
1372949,85.87491451808387
1372954,459.9308175751418
1372959,367.4196088281969
1372964,915.5562681026272
1372965,29.605764265789052
1372970,279.26006673451514
1372971,38.92201875671986
1372987,512.2265032222374
1372989,130.51352831216897
1372995,47.47319294721062
1373011,127.55046174778644
1373036,1173.8375047107306
1373037,105.06723602792447
1373044,274.38745617321223
1373049,145.95965617837996
1373055,96.60763067697282
1373073,34.351485328244266
1373086,19.33447917906517
1373130,1043.9060159018743
1373136,53.952958581973654
1373162,89.94525661491404
1373185,111.97887314223345
1373197,16.32379450525966
1373220,734.4565228449661
1373243,520.7101209676274
1373247,30.345841783411434
1373254,62.15602968833966
1373267,118.27685493395991
1373268,48.60695725662046
1373275,27.74757317166872
1373298,777.3885760325065
1373312,178.1541758920715
1373315,17.137083159744094
1373316,183.89863649819023
1373331,101.0728341676972
1373369,1620.2419575047313
1373382,455.71602839985025
1373391,113.41168153451515
1373401,27.659530821930776
1373404,67.15564812756975
1373418,80.8585838424641
1373420,25.92314277989751
1373422,279.6196936654217
1373444,57.405978992210095
1373446,218.60392538309685
1373463,1870.78746224537
1373500,152.70670757515853
1373505,42.23786271795543
1373522,112.80178814396517
1373525,233.16955339863532
1373526,238.60994139454007
1373548,1.304080926470576
1373558,178.4215809971614
1373589,54.058504076436584
1373602,143.04348963700664
1373619,78.74194163424926
1373622,348.491657343904
1373635,47.50510083464617
1373638,563.066802027119
1373666,535.021874526648
1373670,127.27240095787482
1373676,26.767992486641
1373733,126.43787536120051
1373742,135.88574159030833
1373757,66.19160636793342
1373759,141.61388751762013
1373773,50.386817695342295
1373810,10.648528881908666
1373822,419.32265432918837
1373829,609.7090977781389
1373833,73.96600906523162
1373847,20.620006424052704
1373867,12.330381596201859
1373869,129.19412064040193
1373882,125.12009505176603
1373961,43.31948484035963
1373978,64.35858014107365
1373998,1039.8073446919896
1374002,746.2418278261297
1374006,47.711037887453614
1374023,250.50333909888522
1374026,34.92068571865807
1374036,17.087988741234373
1374038,100.11602774050736
1374063,56.2188037293256
1374065,416.2772193692787
1374077,220.3257319967964
1374089,383.77880194599186
1374092,90.44306058957292
1374095,298.22318795291585
1374100,72.636915207761
1374106,40.668647159217954
1374108,17.631437688519423
1374112,79.67010175035536
1374145,587.1106070436805
1374160,128.11107538546364
1374168,56.289407729679674
1374169,26.457341032035714
1374174,304.9153482892741
1374185,22.71100933747735
1374187,275.8023719616409
1374201,110.91977128767576
1374234,107.85525618047684
1374260,668.1003057692191
1374299,0.09100531290570628
1374335,421.9185254558144
1374360,152.241793326591
1374367,25.42743374226137
1374399,29.23062023375231
1374416,14.447195918730783
1374425,31.394262745539226
1374452,281.6217159990251
1374456,159.47062484785505
1374485,39.224554140567456
1374497,0.5825181003390583
1374498,172.39590097534224
1374518,61.51780242043137
1374528,117.7345755437701
1374566,95.17023233296966
1374574,41.163727079862895
1374582,202.86130801504714
1374584,113.34395649003581
1374612,14.445828559820855
1374626,91.39130021035233
1374634,52.029660680506495
1374639,170.587159272452
1374651,120.36711287369674
1374690,1234.9504568863665
1374704,117.29787939025279
1374717,19.78134033797729
1374721,0.0
1374733,247.09444263363974
1374738,48.57497733532171
1374742,196.4508466188866
1374767,308.65449678258466
1374782,90.78296831626199
1374798,111.54527788717792
1374875,424.3132723399248
1374880,27.50130521033335
1374892,307.4785529773961
1374893,72.07937202861993
1374913,135.68067347509498
1374924,301.6571558953769
1374934,128.45661530139924
1374959,86.91851271731468
1374992,60.20443416181866
1375025,125.38320789241479
1375031,1006.7751390022796
1375038,35.33567832398604
1375055,27.356388163490962
1375107,1355.9494805912911
1375108,86.12887606899632
1375120,23.639207002415812
1375131,19.5416725376062
1375132,164.3097701485784
1375138,9.429214673330483
1375139,54.985287155016344
1375145,1175.7518085444326
1375200,325.76665197110333
1375215,64.325071866749
1375220,40.80430039170915
1375223,84.79327189979726
1375236,64.057840001298
1375237,10.595896067697774
1375249,54.69326113311942
1375272,34.37673025634221
1375305,27.635665754293083
1375319,195.4406233296331
1375324,30.73190003153629
1375347,355.6291784263978
1375355,46.88612837721829
1375368,143.63274013514524
1375422,25.134153505688694
1375428,573.6735985706771
1375433,21.975933694822984
1375467,531.7036338924981
1375495,166.21242443159588
1375519,18.960629006438122
1375526,173.56964582423294
1375533,199.0332800214287
1375547,25.88872613284134
1375565,57.48009509795214
1375569,314.07365443212933
1375571,393.7713547427679
1375589,44.07902528256385
1375598,2182.117192933841
1375615,311.3137740933453
1375660,85.6811031960343
1375670,236.0478529529663
1375688,74.94329922119871
1375700,186.3497781988719
1375702,24.163476827793932
1375719,18.804654431976346
1375730,244.28939246032397
1375741,251.83592658528832
1375742,315.1020223083187
1375781,143.24958818272574
1375783,287.8442101503033
1375806,81.20376834434585
1375821,79.94547257998397
1375882,445.8248409908816
1375901,38.31352928758292
1375917,1086.5425853016666
1375965,201.01203172138327
1375968,18.452578106990124
1375995,38.90879331089033
1376033,178.4660606563599
1376035,471.8299959436353
1376094,1458.9211292560262
1376099,82.14724251017414
1376105,405.49615775736794
1376120,436.5601951707137
1376126,29.761483655680216
1376133,72.80231389181617
1376159,51.42393715876581
1376166,34.972046755815946
1376192,69.44296883850451
1376197,49.73435489610318
1376221,77.09954266793329
1376226,187.23452265931962
1376229,281.3682022426426
1376260,152.15527665281192
1376274,184.46111997958573
1376287,240.1809028730137
1376318,36.29834723765983
1376322,140.63494364953823
1376356,251.1089787036429
1376392,253.06547755137137
1376393,444.08070941110486
1376394,1433.3079880070516
1376399,11.295975579001702
1376423,53.801456259600435
1376447,264.83008388381467
1376448,3035.9755020282087
1376454,190.38032833771612
1376464,72.63719907089292
1376468,78.68902509018967
1376495,37.33703784439247
1376509,1323.9032640193807
1376514,10.501699322694343
1376519,233.97082755440502
1376522,13.618169740909295
1376540,44.70425867957396
1376542,96.72701259536518
1376592,226.12151401726052
1376616,15.36557138982767
1376618,144.20742803423013
1376640,128.74203546590564
1376645,42.45747119262942
1376664,37.517382427479234
1376692,160.16058323016452
1376712,35.42581865599497
1376725,526.0823834223402
1376737,114.21786056150555
1376744,496.31164064820194
1376750,109.52822403468615
1376752,308.03409900772317
1376770,74.22454659397154
1376813,233.65434949631003
1376822,555.5023946587237
1376824,21.193011531291663
1376825,83.93724484680764
1376854,84.03595271453092
1376856,390.70953613491326
1376882,37.55218836798466
1376888,79.06553830690684
1376906,44.241763737077676
1376912,51.58162750818031
1376960,37.195777625111035
1376997,119.82581983456703
1377021,21.671927094188955
1377031,37.887962107326345
1377051,194.06787311599112
1377098,58.88386855052963
1377111,54.44623193244659
1377131,154.84160629691164
1377134,226.84825213877426
1377140,359.9985999211341
1377152,26.229418777756102
1377155,36.3629532323362
1377169,278.9057190804195
1377191,102.5594145378575
1377213,43.01362249456642
1377246,119.03916569994037
1377256,18.71304881363463
1377265,23.93322259880745
1377282,66.19247550725551
1377286,56.742423736421216
1377293,152.48243777813425
1377302,121.69513496990437
1377332,549.7531985523844
1377335,183.50504239351335
1377389,21.91743683201126
1377409,180.55752895209955
1377423,365.87791639497044
1377436,119.32304908867668
1377442,563.6897590425918
1377459,20.674698149329522
1377468,65.15627494087023
1377489,88.81034772170663
1377502,25.690441072983617
1377517,56.623688440065536
1377519,2024.782691898027
1377521,232.23904634220963
1377570,1030.6206498796407
1377594,185.93807964955369
1377609,63.84400857891633
1377611,896.5258938969976
1377616,13.151126848851545
1377631,140.189507753495
1377670,322.2991794626555
1377695,1021.0969256457596
1377696,186.60275198866017
1377697,53.74115801905252
1377719,31.260928846813737
1377724,925.4048317872391
1377731,21.603317092687522
1377760,6.254507078649369
1377778,363.44457315787264
1377782,539.7017228618896
1377809,158.26325918913892
1377853,209.64537598630406
1377865,151.57901236857487
1377872,82.03164550983566
1377892,925.8790406606978
1377936,183.54764240574988
1377941,190.27331865262784
1377962,300.0834614534002
1377965,148.19746333329192
1377968,615.2685100724108
1377975,111.06140648782873
1377977,207.24135561311934
1377992,136.574055051231
1378005,6.619393865372498
1378037,22.997100994657604
1378051,229.62817017429373
1378063,62.77308464249988
1378089,52.87663808732214
1378097,174.8005113431691
1378115,13.428127775172898
1378120,61.47062456415173
1378136,316.5732904762061
1378157,82.35198118567828
1378160,472.97983101873314
1378172,379.4942076900347
1378174,258.45282934356715
1378187,64.18733683800681
1378200,26.464090028802172
1378218,179.14022824853862
1378231,292.2225396386965
1378286,600.2269157191628
1378297,107.48542884924014
1378323,277.108799366283
1378330,79.06597128435776
1378332,26.04247041975798
1378334,294.7531098700478
1378346,887.0774557671807
1378355,165.40774222072335
1378361,116.40296451094605
1378385,31.009826273852756
1378391,25.464565423276724
1378401,83.5571108550976
1378417,34.88602658992729
1378441,335.5291862243501
1378449,22.231581110819217
1378453,321.446488712824
1378461,75.77804994932416
1378475,123.9171141100327
1378503,172.41382026803066
1378506,184.3909816378084
1378510,45.26902745784839
1378521,127.57405735283628
1378544,109.62104930269716
1378564,41.26167963922215
1378577,74.92019596444231
1378578,20.029956431161587
1378592,46.5389887414615
1378609,30.62797337971674
1378610,13.449978974490385
1378647,284.75540588835634
1378698,181.98180451199946
1378709,57.84437194465832
1378735,39.850896633182806
1378787,0.0
1378795,95.52345147822747
1378815,156.82935485078167
1378832,112.3543964329485
1378838,588.4135790290679
1378850,623.4718859321143
1378869,304.00084491351646
1378876,28.669989115706397
1378898,36.11626893807922
1378906,77.27822502521018
1378907,424.79222243192476
1378911,20.580593991140972
1378973,30.739560390128464
1378974,699.1998316747604
1379033,78.81446472772238
1379038,5.766906350239228
1379054,375.7519807503734
1379056,288.4215836594136
1379067,198.24058125560754
1379099,22.351952592313964
1379112,70.89421651985154
1379128,224.41506594394363
1379139,184.008051646888
1379147,29.68270124171264
1379192,46.630166552346324
1379221,255.31369085241153
1379280,109.48733431865047
1379284,56.78360523101248
1379297,187.98106853082953
1379305,53.1379337347157
1379341,105.07143442915674
1379360,87.5272585870881
1379372,49.85255536338348
1379374,21.717256258782847
1379400,507.9614664969076
1379420,0.475864991368941
1379435,16.508692622229024
1379437,38.27218166298958
1379462,522.7695430815883
1379504,105.66348520690522
1379516,53.99023271475134
1379530,104.32824241518287
1379552,49.88464286850504
1379556,481.3767867323858
1379557,24.45458664860326
1379561,126.23240971569506
1379585,381.99345731633196
1379599,197.62119909071862
1379600,23.67281338159367
1379605,1259.5541415368248
1379614,339.26732661069667
1379618,319.79768229114694
1379639,118.08875943520879
1379641,125.27220828596336
1379642,204.59944603496348
1379654,316.05098950256087
1379662,279.353826087157
1379685,1514.1249571085668
1379696,116.52429016241103
1379698,19.45110401762494
1379701,242.7243690183601
1379716,319.70163762453393
1379722,33.74809134428089
1379760,88.4762944665065
1379768,107.6965701224516
1379819,69.19001102555997
1379826,248.8938740067301
1379838,398.21512781021977
1379869,548.5392737274914
1379872,192.6460571555958
1379887,89.71362694027167
1379891,550.8321150891477
1379904,85.95784165209045
1379917,238.7435173918558
1379933,361.334504824501
1379939,11.313736832596394
1379965,209.3028066874275
1379975,136.6055300432157
1379979,558.972221911176
1379980,275.79760434468125
1379985,216.04457477056988
1380027,102.21320252032977
1380028,34.77000862175567
1380035,62.523420607732604
1380047,114.96196657471386
1380060,66.13381146125118
1380095,536.334710674049
1380138,132.29153289628385
1380157,22.071958724030473
1380163,115.1415944151544
1380214,143.00107512226188
1380215,62.463346565119174
1380226,261.16191698284354
1380277,7.51694989871373
1380337,79.49862914976224
1380357,216.3674838305585
1380376,78.92357445658821
1380381,65.08106623719027
1380388,12.061982954335605
1380398,276.32017907645354
1380448,169.76004308629095
1380450,27.676856574860583
1380455,607.8808817914617
1380508,25.61080981293867
1380531,97.1631672637952
1380580,66.40703110229123
1380584,25.48362043836595
1380607,202.17118067813314
1380619,127.99359988670281
1380652,49.880598177365634
1380683,1027.6856334463766
1380718,454.78906282391716
1380749,204.9485284640143
1380755,51.03917818360482
1380785,117.55273970609878
1380842,54.38617579924142
1380847,115.55245156791075
1380861,16.708331291022198
1380871,13.093333478703157
1380882,220.46660156933413
1380883,299.9984258459072
1380886,90.92318936150217
1380921,17.10070658303646
1380922,47.41268911863768
1380927,64.0629188321835
1380942,36.141095785015
1380958,141.36301476496175
1380981,55.576993750020186
1380987,12.076137834932213
1381017,140.69951573470541
1381030,139.0081613177751
1381034,18.874914197453695
1381048,126.22324341321868
1381063,290.41232377387547
1381072,22.893275559601133
1381116,162.6776166655496
1381124,257.33599900317915
1381175,95.8556364817357
1381179,352.2121499424425
1381202,65.99158393432603
1381205,16.257362501578555
1381232,48.47438516419482
1381272,2455.6943906571905
1381275,29.181597858571724
1381318,30.161741289065848
1381322,287.3524091135059
1381323,12.45399195276316
1381332,39.087620764344095
1381340,45.89641375043554
1381352,641.0991071418736
1381358,180.8874143630379
1381379,45.12063040873897
1381389,480.6490233829633
1381422,36.53656383492088
1381427,28.153960057885
1381446,522.2170163732239
1381447,257.6314640360046
1381451,27.49400672159805
1381463,390.50770673907726
1381479,79.73881760465567
1381518,12.396770977454793
1381527,155.73886495285663
1381530,128.28190989532928
1381531,515.5879034415153
1381535,785.7099785166648
1381586,1628.8607329553313
1381624,127.07382998080615
1381638,16.654429263443003
1381660,30.75431278603295
1381677,373.1821651470721
1381705,90.71920093449587
1381709,68.45416249833137
1381724,139.2676729050524
1381727,19.840850761170064
1381756,465.021729566905
1381766,182.67300056507707
1381768,95.21994165214024
1381777,26.37690885678374
1381779,152.52296026958237
1381797,369.6465535645256
1381859,19.124891819406557
1381871,237.25545790582962
1381878,107.17232061938121
1381909,533.7862284764134
1381929,182.22824602205077
1381948,418.08479619069607
1381963,69.64330131502965
1381996,136.94363912390943
1382021,82.0142702607778
1382023,26.299961213825018
1382069,586.2793267680865
1382081,115.73086958986912
1382085,215.50613287732693
1382126,31.636691311597435
1382148,682.6121639649585
1382153,33.49057876940047
1382156,319.6568491805754
1382163,37.65632436047574
1382200,30.250705100589308
1382211,21.67577476756944
1382213,45.020557518340354
1382259,15.296149224480166
1382323,298.4014209322294
1382330,112.64939594946036
1382389,269.6593179801396
1382408,50.81503291037325
1382421,292.7357939443153
1382425,155.74605773571113
1382460,1685.7594050915714
1382469,330.34296047087406
1382490,15.371221911875722
1382522,438.8114649704377
1382544,379.2233835876855
1382552,150.87918192445284
1382591,412.43646443404543
1382621,286.5819132411543
1382624,48.17585147361398
1382652,132.46244364553843
1382675,239.90191710111242
1382684,128.06901253739437
1382755,288.698502902576
1382786,72.30810457880432
1382800,123.25392496782854
1382830,67.87935096760049
1382848,132.65504557182962
1382855,452.7881042505694
1382856,24.599659312793285
1382875,295.78814693385146
1382879,253.3228735476796
1382910,95.16237959821717
1382915,18.981469513181096
1382956,35.37966849400978
1382964,126.81864782594566
1382979,224.71588430126718
1382993,112.91003260736014
1383002,0.0
1383028,161.00377219802172
1383125,84.68111404527197
1383133,93.31240980890539
1383149,234.55102592672276
1383155,12.238235038494764
1383158,32.866065595562574
1383176,129.53253686517996
1383194,19.732248191293046
1383207,362.5648870116435
1383239,47.86108763947402
1383245,126.0980241923765
1383271,19.61026465885669
1383287,6.843143791849824
1383303,172.644601119441
1383333,52.289945379958894
1383338,93.57724686028217
1383355,252.18521075523878
1383376,77.05160550604606
1383378,1282.426062694264
1383381,14.975769937147444
1383383,139.45535075132545
1383402,31.196548531771455
1383428,55.95874695051205
1383441,928.1155192083065
1383467,895.3382671590924
1383471,85.4535596520101
1383474,214.78985257991792
1383481,295.28522825735837
1383483,142.82129348555173
1383490,97.3439527733804
1383497,104.74025106543567
1383499,42.69646077426845
1383510,56.39579200067957
1383534,127.31850777864081
1383574,111.5394391354137
1383578,225.58452085064067
1383592,72.58006295816517
1383625,215.36654771986295
1383628,23.306465759603277
1383644,419.891922447745
1383646,133.17489681844097
1383672,195.96174639486637
1383693,62.85502454561501
1383696,230.70506410235097
1383706,124.46363023735312
1383719,217.95063924560438
1383733,2.04917750724371
1383758,29.501768908828897
1383782,98.92302185583641
1383790,105.07283749100723
1383816,968.3088840076725
1383829,90.18929458696769
1383858,9.436778926405823
1383868,179.8764131735245
1383879,127.3595708546644
1383885,12.912183992856049
1383887,140.33029646717537
1383898,189.41794815525327
1383931,63.43249949677544
1383969,213.25021822484746
1383977,1138.862873601424
1384034,117.70741080196794
1384048,57.08712956054616
1384055,23.673216923588463
1384056,317.00877182498834
1384107,352.09826270156833
1384129,837.4551481700553
1384132,12.978472898017296
1384166,187.40651310082166
1384170,20.561778817791737
1384173,11.205797626050112
1384196,24.84195852513736
1384202,228.87236301916488
1384255,18.86865885086942
1384266,33.86348547534071
1384273,899.8651809852904
1384303,306.2994580916557
1384325,25.251162828208233
1384332,20.55312561331627
1384345,185.0402811101208
1384377,588.2569903678973
1384396,31.69033275523336
1384407,88.6976263254772
1384496,133.98447488483015
1384499,315.73729782044865
1384503,27.921564429936353
1384513,392.6536185652251
1384543,869.2503438254656
1384559,40.751293222284914
1384588,173.0255597584128
1384611,199.5905826026535
1384634,70.21826308244768
1384661,95.57168420562148
1384680,204.3683301840107
1384693,60.970008544099215
1384720,188.42302077731287
1384721,100.8320314754698
1384724,98.22361213848319
1384763,368.0750836799782
1384764,351.3310797294978
1384829,36.433266376232176
1384833,136.43761254428685
1384836,94.96115005880979
1384843,23.821067422618786
1384852,20.45225762219057
1384865,233.10817061868076
1384889,78.31248178096028
1384893,269.6097744384699
1384906,13.269294206106851
1384912,0.2253900901113942
1384942,502.9814884827608
1384949,97.82127265973169
1384956,86.50240458787401
1384957,43.151584137091625
1384967,263.79336263633087
1384974,143.6579117923506
1385060,25.13834214871896
1385087,35.06212860405513
1385089,110.44787310177594
1385096,284.71471594176074
1385103,43.053235955825635
1385171,7.966687467262326
1385189,1189.538009888548
1385200,170.02901332323296
1385303,245.26339492057727
1385315,21.904676890392288
1385320,429.2988604047227
1385322,27.16142218330696
1385333,651.2636947625421
1385344,94.3659980716251
1385345,356.023325942917
1385350,922.3787862162051
1385359,172.970865223678
1385364,919.2416859064001
1385412,94.00961673303199
1385419,185.07728871233985
1385420,273.4884217784185
1385434,70.29663653867557
1385475,151.5707973896517
1385476,706.3122910583751
1385485,410.8880550734776
1385517,37.00296200785331
1385522,521.6933917320057
1385541,381.0226458056464
1385548,656.9489599553488
1385551,65.42150764492956
1385563,111.65383514359729
1385567,25.67057738070993
1385580,30.287620106597494
1385596,27.311482751211873
1385630,213.07592353238277
1385647,145.90917904349902
1385699,477.9859092292708
1385751,160.58470284839527
1385752,192.92349882872904
1385760,309.5352983077947
1385784,87.73782750344496
1385803,253.92229381903726
1385807,82.94398932174754
1385813,68.42479598312495
1385854,196.28324831533814
1385875,32.57345353579131
1385886,540.9798371508464
1385890,41.37094553002541
1385952,97.874738679511
1385955,32.90027862823249
1385976,47.4971252826741
1385981,133.8045923873323
1385985,280.64771203144784
1385999,137.91298036272806
1386008,56.746979548754105
1386011,48.69562538874033
1386015,454.1619926544041
1386036,404.0318928144974
1386090,34.80177936199572
1386092,93.81183363910966
1386107,28.25594883637213
1386117,1442.2126283649425
1386138,10.806785169560152
1386147,56.599267549449905
1386178,100.18387185044551
1386232,232.4928316695471
1386250,204.64848163949677
1386255,393.7017819315564
1386312,95.31816576399999
1386342,98.95260137591863
1386365,168.4830716566663
1386370,48.68402363380812
1386393,422.1102837042288
1386397,206.92296138258257
1386434,1130.5045641859274
1386496,46.35015612193423
1386562,240.49315098570784
1386568,26.92904895696586
1386579,222.97271196629245
1386594,123.14083364449412
1386627,1339.689265176563
1386650,2678.258672426586
1386654,182.67869069717767
1386673,143.2029110499395
1386676,656.648020983103
1386679,177.70212509447305
1386706,1.2238886429670885
1386710,14.193330699451533
1386720,50.97969839017905
1386731,228.29395194071634
1386732,118.5638417909787
1386744,377.191590989349
1386755,420.6839531762654
1386771,31.728286206517467
1386779,113.33469797907178
1386785,37.468861619277654
1386787,441.7135675567196
1386797,178.90589121269704
1386801,129.6361536276441
1386804,1196.1163741777123
1386805,212.26600498692144
1386811,86.84861027237838
1386814,136.20436798780136
1386823,48.31769178454601
1386829,30.34517008204924
1386843,90.57697809840688
1386849,101.60141511792024
1386866,482.09808736387845
1386877,303.2925988201164
1386889,621.4907415264089
1386895,9.864061171079644
1386899,720.3623505416833
1386900,302.72959139588875
1386934,16.44485629377856
1386947,170.1219241061577
1386951,44.40627423181237
1386957,413.31965203277923
1386971,76.07062352874256
1386974,41.72507747564601
1386984,333.4019783857837
1386993,190.15413685545522
1386995,437.0548125680135
1387003,7.517107535696105
1387016,339.4204876499664
1387028,864.4409001760932
1387039,69.61607102330068
1387050,164.08944914815515
1387077,136.54349821152826
1387118,198.47663863969694
1387120,107.1960018357857
1387134,17.29967075207393
1387143,347.4681513086146
1387153,23.719886361111826
1387167,22.457236027332787
1387179,591.8880286865116
1387218,19.377273739668254
1387232,282.00774267945644
1387243,30.0562480915621
1387250,54.26087470809958
1387257,133.33422514008612
1387274,45.79964453314348
1387275,108.98989001653919
1387281,61.43028546150661
1387284,138.80902057625192
1387338,381.0849995538167
1387344,318.8467420650465
1387352,124.59575372058936
1387365,516.1674887073368
1387414,1630.2876942909497
1387433,165.92746534447332
1387450,135.0176980727885
1387452,168.71115764270283
1387465,476.99124419562395
1387470,197.86108323333536
1387510,812.6239538152176
1387532,214.59728136877447
1387533,166.09390521973884
1387572,70.16265582309175
1387575,141.3459784733097
1387604,386.5388688669665
1387628,89.38961917318417
1387632,116.99943439107719
1387633,335.04799776486567
1387655,6.140909712498099
1387664,19.419342534225557
1387667,93.36329395459933
1387675,257.2586743232958
1387685,32.169570632433874
1387698,30.665008795729193
1387699,282.51236979459566
1387722,61.510569454893464
1387808,191.84788201321985
1387823,10.73196425645086
1387833,532.8028078920524
1387837,98.36282454740326
1387841,51.96203945090471
1387862,1.3940318928609043
1387877,104.16155758189832
1387886,395.81173191783904
1387906,338.8506039392575
1387910,48.67640667128055
1387920,524.403549580308
1387934,53.62426934194113
1387939,277.9238941225621
1387955,11.73569432261253
1387977,365.89573402318894
1387983,134.10260653466713
1387986,41.174148612191054
1387994,109.33030712867726
1388114,505.6923396901998
1388157,216.73842480106
1388225,179.5586173044361
1388227,35.648543437807554
1388229,0.12393997285450352
1388240,17.110168948299194
1388259,105.49595323107663
1388270,509.76260502889795
1388278,59.417693208949274
1388295,85.03846299356447
1388306,531.4669504152398
1388334,390.8594487212899
1388369,176.0142008223871
1388371,77.55505434002538
1388384,176.05537896766597
1388386,108.89673526504797
1388450,268.51759346586306
1388456,533.665063129695
1388481,176.9160437836496
1388536,260.83218385215224
1388554,104.99149465996697
1388566,101.05625667904164
1388600,89.82008562133446
1388606,28.538139602810595
1388607,25.110370211608593
1388615,541.0713935633192
1388619,401.0729208024375
1388620,161.71072689078798
1388621,47.976998478288095
1388642,164.968820327677
1388656,534.9551701193182
1388663,37.43202643349373
1388671,161.14634560572645
1388676,176.40330990999934
1388692,14.453121760174708
1388700,392.3905910910981
1388704,733.0365110270016
1388713,200.14808804952222
1388725,32.16754873009067
1388739,331.9414595512451
1388757,63.822672727824646
1388765,735.272119380479
1388767,116.55159162628169
1388769,421.48178962708397
1388783,44.737227804834404
1388818,55.49365411744354
1388838,224.2211785217851
1388842,191.933804193348
1388858,58.47330652304937
1388877,164.15394257145275
1388897,281.07943914206294
1388909,752.679863841819
1388915,209.099521412549
1388951,53.290765302562
1388970,43.37611380537134
1388974,1290.0175442188824
1388976,101.41116196042995
1388982,320.4430153894611
1388988,150.6568492089815
1389024,19.89361951631777
1389027,529.7060549831926
1389049,101.88764791666615
1389070,34.874682482866326
1389072,39.90724179797499
1389077,76.68875916157857
1389080,29.21184467310339
1389098,43.9662690890748
1389102,348.894690902227
1389109,112.1729603886557
1389117,148.26202827208658
1389119,78.8419955427455
1389125,7.186824377049876
1389126,231.39198332461467
1389163,544.9843827974715
1389176,31.112929367035086
1389191,76.73762157112333
1389206,228.9059462925594
1389218,187.76065534790413
1389242,194.60184204687062
1389248,115.2047598873258
1389254,231.5494087553324
1389266,621.7591340526249
1389275,246.42883448598147
1389300,18.506675062795875
1389329,159.28520577676505
1389377,196.37501470847118
1389391,54.034746765226
1389405,122.27569721158478
1389418,0.15854806731378646
1389451,49.96113554105837
1389483,201.0664271979113
1389486,139.391207074315
1389512,17.27782884303179
1389523,80.02941138122424
1389536,77.95332332837323
1389546,48.57322687775741
1389557,0.7369624551342825
1389581,321.4208338926527
1389582,28.950775670083317
1389584,74.90359969444174
1389595,178.11081942762328
1389608,117.38448611552911
1389643,47.04607651973951
1389659,185.180892764807
1389663,33.75555243136791
1389672,117.85641974369011
1389677,159.9842674603737
1389720,36.213033671597984
1389759,761.5323535173151
1389761,141.56784268549782
1389781,49.0877393541004
1389785,145.41070231649564
1389801,48.2788460200737
1389806,164.22414537319435
1389854,7.326297047220596
1389878,14.541413731281956
1389884,94.70997424690741
1389891,69.58211721518376
1389901,471.15457930260254
1389913,408.7621000751179
1389919,97.05038478536191
1389923,94.6285185464729
1389945,166.5939578855451
1389983,140.5468781680266
1389985,438.68710829330246
1389987,503.31766032883996
1389988,21.8616886248176
1390004,323.4397377114456
1390007,273.32539397019804
1390060,140.254163201085
1390076,92.5591231338214
1390101,27.930357792575148
1390104,418.5648474675115
1390106,126.07646930600772
1390124,113.5677168473095
1390131,24.83418476239599
1390132,185.945327823944
1390157,1572.9129880776266
1390158,67.67973832716089
1390178,2076.1327076819616
1390190,101.26012794316797
1390196,4.041159010344494
1390206,156.47111599971748
1390209,17.054875534624035
1390256,51.549104782859864
1390263,42.35867887119224
1390275,304.69388097421245
1390277,146.36732331472444
1390310,26.266702853739123
1390345,34.46056976892456
1390394,556.328809312304
1390410,1530.8843653424904
1390416,116.55619700319504
1390427,192.91232134398157
1390444,50.92344638527619
1390449,164.6221985147395
1390452,336.57137046509524
1390565,561.6454275239385
1390579,356.81771036470957
1390581,139.37964505564028
1390594,48.98472675610196
1390606,184.74416055733366
1390628,240.2293902038532
1390650,244.1389654122766
1390665,595.6311110582254
1390667,296.0795750399235
1390673,345.0326004337432
1390694,27.293137963333606
1390700,136.7243261524432
1390714,56.637842913727965
1390732,118.34780330720314
1390749,128.9714439210592
1390757,158.32878926694994
1390781,234.8889258296288
1390783,2174.878867450827
1390803,32.32377130739724
1390805,112.0096295728186
1390807,125.99947875971041
1390829,284.8663597337131
1390833,149.51083507620567
1390837,55.29011308326054
1390856,25.869911460631776
1390864,162.3447456663267
1390893,104.40902265854218
1390906,68.4520858963096
1390925,185.2337177690208
1390931,217.9379302393778
1390966,2266.65160762516
1391032,62.48873129915631
1391034,207.52783068034395
1391079,338.1788597524964
1391099,41.503048561547885
1391126,235.81783761716886
1391127,19.59426795291365
1391141,467.2260214061092
1391149,206.22929372744287
1391156,13.32285025106084
1391175,253.2707797037241
1391279,170.60149990490115
1391288,8.858415093432411
1391305,82.75837943766936
1391315,56.95353175924263
1391318,71.95897915164912
1391368,71.45274994381346
1391373,240.16062093111023
1391378,0.018102790101816042
1391383,38.000428622783154
1391392,472.4559593369765
1391402,383.52132279317755
1391417,724.6308988150993
1391420,23.77913579834249
1391427,25.933250160276
1391432,108.39988763153151
1391435,125.99614643805945
1391442,131.11423646211998
1391457,331.22540632688913
1391466,88.09520572182777
1391487,200.79812617944822
1391503,410.26997165414934
1391550,165.3584335726236
1391562,15.72716961629481
1391564,247.31470789349072
1391577,10.788050619762746
1391582,80.9205112635053
1391592,129.47282260609168
1391597,275.9778058922559
1391624,33.83642444306825
1391636,634.9362016187878
1391639,228.77008346499412
1391640,123.5571837700931
1391652,75.52393033344761
1391656,18.81675828499677
1391663,12.600360726856517
1391689,1930.1219150716784
1391735,426.78448222432297
1391751,16.71296788909853
1391771,470.6623196152594
1391775,28.41989100152344
1391787,347.41163418239194
1391805,671.6036863448147
1391815,338.7667551996556
1391820,92.0605405491714
1391833,17.308646343503078
1391855,194.6086284373502
1391878,71.9118361867591
1391890,160.58875705812795
1391911,423.3927301053813
1391914,110.14251418157504
1391916,67.34093573836229
1391925,689.969976784845
1391955,15.616748405013958
1391976,69.69545343154259
1391982,307.2620854254259
1391988,167.02256464576152
1392002,510.10850725671094
1392013,55.835325802438454
1392027,638.5009925845876
1392031,1353.747130740157
1392035,32.564575013999594
1392045,265.8074670318035
1392051,539.3827373230603
1392074,94.83770579382796
1392101,199.1635013276294
1392103,212.2333552546745
1392104,67.9739645290009
1392125,116.37177798498706
1392146,97.59848545294899
1392147,10.640822159809625
1392155,58.441974991064654
1392162,44.596615584482876
1392169,155.47818715971917
1392220,939.920918408573
1392222,147.99460284124007
1392239,51.125969180301816
1392268,66.57626664439874
1392278,121.40819359294775
1392306,237.65861417618038
1392324,38.73561678345205
1392336,130.3805867034811
1392342,344.51280492617343
1392377,182.95157999633204
1392380,84.93102632868879
1392386,132.4507653248383
1392405,122.56056005405259
1392430,1304.069224627335
1392433,32.41054355320445
1392466,66.71111792338704
1392506,1832.6226129473712
1392509,227.8567202221146
1392516,22.939026094886955
1392549,387.2803164590156
1392552,558.372822572454
1392558,299.99172426319154
1392561,114.13971059111172
1392564,29.15587512621138
1392600,409.57500269045005
1392602,312.95908549814766
1392612,178.85015419770258
1392618,82.13035798542559
1392636,354.14074689655695
1392642,25.74070254984157
1392645,39.5085133185384
1392652,76.64582952046224
1392665,353.52658806736594
1392666,1481.7355251044396
1392715,45.0544496930798
1392727,216.52970947223073
1392729,209.26191664535895
1392730,21.183193808807708
1392733,71.20914975604668
1392759,130.94911760580771
1392760,32.86480398538252
1392767,62.11194483733386
1392770,84.50648075917843
1392774,153.8653255334098
1392791,48.333505998738964
1392815,367.2971438660651
1392817,568.4909353091798
1392836,211.18920433377943
1392837,154.25569443080045
1392873,145.341007025295
1392880,159.5963288724343
1392905,77.1916002372233
1392951,16.54632132327514
1392970,84.8803707371047
1392976,49.83140359160323
1393045,52.18837077231312
1393099,289.40522320467767
1393103,26.215088319880564
1393161,37.16984028142851
1393168,279.28296080651927
1393194,807.8364388942222
1393195,167.2254233362271
1393199,188.91038465577512
1393207,217.26379656801436
1393208,188.91048869339608
1393212,424.566672204329
1393217,307.3876119423462
1393220,137.32426621584253
1393223,29.206518242289405
1393228,53.25838185632166
1393237,82.71963124134666
1393239,1056.9095425716312
1393273,21.293693657459542
1393329,252.09401470977375
1393333,125.04110377284233
1393398,130.92736438700246
1393399,50.766214247196615
1393402,213.77606862805533
1393405,276.4667520849829
1393415,119.85202033197656
1393458,33.28114783581359
1393509,386.677551001614
1393518,239.77699325200967
1393536,48.966819951933545
1393545,899.8807016482965
1393546,86.67581364390301
1393553,75.9156855538303
1393559,15.4208281677229
1393567,116.22063959444219
1393617,60.76589604679904
1393626,47.75078147923206
1393643,147.66800842753747
1393667,894.0828213941593
1393706,40.11471057298506
1393708,15.801408110575238
1393711,5.72983788318952
1393728,840.6690302413932
1393742,184.30428341487016
1393759,335.0236103604837
1393791,28.44490722889894
1393810,4.951999162842774
1393811,60.14329502250705
1393856,436.5411268913166
1393875,592.3143183096734
1393876,583.2187348542608
1393892,71.56609586406437
1393896,177.33802778682173
1393900,212.56890321555127
1393921,9.72543702236071
1393922,120.49859846029683
1393954,110.61370924572414
1393959,100.15510162449361
1393980,10.987942630354008
1393998,239.85026927973445
1394002,214.0358506299138
1394008,38.77278085452235
1394030,101.37477184004148
1394036,436.87687190455324
1394039,458.62653385118296
1394076,466.720678582183
1394082,219.03367305005537
1394090,31.063542359134548
1394115,489.888317309649
1394137,472.2873941326747
1394143,47.084511788087255
1394147,79.33437234924669
1394148,938.2190537880622
1394157,98.85944927349728
1394160,52.689461075191765
1394171,361.45325172338033
1394187,29.318916038305378
1394190,528.0527931094003
1394193,60.171351232254445
1394194,477.9670853691312
1394196,195.63665510921706
1394203,568.9287194498056
1394210,130.18215165245013
1394245,113.41340061242137
1394265,203.44021583536724
1394268,177.1475665659005
1394274,0.0
1394276,70.69853234137595
1394281,256.05558189796443
1394286,345.714167894179
1394305,1695.1875757784596
1394323,134.99043109703132
1394329,67.47931347454353
1394355,131.59473262682462
1394382,24.623722947519738
1394387,56.93627783096797
1394412,152.6202217258652
1394444,263.40581775242737
1394484,25.864512097474865
1394487,104.65804182790669
1394499,90.50390784891354
1394502,108.1505027484048
1394503,561.0800220930712
1394510,667.9274153107621
1394524,64.28699641790607
1394547,126.13778273719912
1394552,82.10103208104111
1394553,73.91081792657911
1394582,12.385658895984516
1394596,277.48527870445014
1394606,194.6622387781668
1394628,39.5862568609373
1394634,507.3138924635138
1394640,256.4910194807195
1394657,175.2552520070477
1394658,45.01422335439241
1394665,270.9707062470087
1394714,181.40956580186736
1394720,129.6820778652729
1394734,105.37216537121395
1394735,520.623026244246
1394736,212.23124676986464
1394740,206.69273650451026
1394741,72.49372232814285
1394751,48.860503411460826
1394784,46.69077065962944
1394786,75.61950417682134
1394807,96.17669730537398
1394810,44.162611325319055
1394819,1168.0410482072061
1394833,487.5221297171664
1394848,648.960823135769
1394882,144.9870164923716
1394883,22.593092068575555
1394930,2187.09734401408
1394931,311.12081447342786
1394938,29.231664869546336
1394950,147.83501851802322
1394966,98.48944075716227
1394977,181.12534508780672
1394990,202.32032491822986
1394998,98.58307330888049
1395004,116.07312876245767
1395007,365.65879423743564
1395010,83.14329145302968
1395026,137.3970016361458
1395033,23.897839098792023
1395048,127.93046091821027
1395056,137.58639773572764
1395057,63.744835204902664
1395058,371.16800959114136
1395061,17.84548643532312
1395065,40.95835908979122
1395094,158.9195599577192
1395102,259.68497004983675
1395107,41.85463473046834
1395108,301.9979918370444
1395159,8.963330750844273
1395167,136.7087387787595
1395178,452.2880691653139
1395186,35.6239950219704
1395200,207.26170206823008
1395217,198.9222759207477
1395219,13.916888465181087
1395249,88.82425390458258
1395269,14.398665402014649
1395274,393.9942297274912
1395289,291.48108538475157
1395320,190.71506238504085
1395336,185.1923752907424
1395362,34.69861781689466
1395368,58.758357631122166
1395390,89.06311789972105
1395407,85.25641748847194
1395431,807.1373868500577
1395444,1840.637589329029
1395446,2905.2446454169094
1395486,21.728476099898923
1395535,491.3473088875599
1395552,475.4513969621683
1395556,149.56370654432496
1395557,650.0377373682461
1395576,64.35493709234137
1395626,43.96345389008789
1395629,191.8162613540403
1395631,348.7721409405944
1395641,16.84714022534831
1395652,413.9829385744998
1395659,87.82332675323403
1395664,34.38831791550523
1395665,33.46022473206199
1395698,61.69563353355059
1395715,1.1369010323927242
1395756,493.1333889997711
1395759,731.1638434436205
1395760,267.9764312808692
1395783,53.88922641875328
1395793,122.10608480778936
1395799,178.76090856016535
1395800,142.27128248305692
1395805,9.509145573657095
1395822,27.370345302761432
1395825,630.9035591289629
1395845,224.80161034404344
1395859,131.8301387523087
1395873,36.53479112358874
1395897,801.101310724063
1395898,45.455750885621114
1395932,73.11793863008273
1395980,573.6095872874822
1395990,456.3011918302809
1395991,166.26600778205804
1395996,88.52619256858763
1395998,149.5429716873239
1395999,52.26625931188223
1396001,130.58777618391886
1396005,90.28656145223765
1396008,37.27004397588083
1396028,13.036043871590362
1396041,184.40195936815712
1396043,1054.7019640048543
1396054,44.16367384415876
1396061,10.590722598665968
1396082,51.75300307217671
1396116,10.751043667422104
1396135,428.9734570239009
1396170,266.21731145138693
1396176,30.591027393521593
1396181,34.670442838931656
1396212,226.94161897214906
1396228,26.51732632767494
1396237,32.58084749841054
1396268,24.398951075790823
1396283,47.58470205007336
1396310,152.56930295834343
1396311,418.75092480850566
1396314,104.19385980720725
1396320,127.84480969894544
1396355,56.004421642641695
1396363,803.2684479735582
1396390,313.6297184015412
1396398,37.068955827823096
1396409,112.10130308415229
1396429,283.6714603177053
1396438,12.922801705917419
1396460,282.51864538402845
1396463,480.12148109177235
1396476,16.52240126468397
1396477,26.992074364188195
1396501,315.13311163135506
1396513,398.7335769212107
1396514,696.8010214567128
1396538,53.08334531646551
1396542,6.024182606530099
1396555,461.78456468724056
1396561,52.464692263079385
1396591,240.7009948761649
1396660,67.76529338338676
1396714,89.90687170448216
1396722,86.35429394151643
1396732,411.6123618661335
1396741,425.17171969670136
1396750,0.21644599550555807
1396786,267.32944209096297
1396890,100.03466740294738
1396943,136.6084578214815
1396950,57.75613569705042
1397015,320.6561058605354
1397018,340.7783629033928
1397022,146.62992452402466
1397068,428.92467610444373
1397074,54.9452813992153
1397082,30.475138192887226
1397105,32.618867520877714
1397155,81.79836678172872
1397164,324.0127454598847
1397179,52.62266570057383
1397183,150.94258432581512
1397198,103.35944265607134
1397206,259.0885807923702
1397224,125.86549304668445
1397241,33.63636723291151
1397257,1507.199854294051
1397297,82.7125766724157
1397319,90.6459038506128
1397322,2.1242962052939642
1397328,655.4307133803784
1397334,150.40456145532607
1397343,795.0715013140116
1397380,106.58950965474982
1397410,138.34955478694565
1397416,38.11730685134264
1397423,1365.8811415555729
1397430,2305.4078886812795
1397433,6.770910326495257
1397443,42.082465166304516
1397451,39.171254628349075
1397460,119.06565109264467
1397477,26.2401285630096
1397480,69.40214321429151
1397490,1542.9054359773563
1397501,76.04652109629393
1397517,128.0384327206821
1397525,123.92864090335189
1397538,186.38015480236766
1397560,301.4928225863982
1397576,116.14881040553584
1397621,149.82411727321767
1397626,301.500134444373
1397636,78.79725027161263
1397681,185.39185730167227
1397686,351.7954624587594
1397692,77.014444243245
1397712,20.755594931577477
1397755,63.645318287111344
1397772,87.64131529047708
1397778,226.19444053784838
1397788,375.8711946603478
1397808,148.03672666116182
1397812,43.77151784990403
1397824,817.7252512616132
1397855,63.17287623307486
1397866,19.945278276929255
1397871,55.46150417873109
1397881,134.4267837086101
1397885,536.9000404587844
1397906,429.21824509963267
1397910,345.6591246141205
1397917,143.66781518665798
1397919,77.64248618011769
1397921,11.412640420522665
1397931,115.29645427299143
1397932,269.43882787215983
1397944,21.882330983204476
1397951,143.30384391608112
1397954,538.9084088910324
1398001,525.3574850578814
1398009,295.2838697781763
1398042,246.4615094791126
1398059,47.80877310256026
1398069,444.6244548497867
1398093,317.407010877023
1398096,110.59048626695625
1398113,27.964971197191957
1398163,89.61736788883924
1398181,13.135814975213654
1398185,32.31227603249547
1398189,449.40362019984315
1398197,46.821712681714835
1398217,211.9278502738719
1398257,1077.3024205364152
1398262,883.2522529189855
1398280,84.95389358393841
1398291,99.43514797685337
1398303,108.25459962905903
1398366,160.4178153833424
1398418,521.435867124459
1398419,119.52948857397823
1398435,724.1699105749442
1398440,222.18951076934874
1398464,41.47458260087234
1398482,22.975437539165295
1398485,1269.3357445464894
1398521,41.88479465907684
1398536,41.89493035313997
1398540,46.488993600095064
1398564,193.36464158327132
1398572,71.56819521978431
1398579,115.96387362945177
1398591,86.38532758329342
1398600,228.36031940738243
1398603,678.2294006466027
1398609,243.17852034563424
1398619,42.04391048259734
1398637,155.5235868229311
1398643,35.29093591622233
1398644,557.9636390320902
1398646,571.4073530328808
1398655,11.874611226372169
1398699,119.42010508785637
1398730,512.4333979180855
1398733,142.84135709184332
1398744,35.254530845846865
1398745,444.4685533017771
1398750,27.24543528656577
1398759,190.51690045311662
1398775,324.1002529326119
1398779,30.48547093105683
1398797,178.42131344196088
1398806,30.421140248559485
1398850,49.89302442326653
1398867,29.061965049956576
1398868,412.4312580265606
1398873,358.989560652412
1398879,46.327950099561235
1398942,16.157032720778698
1398968,207.08385933975632
1398971,377.69323213353937
1398988,76.0876289106143
1399010,16.6174490576585
1399018,29.679638989587666
1399020,41.34533110672622
1399035,111.21949475591981
1399041,878.7514261502675
1399077,21.95612344069464
1399101,181.0547107981429
1399111,56.88319612556354
1399178,430.1123076984934
1399190,175.616597526428
1399206,189.69585861335364
1399251,39.0408537807376
1399254,65.05974929640126
1399258,110.87999550504858
1399261,402.17921146870526
1399262,251.1582137576827
1399265,567.9048032150849
1399279,96.06730388476224
1399286,86.0655185962218
1399293,2.5833187715068506
1399299,159.70452861990987
1399342,42.10389558228907
1399350,314.4683967008819
1399354,101.20605198391677
1399359,180.86497299557672
1399393,77.49565975782414
1399477,109.60298265891706
1399479,64.07570401139334
1399512,10.298803692517126
1399529,23.95886135601691
1399537,28.4927397860668
1399544,66.98514727540174
1399546,332.17664902717365
1399551,342.2162054269657
1399552,115.91536394059074
1399584,1270.74189311718
1399603,28.55971329657177
1399620,393.9718024923216
1399625,224.58724368755836
1399635,92.14720138779902
1399642,316.7230109630674
1399692,136.171738813546
1399699,18.68886217330213
1399725,46.3310693914751
1399751,31.549453175407606
1399760,70.94487278173311
1399761,14.615624340387413
1399766,28.808866827681328
1399769,173.40076333803012
1399772,122.2455928554262
1399814,58.4680560579269
1399815,128.15398880092263
1399854,610.9880370133892
1399873,113.83896510355319
1399880,1560.6088700967468
1399894,20.634736980337596
1399900,12.199418189837766
1399913,39.58357316615736
1399943,17.118991520433312
1399946,50.61360485650742
1399955,27.63681395936625
1399973,197.9601201009666
1399983,15.209867175056816
1399997,68.26442892094474
1400016,474.7352826689057
1400039,35.62549297602933
1400040,812.3421335405425
1400057,29.379429694339137
1400061,99.91061140049705
1400065,117.95932350851817
1400085,476.9004444183854
1400097,37.96108237559975
1400124,6.710280792009182
1400131,1398.3590173323769
1400135,17.151005670329017
1400145,30.128370462188123
1400158,40.687046493295256
1400162,271.84960424090355
1400194,16.23742370161257
1400203,47.325355298753976
1400213,108.84116158733454
1400215,299.3231849385316
1400224,270.36458798696503
1400232,469.07198161084654
1400252,130.6633757204136
1400253,712.5428186585295
1400294,35.03359556474557
1400324,185.70461258462274
1400354,10.654251242738614
1400369,150.84722489803417
1400390,126.80629057149015
1400409,120.08540019027618
1400458,98.27561901907944
1400460,81.60309946575371
1400481,118.3684082843229
1400533,13.831647678719108
1400537,110.75475490716947
1400538,15.408668800255413
1400541,36.28917953300072
1400554,20.763823331183787
1400578,2611.0031916994444
1400665,140.91052553125772
1400678,40.35932452412135
1400690,39.782343880042774
1400695,159.29920049645847
1400709,14.455646006226727
1400718,36.24665695329991
1400723,336.9766498829356
1400730,530.1790850235093
1400753,164.84211616554234
1400789,195.55142203385506
1400819,1392.326606055147
1400837,217.63434514355134
1400875,560.8370636769599
1400898,53.79208332499367
1400901,50.78630466978402
1400908,258.1036018701091
1400926,38.82564378724823
1400933,353.93506454579745
1400947,83.35118501321702
1400961,77.52638129719114
1400990,74.22663692747392
1400997,245.88139982844712
1401014,115.50601653894306
1401050,454.94612485933925
1401061,89.0079887322136
1401067,388.4856268987349
1401068,45.02973203836563
1401070,430.7624800268693
1401074,45.44387336781313
1401083,184.32085537121648
1401086,49.987471103841926
1401108,103.85554135189606
1401112,0.0
1401133,103.93240262266498
1401169,337.18496858881315
1401174,71.20365920640758
1401181,286.9621282709409
1401183,46.14621327718433
1401191,741.6629593024127
1401228,244.10688221891616
1401233,49.552713869676026
1401237,44.0426537137117
1401263,19.40177496445032
1401269,307.72908008287646
1401294,66.95409611759703
1401298,358.16929637483076
1401300,14.070215187948502
1401309,24.24842880744563
1401313,464.31446862804455
1401322,26.923189510256755
1401330,0.02340004911458824
1401355,49.19589824174304
1401368,416.23587271873276
1401376,18.510790524559177
1401384,77.83047012838973
1401405,128.13869614330093
1401429,29.16596651601517
1401432,132.73962000204224
1401462,159.4500361046448
1401467,10.26282945405783
1401482,42.826490767968714
1401490,66.44623570933854
1401506,101.66538619495189
1401512,41.74883183531547
1401517,214.2968856473962
1401547,106.76501842528617
1401571,109.58017611499903
1401622,61.730532939432486
1401627,57.916632146945226
1401641,302.3886236334683
1401658,105.37770986375918
1401680,211.261614704726
1401690,84.73755693345747
1401705,1551.60314006999
1401710,21.067590643825568
1401716,16.707265124969297
1401737,166.21027687803132
1401741,133.7387466985363
1401748,39.961660097433224
1401750,1208.4819016565252
1401754,95.46952160046492
1401756,348.4169317277048
1401766,21.014619335019916
1401772,346.8221526668363
1401794,167.29113128981575
1401816,27.997036720152067
1401817,133.84715671325702
1401826,546.482596360051
1401836,26.212471471179967
1401840,267.56180086592747
1401858,24.59695283114133
1401879,40.724627249444445
1401883,12.43158928026965
1401894,65.17205030378778
1401916,178.17210563133727
1401921,129.57086845909603
1401927,34.17862729866386
1401938,47.872542802594204
1401955,109.04991909013086
1401957,53.93723153321169
1401981,50.55034562132174
1401990,82.05004460802749
1402014,228.95524132360387
1402018,267.09510663263615
1402030,222.8366244142457
1402031,201.26040683893564
1402048,56.49155475090354
1402049,133.54730880436836
1402068,485.968687394044
1402074,71.13127131716773
1402079,44.287621385814674
1402087,30.759675889432312
1402108,269.9257936850203
1402112,15.060872359625968
1402114,396.08904392300985
1402145,509.86215059667256
1402147,49.6677812444291
1402174,388.2850876265558
1402186,11.505531971861384
1402219,14.520541511420026
1402246,32.86954348096938
1402254,1243.16969036897
1402266,526.6343090794253
1402295,446.63238801816914
1402324,1761.8690416915406
1402334,39.45598726810394
1402350,56.22566498666565
1402353,131.298613277994
1402368,57.802742394909174
1402380,227.61186386815342
1402384,152.6348915664585
1402391,111.76369019010974
1402396,323.3313355161187
1402406,31.925748153226333
1402411,24.830882557969165
1402413,31.032581711571655
1402415,420.5093094550669
1402432,74.91596078782293
1402445,106.88010290538882
1402459,41.8479836808572
1402463,35.9560992537403
1402483,111.72452227203401
1402486,27.30712602111108
1402501,66.5299288879653
1402507,14.80617457031256
1402512,61.43515724352568
1402515,1591.998550435092
1402527,0.23289070065625447
1402530,348.2772398446874
1402535,64.61052636816731
1402594,361.9172286660726
1402597,80.92472790283884
1402609,42.12537291394229
1402640,137.44940620029888
1402669,742.3949023460451
1402675,485.8695579686009
1402691,428.3063398422839
1402736,201.61909373777613
1402753,30.557875030292564
1402783,20.898913545666364
1402786,104.01325329908785
1402790,42.006266375180374
1402798,57.62218757611451
1402801,122.29220615661026
1402804,81.2661126357218
1402825,244.52819498812664
1402826,390.4958697598672
1402829,731.3774057870589
1402841,38.01864759753016
1402872,38.8813195011127
1402888,5.282799877999555
1402889,56.56803968450474
1402904,35.212195396529566
1402905,256.7646317731132
1402916,531.5928243347723
1402925,386.6354000445809
1402927,59.82008787015193
1402934,32.74430894850223
1402941,166.82752982203058
1402946,107.22653295128062
1402952,22.118512523050516
1402994,244.11629414312932
1402996,243.6310601227588
1402997,441.74112164284486
1403001,68.08141161681694
1403006,112.07176552275305
1403013,219.1709884384436
1403023,39.03334385167413
1403037,79.0497284619411
1403041,294.4564613691132
1403044,99.94238449112933
1403075,178.95952749439974
1403090,1761.2999971846518
1403092,293.57341531375727
1403116,50.91577680685603
1403191,45.40379246533729
1403211,19.883716600153175
1403213,53.119549993966054
1403223,381.7402545392724
1403233,164.24824099674873
1403241,169.17782678824923
1403272,15.64864392914204
1403279,943.7371374836185
1403309,509.2466336730799
1403310,384.5459843686351
1403343,197.5536486156671
1403345,37.889352969933064
1403354,655.8773252164895
1403371,15.288495103802498
1403400,538.4072721164309
1403403,23.585908963390608
1403410,43.827885369389634
1403412,61.09115346870246
1403427,29.109480181595835
1403428,719.8599197162591
1403435,844.1164712928509
1403443,43.50616935809463
1403459,718.7102026866377
1403461,1564.5104568303693
1403469,41.08876127088113
1403491,2446.584293419243
1403497,564.525577649334
1403528,56.256888411164205
1403541,523.03237633514
1403544,119.45558726835468
1403548,58.94250547811732
1403567,166.26379672608775
1403569,128.99070043165574
1403602,87.64431063399441
1403654,81.57633129168666
1403656,419.53393848086597
1403685,189.3376340220889
1403718,18.18744507105585
1403727,14.07784607325122
1403728,176.57233352714587
1403733,56.22054984088049
1403738,448.23256074364434
1403750,144.7911617261317
1403753,86.41472627019739
1403767,165.6222117240241
1403792,70.79561399609825
1403800,88.62605794776611
1403820,797.8719779704335
1403823,392.2291756664837
1403827,6.29251265379985
1403828,263.9786383513286
1403849,93.89034020166287
1403857,512.6989584935276
1403902,750.4709484859238
1403904,168.60572633627072
1403913,178.4729770506859
1403942,733.2450226257146
1403943,39.72161102245039
1403955,156.01046073367468
1403968,137.23126274115114
1403985,135.95949972007912
1403993,63.485830295775386
1404009,400.45124508925807
1404012,14.298531122560385
1404040,38.95026332529289
1404048,24.78167618363245
1404053,47.16042225744151
1404058,182.18499483329128
1404060,308.16004563309775
1404071,85.83690309823093
1404076,12.510496542681032
1404089,370.3811081388022
1404091,34.928350723266796
1404092,343.20796673337924
1404104,32.919172872329746
1404113,26.838115941458614
1404114,413.5683654340875
1404146,14.121472281914835
1404159,107.66058749709877
1404165,121.57627197676567
1404182,236.7450740524483
1404202,243.01263450305643
1404213,67.56426268997468
1404230,914.6595897441939
1404233,346.80857759934656
1404257,63.25380419840859
1404278,264.5460207556941
1404288,225.2976607967625
1404354,125.50186984221976
1404369,52.211098706414845
1404384,218.48084402901983
1404408,201.03566980559938
1404442,34.387606751109075
1404475,232.85084117759877
1404482,89.14598378980176
1404546,250.64713984530766
1404563,88.39082556122855
1404575,37.59729661306003
1404581,79.89637931534094
1404614,23.75209872841045
1404622,103.91181823130376
1404629,16.038036864968102
1404655,68.71659755997989
1404661,156.89025540868604
1404662,176.00127425258327
1404668,67.75438165924194
1404679,156.74416277271985
1404698,1013.8165810109264
1404721,28.77061983345478
1404746,123.4498132035432
1404749,262.54685622448153
1404758,106.11866867833538
1404777,358.97026570302216
1404791,103.3523543936028
1404802,127.21418228582758
1404814,54.11243262800572
1404821,951.4246628955349
1404848,11.733623028550966
1404874,26.059662727259013
1404880,46.21287967798433
1404886,223.30180948285175
1404904,58.07909932211444
1404911,113.47072017705497
1404951,11.622605719960557
1404957,283.6174574453632
1404963,96.89399924287791
1405041,213.08625375510147
1405071,264.86841398208173
1405077,91.99742452503061
1405148,296.7105342805172
1405173,42.716908304978126
1405175,174.59086090399964
1405194,143.0591236277639
1405199,75.83175257030675
1405202,1701.996653931871
1405218,66.57292464845824
1405233,175.70431978516652
1405278,91.79710741597302
1405281,608.1532190646221
1405296,48.82073745095282
1405315,29.7082611117571
1405337,159.70020454261663
1405350,395.10360886648664
1405377,114.0953419975578
1405386,1187.1043659777408
1405401,80.81591734282385
1405406,9.295827240716841
1405502,414.1379386293914
1405510,814.8067776549648
1405516,212.32451383559658
1405527,55.791389981187
1405532,23.096728681867354
1405565,242.22723698349574
1405566,208.60634256428605
1405583,124.15469748131316
1405603,124.04582953498932
1405609,20.36542985309785
1405637,675.6001234267034
1405676,506.1279772326716
1405681,26.69634243412561
1405691,48.1854028794882
1405693,138.66395151583845
1405700,144.20597532521916
1405703,147.6443519293032
1405706,30.314187032846565
1405719,2729.5121573702254
1405723,167.8016379614512
1405738,139.1305110703531
1405744,97.43366694031131
1405754,71.59561829307813
1405756,161.8508318025609
1405764,15.201352469694628
1405793,756.2380471959959
1405795,38.33630720784742
1405838,160.21431799442954
1405867,1511.0728422440325
1405882,81.32749938260329
1405883,115.6989255063631
1405891,102.33155959462157
1405911,25.30889734110648
1405934,379.5929856722353
1405958,39.34392795890053
1406006,27.833948252690973
1406013,19.039643630104
1406018,10.240236951674698
1406091,12.330949809677735
1406102,75.0589383949245
1406109,1186.7873904972585
1406117,78.34655088572092
1406133,94.97422679522896
1406179,119.10145195112779
1406214,46.528138519591046
1406245,188.6109950133703
1406254,37.497940773300144
1406271,173.9121133310349
1406291,45.68969274656313
1406296,38.067018139669045
1406300,2.5156745175543986
1406304,39.72061614343773
1406320,169.31440336668473
1406361,124.30476360357363
1406367,174.21433011572066
1406375,91.78282251549135
1406377,790.1364921967609
1406384,1129.0816453629918
1406416,686.9754284421767
1406428,421.23324954150866
1406454,220.33876094685675
1406481,46.579712116308265
1406483,520.2733623333369
1406512,255.4231590442808
1406516,289.54319255944085
1406534,90.99432826419074
1406540,235.84085981316625
1406546,148.31058778884673
1406565,38.29483868421054
1406571,201.2514697271903
1406611,118.36039235847265
1406614,324.4564682481897
1406628,393.6492963913772
1406646,20.891366588799425
1406669,20.68016821436715
1406673,30.997397074686365
1406706,25.982531194244185
1406711,545.5437771831643
1406716,163.57379241238735
1406717,199.07645925623527
1406741,8.779874024299748
1406743,75.34095302896411
1406779,29.523306064881854
1406813,2734.7120203392437
1406814,15.990427999409706
1406832,63.92963430003765
1406839,248.35496653733745
1406890,204.45427722799596
1406914,72.2500995415414
1406927,65.51845599915491
1406956,280.35961205805086
1406961,83.53136371228553
1406978,37.7187084130858
1407007,46.683406351396066
1407025,363.6653419021524
1407030,102.89678711195555
1407062,41.909659829556695
1407082,184.7417646897474
1407103,12.850714854879788
1407123,416.01562426991154
1407133,22.832768407789764
1407146,417.22796290987054
1407149,41.332260164610524
1407193,27.767267680622815
1407215,157.90447914491818
1407222,103.11032001394578
1407227,277.3709273620971
1407284,15.815861170640643
1407293,32.85128212975604
1407308,371.56465604395106
1407369,138.61063795650475
1407386,436.4071679926513
1407391,12.167730508920165
1407411,296.2898044974641
1407466,10.226419856009038
1407485,119.645631051795
1407540,64.24893220095858
1407545,150.35429299242935
1407561,29.433730639584017
1407581,61.10087803776006
1407586,267.94072139801443
1407599,310.92568458977945
1407622,107.44374094900726
1407626,59.84509146271129
1407628,295.5712803649345
1407630,35.33582758586147
1407632,488.4589197169178
1407633,61.77351512747138
1407648,14.101626548565433
1407650,440.39861986738197
1407657,32.05310549692021
1407667,91.29382805476078
1407678,376.05487358106893
1407685,274.299521703251
1407686,478.83586997656255
1407705,254.54086794793395
1407711,333.7381406127798
1407720,380.7843896175204
1407735,25.59928146027432
1407745,44.61891738738285
1407766,229.423085603508
1407808,28.380303006928987
1407837,454.22242686571724
1407888,698.117719736821
1407890,26.392370551767094
1407912,408.75996643410383
1407930,35.88056810942438
1407934,22.503645991651595
1407946,40.35400340351018
1407952,316.26185969091733
1407977,147.56848922079223
1408017,386.3598419728529
1408065,153.42688645965364
1408066,21.20964046351586
1408074,89.57389031278991
1408082,389.7953310896095
1408089,269.2985575993837
1408109,51.453224751285696
1408134,159.5960847430838
1408137,122.15839415271041
1408164,352.4268097007648
1408190,440.44379410540506
1408203,309.2044020439525
1408207,16.659636622928126
1408249,262.5311846233612
1408273,222.07703019881862
1408309,519.9287597020331
1408322,16.538123694348794
1408325,260.51361798805124
1408337,230.48282168001754
1408360,0.0009834953730563881
1408379,476.1743486852524
1408381,87.62748968876595
1408387,73.57669500351788
1408414,29.7070307808443
1408420,132.58818296621527
1408421,350.72600814244765
1408441,347.6544570520019
1408456,332.7861917449863
1408468,83.06997651011021
1408479,165.1377295154123
1408481,263.7140770634577
1408505,68.44320947466139
1408514,41.58005070830631
1408518,158.05582268813774
1408529,35.691195533476645
1408531,49.34619971366123
1408547,115.35559150131446
1408576,29.674506769623648
1408590,374.7048068764665
1408601,89.80796808967034
1408615,1427.3529367734457
1408664,117.16093366986017
1408670,288.0360850416981
1408686,133.87212745477612
1408716,23.462710835471388
1408726,233.42231165751332
1408738,1391.9258645468012
1408756,262.22787957700785
1408762,717.124176004359
1408791,362.62662724352083
1408796,82.6282501722383
1408804,70.57013503252071
1408811,434.04238152303833
1408825,128.42173189963125
1408826,336.20720639609226
1408837,135.60044195681797
1408863,56.37016676635992
1408874,6.68726080052323
1408881,62.454160232941796
1408893,288.39819089303336
1408921,80.49829996714458
1408973,39.0185197115175
1408980,56.801955919856255
1408983,29.901605205025653
1408990,36.45698925487956
1409006,70.54708843474907
1409045,525.8666070275964
1409048,137.63618503127864
1409057,114.91251621482085
1409072,72.62685636265759
1409084,16.584792466781348
1409129,40.610740889703386
1409134,306.56544283886745
1409156,315.9085803481131
1409175,421.8449978922464
1409185,152.04049857016687
1409188,186.19699367608376
1409201,44.28428679125832
1409226,91.0768572400123
1409269,188.2617403051845
1409283,1141.2337545937069
1409284,15.34716827297283
1409352,29.280795302300533
1409353,86.66293058624358
1409355,845.5295476199076
1409362,89.59962824207464
1409385,80.81763920229254
1409401,4.698124697952721
1409411,4.438860168139616
1409426,794.7425282959232
1409427,317.186723840517
1409429,488.5738553264491
1409437,215.8540926500971
1409480,49.6425273301439
1409495,59.940235015364095
1409502,12.311210891570587
1409516,310.13894552959397
1409553,127.41472586811835
1409562,420.3611813232629
1409575,8.254057094463176
1409591,406.46446695077725
1409598,6.094368739185197
1409608,116.45149254690868
1409616,13.934070936609258
1409644,68.53867212179684
1409649,27.075228626451963
1409653,717.4433836780803
1409671,125.26592959179969
1409674,228.36393567210797
1409682,38.5725440489734
1409690,148.83417372611027
1409784,186.38258347112392
1409834,164.75602044900393
1409870,120.22473027909169
1409887,537.224278721017
1409929,12.058026552717442
1409949,26.13851619746565
1409965,41.79020703436003
1409973,89.74466846231736
1409991,183.36840677193376
1409994,15.462594534868245
1410003,104.05193669219686
1410013,343.901589197902
1410028,32.11267096812315
1410039,866.8511541116991
1410054,213.2403232186806
1410058,0.9065844545301045
1410066,17.543753296688728
1410114,34.58787550492876
1410131,315.0277722201836
1410134,45.48988980913407
1410135,180.5428209222167
1410139,95.9256008252721
1410147,129.15843088904847
1410152,69.58593968307416
1410167,334.41934146353157
1410171,529.0385685577128
1410175,674.9571422355149
1410177,20.607092387749365
1410185,96.9603526032179
1410195,38.68958950838165
1410217,532.7115279956986
1410218,23.678300195389546
1410231,0.8784302119722104
1410252,196.9245627501026
1410268,623.8343468126963
1410274,5.051871038931775
1410275,55.066122180171824
1410292,507.2681523318594
1410300,665.1561520754692
1410308,169.7298189505497
1410348,134.1934272039027
1410350,36.8117774706179
1410365,77.24712633965542
1410375,397.4720574231461
1410391,104.596316767629
1410422,165.0869722875523
1410443,29.21616701415075
1410444,45.678187069682544
1410454,192.12222214656677
1410483,44.964877938743285
1410494,610.5980875991918
1410509,22.524348435822905
1410555,325.0566423770475
1410568,53.40130945966679
1410589,221.59201954553598
1410617,634.9246923643715
1410651,17.8934969853981
1410654,87.9814792222936
1410666,151.47825652437353
1410687,136.4841443962614
1410693,661.7302890317692
1410707,28.70512340813319
1410710,36.28453180798003
1410758,639.627830529814
1410761,29.555112659080184
1410772,348.57175386882756
1410871,17.601960627536794
1410872,152.96150142663842
1410873,208.0673817967776
1410886,61.04964490089308
1410895,29.83941834543381
1410900,240.7948357426577
1410965,43.456794206622504
1410979,67.61953826259986
1410995,117.67280507567236
1411001,5.852085244173148
1411004,117.44836514241389
1411042,26.59218424461366
1411070,270.0675656101786
1411078,83.06625407278761
1411082,247.0649170883707
1411131,146.92373834581522
1411161,442.2921165123735
1411185,1.6039987698145686
1411198,97.5374525320024
1411245,834.1028598246555
1411302,480.99190935911804
1411353,15.425575909995596
1411389,26.14439118911664
1411427,1297.2888603603249
1411464,32.31717653343398
1411487,285.93149623127886
1411529,145.31140540750923
1411541,139.94374700108588
1411549,191.53049096192927
1411551,46.130511274977394
1411557,27.789116127747775
1411562,132.7777131046785
1411569,102.81512165229728
1411581,447.8392684453979
1411585,78.53173111782222
1411597,90.47003073229513
1411635,167.2092717324163
1411642,0.3689378075165932
1411654,65.51048671786836
1411677,34.61241038194315
1411707,23.497354504439116
1411709,370.8036231786723
1411712,13.45830890893284
1411724,13.79811683508378
1411725,140.88751740083356
1411737,416.9690008631558
1411743,504.9738052413443
1411749,521.2404355366828
1411752,70.28102527950867
1411775,397.14563675293937
1411783,501.8670320277487
1411800,29.469958289510537
1411806,369.2781756102882
1411809,254.89531893349542
1411819,36.353405080301656
1411826,23.634678237741912
1411840,0.0
1411845,39.13407734259577
1411848,20.530885980966513
1411856,188.01849609505211
1411863,297.2397326393976
1411866,371.0375895053257
1411885,67.61239937190363
1411915,53.604593875910034
1411916,68.73474856082619
1411918,31.496655393244215
1411927,81.80623156005454
1411928,222.59474881408985
1411936,118.47899712475926
1411938,86.88384457854826
1411939,156.91839166502265
1411958,114.5142928091094
1411973,473.6012648878174
1412006,1625.3235712239148
1412015,75.12022881992235
1412024,58.54903386923906
1412025,42.924704247286186
1412036,19.100358164512773
1412050,27.086332240475983
1412054,289.7341255196064
1412072,497.52686090523196
1412094,150.71231528755453
1412109,0.0
1412117,50.15092524164076
1412128,19.0262925319522
1412137,33.51868055715948
1412159,124.4483324424645
1412186,65.08183182301258
1412193,95.2761704383478
1412206,44.157571998266484
1412208,143.67708403145647
1412215,116.65975996933689
1412227,311.14398409476235
1412237,9.243489403054202
1412241,117.30359574297326
1412243,84.91315647860883
1412256,78.75438745522301
1412257,215.673836640782
1412296,348.0759694774474
1412306,38.722057695626724
1412333,21.05476650394635
1412337,48.419403317051085
1412339,220.36872458059526
1412346,16.67009184733051
1412351,69.48552202779538
1412353,32.59681877017507
1412357,17.207016914978784
1412366,232.41562154799288
1412369,107.46019496444268
1412376,155.70990153456623
1412396,144.79451315651264
1412405,273.93232375364107
1412408,183.83560691603768
1412413,36.867350555219275
1412430,322.2979286841007
1412431,215.45619686690728
1412451,91.20241506935497
1412456,792.647842440564
1412517,162.76543405317284
1412520,13.243089995040036
1412550,17.683993904565543
1412578,115.06045750292922
1412582,89.11741386954085
1412587,36.56074053001707
1412599,459.17609905945733
1412612,34.588807234292254
1412625,858.6922184201063
1412631,206.83518633717884
1412634,287.88653001557543
1412637,48.89600828456201
1412656,30.084428066957088
1412668,524.4146721754994
1412672,353.89022732946967
1412678,77.81399726369685
1412687,158.23957229629985
1412731,390.96158771363764
1412741,326.0287639952421
1412744,1680.9838307491584
1412745,334.77202944559843
1412748,915.9330258333226
1412751,542.0047562169112
1412754,283.24785462892896
1412767,42.88243535610206
1412772,56.917557685880084
1412783,91.84451623957378
1412784,33.96354400652776
1412828,60.636577935225304
1412835,825.9665681163355
1412836,16.1241302942221
1412839,3.4691884947616938
1412851,20.310074508391622
1412855,1196.855053043333
1412865,11.216616401826077
1412869,20.73689708147441
1412875,298.86336210397417
1412925,280.6292085081301
1412939,142.74230021975617
1412941,275.4956238733235
1412947,37.78876073085172
1412950,17.391858292173485
1412957,50.90021245144561
1412980,178.71751767198168
1412982,81.22329475260321
1412987,503.79450852487963
1412995,20.429230528521177
1413036,321.75347591653275
1413046,1442.6215924947549
1413058,255.63410049436018
1413059,871.6162685801115
1413066,263.3296505043663
1413073,121.87258690245292
1413074,54.5062301420735
1413077,1484.2266282743994
1413083,16.842471101412592
1413086,24.178180219834424
1413088,21.36572122469095
1413100,12.309046956472825
1413110,150.88923238706735
1413176,648.4552061861046
1413177,14.425079930079242
1413179,758.7343409008132
1413230,125.56525775819848
1413242,77.78035793421192
1413250,25.224752791847816
1413258,715.5214209694777
1413277,114.58048293852427
1413278,32.51435087186648
1413299,19.467299720409283
1413327,1826.7663770297381
1413355,26.789350380714392
1413395,126.11613700757806
1413435,37.163021720045386
1413444,716.0152580707601
1413452,320.909296721888
1413454,57.80621079252921
1413457,24.4754738369666
1413467,356.45934301467867
1413477,80.83588771926935
1413481,16.665318725627515
1413495,77.14801854180494
1413500,108.33035086696945
1413517,757.7821657220319
1413560,363.4504110460066
1413562,762.0315353737075
1413577,75.57220978744706
1413584,173.5193601344144
1413603,536.6051226566655
1413606,27.238194683363538
1413620,55.57737771559308
1413625,33.20977978956199
1413653,354.6588333491081
1413660,36.14518959999584
1413674,118.91767302799296
1413676,25.694458411620587
1413681,986.6759871682267
1413701,102.92292711439057
1413707,121.37466044763593
1413745,64.85139383220421
1413768,203.7411955994836
1413771,250.5274762778527
1413776,175.51721775434646
1413791,36.79966299591965
1413792,1316.1775260216878
1413796,301.46753574430363
1413802,109.29811928077876
1413805,300.21436175657414
1413823,1126.8115320432385
1413843,262.64977766013254
1413854,143.0651524349847
1413868,751.9507832590681
1413888,163.23579255786106
1413911,70.82789631161371
1413929,133.98086189826884
1413930,168.59807684613165
1413955,234.71339588573684
1413962,29.704628825223256
1413965,227.46859248556768
1413986,23.87101072242857
1413988,183.51723050025092
1414035,95.5364730721695
1414039,14.886740257481875
1414079,512.337083347087
1414107,260.72712016861084
1414111,515.0198739343484
1414115,211.71323521093353
1414123,425.49268998336515
1414147,2233.863113282046
1414158,221.27127788200306
1414175,170.27177531333965
1414178,33.68717224946575
1414239,787.9766459841152
1414248,915.2777699073936
1414249,217.6273544161867
1414267,15.516058394696605
1414288,21.626145959342345
1414292,677.1900132942784
1414341,51.92227562159845
1414348,23.692595152700065
1414354,9.242702771580644
1414357,24.39652032232814
1414362,130.146273119475
1414372,184.0507266256851
1414406,56.88481166632841
1414426,73.08537867493952
1414429,143.45096564405
1414435,80.30539186425476
1414441,12.04504058610629
1414454,15.131393702628474
1414458,443.9219529065119
1414470,371.0129243872192
1414474,15.613396446078312
1414498,350.83657990929186
1414499,227.62289955656368
1414505,43.030712055844255
1414515,52.259202046550826
1414563,129.61753461317778
1414571,21.415012057019176
1414578,149.29567232501057
1414635,107.03436865951302
1414636,162.90849255756223
1414645,1450.734981971727
1414650,182.19757136939887
1414652,126.26335684335994
1414658,195.96834542580572
1414710,115.27980266680235
1414764,196.38151949772654
1414766,102.30267749758247
1414784,23.33683045035167
1414810,255.66983639795794
1414811,79.15801916615182
1414821,173.54698941789692
1414842,246.4109773179198
1414860,20.080001025268867
1414865,24.294261451390366
1414869,844.5192039388603
1414891,216.39743938289521
1414894,14.090047686396167
1414898,92.98648682875749
1414904,12.389273371391663
1414921,231.04478003301287
1415004,161.7898332964806
1415018,26.624175288070926
1415045,31.985886178483582
1415050,76.18783291336835
1415059,340.5179305303129
1415070,113.10113225247795
1415077,337.4080845223467
1415079,878.7254699717173
1415096,24.49141894590456
1415100,39.34792365464787
1415138,778.624837660489
1415161,194.6677433393095
1415166,11.306824037290022
1415178,99.14857969123173
1415191,238.05651317776972
1415208,281.09315501083717
1415229,49.060399094201735
1415266,164.10679541844803
1415273,69.04895158853185
1415276,40.13299074309603
1415280,196.2394961468241
1415286,549.7762354156033
1415287,41.17412247632176
1415291,541.3720122028162
1415325,566.5090040027881
1415350,251.7357661176119
1415361,144.64013394166352
1415413,340.28143331739125
1415414,52.33235284942485
1415427,133.8488215833998
1415430,106.48633077482134
1415441,28.516713764181347
1415442,398.176406177496
1415482,13.65888972382325
1415496,304.8118708897403
1415501,553.3431827647526
1415526,10.278572382447578
1415533,53.02265317139406
1415546,212.66653252455222
1415547,152.43490988062868
1415551,247.30975360992346
1415566,32.320435977225706
1415587,412.6324546152948
1415607,107.47718230329629
1415610,107.40724959387174
1415612,341.24747020773634
1415631,69.4015313673599
1415642,124.0497665185012
1415650,288.5238542854317
1415662,66.96180894221965
1415673,213.35080972336
1415679,195.91623957528142
1415718,55.23851643512172
1415730,1076.038705216321
1415791,885.8052885151756
1415824,90.76366687856982
1415856,400.5025531356044
1415863,294.9948086887495
1415887,31.833606063826014
1415890,43.27366073922011
1415914,255.88531666534928
1415920,84.42422310333356
1415928,520.4013082205752
1415987,116.10965101745552
1415989,44.2787424996496
1416019,195.80943138127756
1416031,255.4213269137475
1416036,167.5876068724075
1416037,289.6275446475769
1416057,43.09184546391693
1416073,273.11379623661475
1416081,15.060064626973631
1416084,56.90114521000869
1416093,181.0078248392475
1416107,84.64693025539023
1416108,187.4431504777664
1416111,139.58860373319519
1416156,123.3732380238813
1416169,690.0033681103098
1416184,76.82856040797925
1416203,104.49363944930927
1416208,121.10148182311121
1416211,42.619938089753845
1416214,16.831853629412404
1416216,222.67780746078506
1416231,50.890384815489625
1416232,223.03880506401035
1416267,13.616590381244967
1416326,262.5996995921977
1416327,376.20979713023553
1416330,201.9762114673875
1416370,95.0385632146043
1416374,211.22312634918345
1416376,171.26798690053965
1416387,10.405323249891154
1416439,158.23120534120318
1416451,194.51672280505966
1416476,51.19163338140498
1416477,78.37931056693193
1416492,1683.1754801340355
1416495,65.43792504066775
1416500,67.04128532944819
1416516,166.52989087293284
1416531,109.32824423136462
1416559,59.83915484188618
1416590,1.2926567044906596
1416593,66.25952852872135
1416600,596.2780181120743
1416624,1150.7252944577726
1416643,254.20074867821978
1416679,2174.723192762422
1416683,143.39158604198465
1416699,7.47046966936484
1416723,242.00131524388024
1416727,32.35200229681816
1416755,18.287937225318206
1416778,537.9463824854606
1416779,5.710283584871305
1416785,26.25018709622741
1416797,181.27149200861174
1416809,95.30365529395198
1416818,1446.619173213713
1416819,31.69879630674598
1416822,7.008546911954326
1416825,18.25978641958359
1416839,192.7212323470539
1416864,372.5747631823534
1416876,568.0443350644495
1416907,199.29511690130093
1416916,42.26491668857766
1416927,45.04394759696403
1416932,57.10528727426233
1416939,69.1929028322898
1416956,2.633863518635016e-22
1417011,13.670231668627276
1417012,54.26539166979317
1417054,6.3254754567188085
1417079,91.15131789700297
1417088,119.06326826710668
1417092,69.27170205089182
1417093,27.180027447996167
1417117,131.82073160063774
1417174,104.75349913385085
1417238,50.22648190709063
1417240,16.62450411401921
1417264,42.61644052736872
1417275,403.1482691245396
1417277,202.5392317384196
1417280,84.5102588793918
1417288,278.53484861346294
1417296,54.548112237052
1417327,175.56160765779234
1417329,0.0012522062596977094
1417343,75.09060518379177
1417376,81.69117752069785
1417395,780.9280247358408
1417445,49.95394740957095
1417446,105.8592824037406
1417469,32.62485442130706
1417511,293.55996544815883
1417525,261.74223752988627
1417527,12.715850885701407
1417530,183.635275571308
1417531,2.78665608843739
1417557,45.6619144854238
1417616,52.40700894595215
1417619,36.33795504208837
1417628,62.90211041715555
1417666,127.94351857550343
1417694,157.89284197124735
1417728,467.055991469284
1417732,437.8733642343971
1417742,170.2196071778056
1417777,29.247181569289243
1417791,20.98490941872749
1417793,140.83100386769368
1417850,561.0421190266625
1417871,62.57675220759484
1417926,289.4794441561109
1417973,113.66678656842817
1417996,760.7478119442786
1418001,250.52165701189367
1418017,221.35044694905426
1418055,11.2437696637084
1418086,37.76400899272446
1418093,156.4697657579966
1418131,473.80269511284257
1418145,123.51284044760318
1418147,561.7241135469159
1418176,99.7794578064878
1418187,107.66377649241736
1418192,593.2313971518387
1418236,45.486716493489766
1418240,10.644667953805865
1418277,709.0768464475027
1418302,13.65475810974847
1418312,317.19596310846686
1418313,45.76420784289627
1418316,37.07397048293566
1418344,88.08621160509104
1418345,362.6469511070484
1418346,358.6134475804343
1418362,390.72114977545147
1418371,380.1176963522653
1418380,75.53542011520612
1418384,70.46523237031613
1418399,543.925106623125
1418429,248.8766818946951
1418431,106.99913317229495
1418509,15.590523545778678
1418510,102.64413365766943
1418558,84.88808013841196
1418559,27.84425109229227
1418604,97.7992906834079
1418621,27.445314088376797
1418641,934.0153863731815
1418671,103.98558209132754
1418689,360.4472496986536
1418704,16.223079602417577
1418705,86.56985168372242
1418720,23.828489863018852
1418776,347.50101185631866
1418797,203.08647764822692
1418807,180.8886684926358
1418832,48.34576611011977
1418848,46.9099250533893
1418851,614.4347353777183
1418885,240.01096400616584
1418889,982.9205501289805
1418907,17.65715639558154
1418909,68.17766654946426
1418919,39.90119715256608
1418928,92.5136393838222
1418951,437.87205228798575
1418984,393.62726937152195
1418998,108.36895396948508
1419007,23.982375638849074
1419037,333.69120319702813
1419040,1013.0105459377554
1419046,128.83175674248253
1419068,24.29826387957223
1419087,157.62983287056795
1419099,1361.0148954631863
1419156,37.738252982234734
1419171,12.304176061862682
1419175,700.1264720782426
1419190,50.27617649573863
1419205,279.962189137676
1419217,79.22531898990331
1419230,20.077637295797913
1419232,566.4350472008146
1419275,23.548036227591737
1419295,206.77637679608554
1419372,100.55728454262947
1419376,419.7862923193096
1419391,45.66870558382963
1419393,680.4532867585814
1419408,361.46298160085985
1419409,309.31757443770186
1419443,34.67385950530205
1419467,29.301541033935045
1419475,103.43361158046051
1419491,145.9359375303243
1419496,327.9645927467752
1419497,486.25324707514295
1419507,132.34376152882749
1419512,370.73321042988164
1419513,190.36853315893188
1419545,720.1791879371717
1419588,33.43792354024892
1419601,51.51844471672107
1419613,511.0244409199476
1419626,66.97092324502242
1419636,127.20721339953259
1419650,442.8124111358472
1419717,120.2010441266528
1419727,62.23197267843333
1419732,474.6171038444142
1419745,400.59960545935525
1419755,82.85616736331394
1419759,42.724234112628885
1419763,19.223858333775738
1419767,226.9053330650834
1419779,82.58828371553776
1419809,774.3575094098653
1419811,317.7062678608898
1419813,393.3503053393877
1419823,51.04327350245226
1419824,350.2247730275667
1419826,31.62299908627279
1419834,254.7006998380849
1419847,167.31079366168066
1419860,90.08398141104739
1419869,42.63626164284921
1419882,762.9297848654298
1419886,21.1079609306031
1419887,80.35544998110987
1419894,164.48731497920934
1419930,236.4344875354753
1419947,244.46551205623598
1420003,50.0542882451981
1420026,243.65961506460224
1420037,547.7654772432998
1420063,220.82241880190875
1420069,985.3108790200995
1420107,34.92289561932397
1420115,125.43899966040158
1420158,94.19026110757297
1420162,97.44652913208907
1420177,97.85380743060844
1420185,76.20871969778773
1420224,21.570358254303333
1420267,292.5390258659155
1420269,378.29803270284066
1420293,92.7298351981733
1420298,99.38400564603744
1420309,185.58937606853098
1420334,63.26115236141978
1420343,11.050959077107663
1420346,86.36646231176942
1420350,64.54102106051384
1420379,1416.723143401983
1420393,8.039235765273057
1420413,14.481632768758105
1420426,205.5141637424143
1420456,96.3539387113996
1420458,43.583187964626866
1420464,62.56547608098615
1420537,227.72776162943802
1420561,306.11751848839856
1420568,164.39259138423932
1420579,1797.759446402653
1420586,107.53994074098918
1420610,40.611664385841024
1420628,5.824565725203577
1420629,0.0
1420653,140.5154776623967
1420669,18.837491638367307
1420680,1492.0341962427901
1420681,32.05476398673748
1420693,36.083536445994206
1420711,425.98408776390323
1420723,174.34255050000718
1420768,120.81068031373765
1420772,127.97356242106473
1420775,534.8453571787757
1420778,113.40336085215509
1420788,25.267990515883028
1420814,77.48880173203098
1420842,112.32272602576829
1420866,845.0547408519357
1420868,35.881675041457974
1420872,386.7449370033391
1420906,341.31577165759813
1420919,366.6973129733256
1420945,330.33616226420276
1420947,88.81571410356888
1420948,70.33771793206088
1420970,38.00574551039351
1421002,144.95753949163665
1421003,65.4923043388662
1421014,86.16678366663923
1421019,161.64551107872336
1421036,49.015956880808375
1421037,1568.1377525304677
1421040,211.24743164750188
1421075,60.07065148621277
1421083,17.878501104768834
1421095,123.16513642443309
1421101,104.18631829663487
1421154,365.63027579673627
1421162,673.5136524701571
1421169,97.89127578247461
1421206,58.84302627438972
1421244,34.44505255316854
1421265,36.42005398843479
1421303,544.6528554629172
1421320,262.3711225458068
1421326,75.05783360960056
1421340,67.48035903019392
1421359,84.16550806966882
1421375,207.34973463900963
1421408,130.4722869880754
1421410,14.345768801606074
1421415,46.649205540596206
1421424,132.9877637824857
1421430,75.08560572779936
1421436,175.8347336888903
1421454,16.501113955123603
1421477,667.8333563986222
1421486,114.83942492013458
1421492,2.870941730314184
1421520,197.04475148373845
1421522,38.22764515340333
1421532,398.082775857287
1421533,57.738324441855276
1421534,272.16652118378624
1421537,184.0947803279897
1421572,627.0742609126439
1421593,151.4027030976606
1421622,15.663873891689352
1421623,28.129946326510733
1421624,407.9895104245652
1421630,116.92353215160549
1421641,90.65620993836005
1421652,34.08993222833597
1421658,171.7386987357098
1421700,1558.5706622942164
1421711,67.33023740450444
1421718,541.4625369677851
1421735,156.50786747226297
1421744,263.2044552944628
1421768,202.751046786638
1421779,18.42455919187051
1421823,508.6379378248352
1421837,93.02531321999737
1421839,106.9115539224614
1421850,130.39300044793117
1421863,73.78092168426387
1421914,10.8266996063602
1421929,219.3614634227101
1421944,421.41562672235773
1421956,139.65984387933102
1421985,9.211443101268054
1421988,143.92676620122387
1422003,10.606690141515301
1422024,441.3618393527981
1422028,220.3642167480937
1422043,215.85410423499889
1422053,277.00437189935815
1422129,18.231691163932805
1422131,24.35501006297841
1422145,55.26545393159184
1422156,386.10327077208916
1422185,1580.208724650908
1422192,295.85242085465364
1422208,19.680509893631015
1422209,202.78513329101574
1422221,73.4849256514457
1422241,549.8360293303731
1422291,142.9763855776983
1422296,24.172222781457272
1422321,45.958691831917356
1422379,187.40469837567574
1422384,21.799532144517183
1422386,894.6169190596285
1422391,32.3765419945442
1422402,120.77142396189201
1422405,356.8053272242992
1422410,318.44184851014563
1422420,26.654018874727527
1422430,109.29191338347643
1422436,46.280425321298765
1422458,33.51285224853377
1422465,80.47496371847828
1422466,32.15775245203364
1422509,6.663989000280674
1422513,711.883891586853
1422666,188.80143519093667
1422692,23.031131848156544
1422706,101.54989237019696
1422708,99.20965168735098
1422724,13.664604831591628
1422767,27.708835116928675
1422780,35.950716311368545
1422806,140.93690454087107
1422826,60.172913997055296
1422855,115.82838364533347
1422858,108.41960387843571
1422861,107.07626228853987
1422884,56.99224567649074
1422895,349.45860074807695
1422919,32.58688827575051
1422931,676.1253900632128
1422934,37.248814665713326
1422960,220.80745022171175
1422970,295.422852846503
1422972,67.43396949377582
1422995,15.065909909692031
1423011,208.81547817950587
1423013,90.70489393274786
1423024,70.16501074929296
1423030,127.5048846710653
1423052,561.7266986254785
1423053,22.027701508271925
1423076,633.4375804092795
1423085,559.0540308159597
1423088,38.39898802470464
1423096,27.208618416974033
1423099,50.5645101985681
1423116,167.6043515843201
1423125,95.70208621357848
1423129,168.47214042005052
1423160,762.1993355008736
1423195,9.315866586379444
1423212,61.83244271731161
1423216,71.96971731352043
1423217,367.97689752565236
1423243,57.00705015915049
1423262,98.48680394555838
1423280,552.6131376066586
1423314,63.37464284996361
1423315,5.572401839583925
1423330,214.88088694534872
1423338,19.662809966468707
1423383,131.53865039001354
1423393,165.71075721182703
1423458,93.21133008435918
1423465,26.426527382911278
1423468,39.57606080261522
1423483,26.396762939736547
1423493,196.49710918734482
1423496,86.80317305091536
1423534,341.44840088510006
1423546,466.15878079139264
1423554,65.849663156667
1423581,264.99080497573203
1423597,1498.5234754101766
1423616,157.91232473966556
1423621,90.04056840086311
1423644,67.86897372945216
1423648,212.5449160803213
1423664,60.51086467259749
1423686,600.5814625481463
1423689,190.16781241119696
1423702,189.81541541402467
1423762,11.315950961892284
1423780,169.54948684345175
1423783,145.97050777524143
1423816,94.13830678727335
1423832,47.75378761827215
1423852,54.33921409310845
1423856,669.5820810171682
1423886,4.963222491652659
1423901,37.79151620306729
1423915,777.4555221183684
1423953,1126.1540318110322
1423957,54.34406858179196
1423989,47.55749601560961
1423994,102.51874390548771
1424001,677.4655991962476
1424002,49.605533575872876
1424009,120.31947009032177
1424016,190.9189259946057
1424027,611.6966761271156
1424034,149.23949062710065
1424045,26.83713640113233
1424073,1017.4099184064235
1424116,1147.7633315381922
1424127,426.01648613806265
1424143,32.54254886750708
1424160,250.08108113525373
1424161,741.3970892826007
1424179,11.24075792743186
1424192,25.113716114995565
1424215,746.6359552181458
1424223,22.907947839784427
1424254,256.88417612176494
1424258,30.205130959407835
1424279,27.283246081568162
1424299,343.71378759077254
1424334,78.85326557237981
1424339,290.549445045148
1424399,4.838912300000874
1424409,47.43708529230356
1424443,40.35504254844097
1424446,48.384810133605406
1424447,241.80968454608856
1424462,141.34933957029492
1424470,216.4023853367715
1424484,123.37473438584442
1424493,234.58465137142784
1424511,0.13038244541529054
1424527,77.65912855070147
1424540,0.07253071704899298
1424541,169.73442071514478
1424549,334.304567576354
1424569,141.96328154808393
1424621,41.52853569642569
1424653,512.0125227962837
1424670,1637.36473088116
1424685,44.400229348257604
1424721,548.3693408268329
1424764,277.1342289862578
1424787,139.76600360700937
1424798,90.43138879700633
1424801,49.383020080209086
1424822,21.88710677621264
1424831,34.58780536370696
1424836,25.283901406031564
1424863,47.35191371586291
1424899,215.00883979023575
1424908,84.41911724063529
1424985,135.94125184286804
1424988,140.82867402855402
1424992,2025.2388562246886
1425005,16.41767004376564
1425006,50.182604437372525
1425009,82.39336650731393
1425021,32.42659803918651
1425062,17.99372180144389
1425078,89.69097628230396
1425079,138.40609953977813
1425115,203.18739871721175
1425117,16.779433420261444
1425133,137.2215039844039
1425142,518.7246426603598
1425154,197.17855405019142
1425176,150.3104390919228
1425189,133.1531202111894
1425196,188.21008045852827
1425203,42.714140571243036
1425208,71.75366159613989
1425213,18.951032984345666
1425214,65.91449942719072
1425233,28.554107968892307
1425235,70.43493950945162
1425253,134.08822794804317
1425258,99.48081728684078
1425272,432.5279501777771
1425283,515.4748837834657
1425307,28.310370594782302
1425330,234.60024407145187
1425334,38.604336308162395
1425338,248.36932664117197
1425342,389.1302723551007
1425354,29.336863081491117
1425375,22.529823281341027
1425377,24.22268988458838
1425432,175.58380608459316
1425440,220.11844465328355
1425445,50.089355814707176
1425452,19.16092056998082
1425455,22.272457985014523
1425457,110.4183962176545
1425470,554.3090082839585
1425475,117.40724886846137
1425528,345.88172897495133
1425548,36.54738495614601
1425569,55.23492675499092
1425588,655.5956754628465
1425594,80.64118927980795
1425596,451.84865509428363
1425621,197.95333949233242
1425660,411.1035585625257
1425669,127.22304343767055
1425677,472.9513079914249
1425692,216.06563012194266
1425711,82.54296051522927
1425722,19.962999038969624
1425734,9.271894820864839
1425740,88.23240407512286
1425745,180.28026350459726
1425768,87.86694919853565
1425780,152.38010146596986
1425808,96.45699595623778
1425827,110.87671146551267
1425828,40.50019084525262
1425834,619.0388583470426
1425859,459.3161197375445
1425882,566.1209364336786
1425889,66.16300676595381
1425904,321.2489539785858
1425911,93.76152651640571
1425915,121.05565345091968
1425925,341.6870750892146
1425926,40.46292293466551
1425943,630.5297453419155
1425949,602.5295138616826
1425955,481.29005930678346
1426016,49.592910039628336
1426026,30.41982206856727
1426027,24.930004073751054
1426036,5.9338522194206975
1426059,85.70892523633123
1426060,25.778674180681
1426062,29.572984193246768
1426081,620.5188123605803
1426101,218.01890747060696
1426126,120.08382058092405
1426137,31.47220409204834
1426141,506.9501267344344
1426151,160.18320930979897
1426156,50.565636425313734
1426162,167.71128573236518
1426163,116.0757425904586
1426204,43.9890341890896
1426206,290.3811684362189
1426208,115.42155461653199
1426235,35.153558302062166
1426244,181.84568743320037
1426257,343.9964259978044
1426262,66.9171039588764
1426278,319.29546898612125
1426286,168.0580420743463
1426288,1695.9314190819023
1426307,449.90921794969614
1426318,32.02717346519548
1426362,27.548363336219097
1426428,227.60228630499466
1426492,194.67123402829756
1426495,22.524798845418083
1426497,485.45228286029135
1426499,16.70126918960063
1426505,168.83721602101204
1426515,16.664145616500235
1426530,74.66242240509875
1426546,250.13036513468487
1426563,365.2045440223677
1426570,82.86836053249822
1426580,719.850483522255
1426610,46.14759474624725
1426628,11.641739204834252
1426656,60.468618616714224
1426661,145.25240629741057
1426674,807.2194903435491
1426728,384.9045371475402
1426735,151.5684613559763
1426744,288.72553922582637
1426747,106.47859844196618
1426756,136.1921380287399
1426761,34.995512098007325
1426771,73.64680951791757
1426808,149.82150530903775
1426825,63.33350807614353
1426834,290.7444192549844
1426844,67.89558854405475
1426884,460.64454157585675
1426907,188.64800940088975
1426930,72.88870514768358
1426974,190.85080066923064
1426987,1333.2014141569373
1426995,198.96900900771539
1427004,29.964369412149722
1427008,13.455221019135857
1427037,18.967665802532288
1427043,26.435573005911795
1427047,243.4999952677603
1427058,38.57493557719631
1427076,43.61787836153443
1427081,247.15197666188894
1427098,0.29083015469658174
1427114,132.9607831313387
1427116,57.39980897797687
1427117,338.70257657414663
1427121,54.971953232185484
1427122,39.03042885177953
1427131,339.3059721879771
1427154,57.255320909374575
1427174,236.5983225768563
1427198,311.46570482128567
1427225,4.0182274448688045
1427226,60.67670222231676
1427233,114.63699264261861
1427250,19.177180494258614
1427278,19.958292707239714
1427298,67.74606741803679
1427300,145.48978262810988
1427314,153.81985199249726
1427333,1164.0031951864664
1427335,15.556035725226941
1427360,0.40306297683991227
1427371,68.09386467938923
1427372,75.30617762857587
1427380,165.93024341687178
1427400,925.9908821227307
1427406,427.0610252069727
1427424,36.47604902084595
1427461,193.9937118222179
1427470,108.77451054316424
1427474,250.71886420054443
1427519,164.43537520945964
1427543,33.261258522486216
1427545,109.29130727762977
1427548,140.30408406025174
1427581,728.3257331802266
1427596,78.03381472432444
1427597,17.11645294948737
1427606,91.96762419166835
1427610,777.6655350615263
1427628,21.413363585109916
1427631,113.94980089856772
1427638,53.82814074818147
1427657,942.4464082875902
1427690,174.07377212856326
1427732,27.48952993999629
1427746,43.42849503305744
1427762,99.98903159768004
1427811,134.80528441178294
1427813,12.649639843569704
1427842,47.00112014143792
1427859,123.14787631913711
1427862,146.53834775586344
1427899,80.10610421926725
1427908,46.973823270597784
1427919,21.232129884089
1427933,137.40362654300432
1427935,763.7019576478054
1427938,31.94626774550797
1427939,131.39624414089548
1427960,67.8135517039716
1427961,99.15065588189717
1427970,532.1972806853063
1427990,97.47659670715055
1427992,121.1145683019198
1427998,32.82784369841185
1428011,90.46673993356295
1428028,372.0901462625148
1428079,179.41696202068238
1428083,60.523249154315245
1428085,1014.5357603252395
1428090,24.660602620640013
1428093,1490.8926562602555
1428117,8.226585613842607
1428130,40.78477130248977
1428133,118.31596075410728
1428145,71.04254573621805
1428154,147.3156609520939
1428200,26.806798606222397
1428215,19.385580893680082
1428233,358.9219336673487
1428246,60.79486583047492
1428256,11.932443367778442
1428262,862.2776949304429
1428300,1.535553202781001
1428307,278.66683983595834
1428338,34.610401613657125
1428344,401.5997261181387
1428386,172.69950712880416
1428408,983.5358858159246
1428415,88.02819371179714
1428418,219.3808741276189
1428427,285.7233281802098
1428458,190.5368678171476
1428482,60.61280311914747
1428483,222.00587589187631
1428499,116.74450782320545
1428523,148.98441213680192
1428524,561.4364258920139
1428528,50.64532786830994
1428532,254.9647930757263
1428535,15.546894735074149
1428544,462.1573388023046
1428567,173.15557928865957
1428574,316.421583526513
1428580,163.73772664246653
1428610,6.761679183681885
1428614,215.50999085373292
1428646,163.97419750768037
1428648,34.42208633009033
1428650,103.29296907010657
1428659,22.722080522354084
1428660,69.88527442044592
1428670,240.54885733762382
1428672,112.90818884582882
1428679,68.48849850042532
1428749,129.72744520098195
1428766,279.92008589057184
1428777,43.30062654711539
1428803,24.828489584346485
1428806,137.919812129934
1428840,336.9405942793431
1428843,268.78277400445387
1428885,164.42395457646847
1428894,33.90216374829447
1428923,1374.534376771742
1428924,51.955351554084444
1428927,228.95504239651078
1428931,68.41185513587652
1428932,196.8639760966535
1428980,71.98771616479587
1429024,27.304499110547066
1429083,138.1804383930779
1429093,159.23851792981282
1429094,233.2743815145211
1429101,61.35527860557894
1429143,39.938227962505366
1429146,123.26653112510327
1429149,36.01593868120669
1429174,563.1059069807969
1429177,25.298756244300602
1429191,131.64770855971622
1429192,6.474049567446195
1429213,238.8469429635121
1429223,90.7626581280319
1429232,89.57315331625014
1429233,48.72923493795361
1429267,25.882430676356982
1429305,1370.9770384491544
1429330,410.1304511102876
1429336,70.70701593097942
1429343,28.420956027621347
1429360,75.1462737005697
1429369,45.41921666960438
1429378,206.99058502587744
1429379,30.897820874516025
1429395,94.65321856395238
1429396,486.5796396947191
1429401,171.51179455756994
1429469,458.77686872287023
1429517,789.2389353080517
1429537,0.11854955943401585
1429552,526.0272603381358
1429561,121.33773139310591
1429564,78.97153253755302
1429577,229.2206179716448
1429602,54.663559522824976
1429640,321.03737008322145
1429643,389.2901523686682
1429661,11.00116772198219
1429669,326.2743195756752
1429670,20.96762994372146
1429672,81.7064360232818
1429684,632.8048712494556
1429686,117.80527433628822
1429694,884.815586893266
1429715,818.3648523603737
1429716,300.72284632369247
1429750,34.37601282725387
1429763,200.3054612321509
1429767,77.87344720448901
1429773,152.907255959551
1429778,851.3192391620468
1429780,459.4899906333049
1429794,12.628453397295981
1429810,274.0541513899094
1429824,9.414440414510786
1429831,453.42453359569083
1429851,62.05489421175601
1429858,18.86580861735013
1429867,13.568237492036587
1429932,209.69667778897096
1429939,17.1510095771686
1429960,19.865731663401693
1429989,30.899452034537724
1429990,131.89872627023914
1429992,1092.7392125205438
1429994,49.81622392745606
1429995,758.1419477884308
1430027,135.489537491531
1430031,610.0958919781427
1430032,15.996928420125206
1430034,394.6195739451399
1430035,30.302454429356537
1430049,195.00619505076833
1430066,398.67503619636085
1430079,29.812377288549477
1430093,1205.1620601658296
1430097,469.0868186434584
1430108,222.67466661987763
1430111,15.603466169523909
1430112,107.26428769269378
1430121,115.73837629592971
1430125,880.0408178955482
1430130,38.8132034551397
1430136,570.2668367736219
1430159,33.6296082806048
1430193,19.556093950250382
1430200,29.05607336037619
1430226,488.15335511243325
1430253,466.4013251790277
1430286,454.51362986365973
1430287,154.58049793085175
1430307,19.84484115513872
1430344,346.15973920313075
1430351,3.6949059465280674
1430418,989.3087469048089
1430423,148.1676740947764
1430441,1784.6663807606556
1430451,50.73816136697637
1430481,25.842539481651734
1430497,188.12945118085585
1430507,249.07622120996382
1430511,100.97261253643083
1430516,184.03982978882152
1430521,54.06539920574002
1430557,74.05971975377933
1430558,29.85737800413272
1430566,480.35513834697866
1430576,208.50352034524957
1430582,628.5942789103952
1430604,510.90324912501416
1430610,85.19648206921157
1430621,36.73123301889948
1430625,355.4282549594263
1430629,375.4457730196315
1430653,31.89349184825474
1430672,64.76416715789483
1430679,425.8437427924029
1430688,82.0599128911507
1430695,276.8801965048714
1430711,120.19707836254022
1430712,72.7132611108
1430739,264.20369831615795
1430745,266.1467287791515
1430774,125.0326046229205
1430777,131.39143852617917
1430795,20.155817361652634
1430822,179.74572048581337
1430832,213.10196154880447
1430845,186.52644747474665
1430846,38.25350375563264
1430856,63.29653435185875
1430870,1160.379674849438
1430887,30.536782384314364
1430890,1415.769393421849
1430894,294.14412841762805
1430895,221.01768068758844
1430898,254.49431211930616
1430923,49.30981367642895
1430928,498.6552203059378
1430932,111.82674901089497
1430936,5.911374069110057
1430948,331.31277498952556
1430955,317.26598209959997
1430956,95.86209411953078
1430974,604.4815802210562
1431000,115.49012332422394
1431006,17.57014800536499
1431014,33.93162072639165
1431024,21.675015322500396
1431065,57.31211283923394
1431115,49.05430375795733
1431128,74.37947753754034
1431143,21.96387911507298
1431191,13.50382925500446
1431194,20.286315939774973
1431208,118.41279783772816
1431212,18.855001867278435
1431233,47.88399438990779
1431237,168.45901827673086
1431261,56.718911749115826
1431352,43.97374747294263
1431359,202.6593172929378
1431361,1680.2329719948505
1431365,110.41536421608424
1431384,302.3217726328639
1431400,402.4186445180673
1431405,44.42434130036773
1431428,69.98854657948408
1431479,91.85693218515677
1431483,67.68556755718711
1431485,134.78823484722312
1431499,265.8168059549452
1431518,58.27299195512242
1431576,520.8399295782997
1431582,21.0992464509234
1431593,485.2836624229627
1431639,816.8335315248764
1431655,20.048360540935455
1431659,94.99601395978321
1431663,163.99361453542517
1431670,143.78204466451157
1431673,402.43447742071146
1431676,164.67688496338732
1431686,368.1310679531814
1431689,23.282661617844788
1431695,866.5513860262599
1431703,840.8522505327971
1431745,16.61251995696458
1431774,0.8940141133732356
1431795,290.16053596375696
1431812,22.276702722321108
1431813,269.43544794515253
1431835,586.6072852169215
1431845,37.75418186616726
1431853,2.9129113437996166
1431854,191.66831235486498
1431871,185.6888850401983
1431873,181.14323146356682
1431880,100.78555892318543
1431889,24.99423825185807
1431890,613.874452676103
1431907,142.6611228470458
1431922,2979.22158693179
1431933,50.58439441722754
1431942,536.1848647695723
1431943,178.96403606614038
1431945,34.66879348804704
1431972,498.34959895701604
1432009,416.4311279409901
1432030,19.222413640726778
1432032,264.7472726963426
1432042,529.101212375862
1432075,137.88721789201878
1432084,126.70035043425209
1432116,31.75606210048881
1432128,78.29623125837065
1432135,210.87340108775462
1432174,1489.594435463136
1432207,137.00331010912774
1432211,58.72146556802109
1432224,268.0515646067837
1432227,118.13952612261173
1432230,43.66051807594883
1432242,142.3325427528017
1432248,144.59364918039685
1432249,36.815325386310285
1432258,93.67192143048116
1432265,15.620386706018046
1432281,24.254189613443344
1432286,489.6926613117876
1432305,125.49141099440745
1432316,759.5411081490652
1432323,16.378498367918525
1432334,12.501241268134391
1432350,462.9154199334455
1432364,18.1815986642396
1432390,3.310439998789671
1432401,13.672001338349263
1432411,840.5057108993232
1432412,452.7167607297112
1432432,44.12449203341144
1432434,39.18659665245002
1432435,41.90468801421954
1432440,291.83600836853935
1432441,323.5927017540248
1432452,120.19310689405764
1432466,21.01908571386505
1432490,177.54103586229155
1432496,658.3169566624282
1432540,120.17537753260854
1432549,73.34547748588484
1432554,66.85772233906151
1432590,34.148482086974916
1432609,45.14549166582068
1432624,80.46807120492846
1432625,97.55187339730529
1432632,92.98923970118486
1432633,547.2276374627672
1432643,96.8776989779327
1432644,59.19995418571343
1432675,629.6233864223658
1432687,127.62594566559736
1432714,988.8713790718448
1432738,15.598830311465207
1432764,911.215490703051
1432772,18.6814937172396
1432777,18.737174618521582
1432803,27.255358513251657
1432815,43.67341062595616
1432832,950.034835500346
1432834,96.13284284821876
1432844,76.17796051680867
1432851,67.97505104104866
1432899,403.304226694652
1432911,18.605606895199653
1432921,106.89684652608794
1432923,137.81993503072073
1432968,249.66409148218688
1432981,185.23413053895132
1433003,525.5751855213565
1433007,208.72549763939014
1433034,142.69395795193913
1433035,78.33155489388287
1433039,59.185170469602056
1433069,105.67093867562757
1433070,23.567463822016993
1433094,18.59501042463677
1433116,36.92246777902232
1433132,40.505690757810065
1433165,152.6312588918899
1433199,194.94287631673976
1433203,332.12475493074453
1433284,403.0370655701611
1433285,428.48843176144766
1433288,26.632843744295666
1433295,123.72808341080406
1433304,44.90499541560079
1433307,244.25712154175443
1433312,356.48950143645106
1433314,124.31836075488846
1433325,266.6124172371356
1433355,163.18474587906698
1433357,380.2656488961441
1433370,35.82384142428967
1433375,85.16061323573287
1433378,109.487763340917
1433386,17.723050876813055
1433395,25.330951247619893
1433405,131.6519744927148
1433450,388.8742897628361
1433454,982.0389791322652
1433536,77.0919570995306
1433561,47.89971232435408
1433582,276.7287603639407
1433590,163.82346391571562
1433596,58.72800421965451
1433602,48.59668950122303
1433607,44.87614050233168
1433608,741.6169218570809
1433611,373.5935766258927
1433619,38.58734144227728
1433634,140.99084620539128
1433636,228.911966912924
1433653,81.36533356970283
1433670,25.46571194161492
1433675,95.9163811014591
1433681,432.0728378294461
1433692,205.44353813928976
1433727,82.04887431336344
1433729,287.01707764927767
1433742,373.5745574331077
1433764,305.9162352008834
1433769,14.971099377173124
1433782,249.8148027764028
1433797,253.45562375268042
1433812,47.34136907952078
1433830,97.59748715448315
1433839,235.16575112749553
1433843,113.87189011729104
1433846,296.96364493236314
1433866,151.5658861677867
1433872,453.2009557097638
1433924,56.69296318507577
1433933,17.71622454172123
1433963,51.56014313283236
1433984,32.25940954752588
1434019,109.42272979159209
1434024,79.41307117513728
1434042,488.8522016313834
1434050,41.43012299211032
1434055,367.4338133164394
1434063,309.83960247153595
1434129,32.1167395328729
1434146,177.21133960991696
1434155,75.52228294342008
1434166,19.977430709084615
1434232,89.58450223336254
1434236,13.924757446103067
1434239,50.82722255978526
1434274,52.835235490844106
1434316,405.2605484709383
1434331,321.83540474891254
1434356,254.71300806484717
1434359,345.18557869488416
1434384,350.6302672481116
1434386,298.376416736224
1434395,530.65947806746
1434397,20.952365093313627
1434408,469.5468677329749
1434413,35.01237300574416
1434417,69.38149760720918
1434474,68.29775967668529
1434478,18.30547656288753
1434483,478.69943356752987
1434488,136.73941637657933
1434549,75.05251236695524
1434553,57.31048352846566
1434557,168.4538163187719
1434558,153.39151565007242
1434574,246.7075562526537
1434599,110.4123591369303
1434614,66.76326193091681
1434656,209.99617516975192
1434673,290.826234345639
1434682,41.846718850280965
1434708,379.9768569355518
1434725,225.78449344946176
1434726,193.3066650032508
1434750,184.38891838528778
1434781,172.08361295166077
1434793,6.406133736298443
1434813,266.81392662930176
1434822,51.96144957979412
1434827,59.62334538258029
1434845,242.23650145738162
1434891,27.694346282110192
1434894,1660.6670996988746
1434903,316.34987086277795
1434986,144.7809533411015
1435007,416.7688001946694
1435013,13.952813794819148
1435021,48.48605072868877
1435027,169.07839394477344
1435029,2.237594106364794
1435035,18.49917097598383
1435074,32.00273143367225
1435076,287.6137288185084
1435085,82.9879065908624
1435100,238.84936660461827
1435103,60.8123601939023
1435109,6.071580198350837
1435116,409.4354102005193
1435122,1194.0280148993677
1435140,151.95594157235192
1435147,173.20747343377192
1435184,135.85360034330031
1435204,267.8169182279032
1435213,19.13298511299811
1435221,51.39614399744254
1435232,152.89752669601177
1435237,285.7269880593231
1435247,791.7106909355423
1435255,51.049082683092635
1435257,323.4802520223901
1435274,104.33439378635958
1435279,53.94516835318157
1435293,104.19440266658778
1435295,1104.7974309880235
1435336,39.5120293362728
1435344,799.0991074791629
1435363,105.14946368615465
1435366,151.35871561770827
1435423,234.47535852970543
1435425,39.5670500729038
1435470,25.757491593553425
1435474,38.45170287457033
1435514,50.18615428289119
1435521,1226.1684735238061
1435552,16.530547239407632
1435587,545.5253361228346
1435633,123.3908700519066
1435652,521.3891224727192
1435663,434.79156267250676
1435666,732.8397606816757
1435668,91.98364138504476
1435671,67.41176333779806
1435699,550.1118996913533
1435716,176.14574981566125
1435741,128.59075864124767
1435748,508.0491209743514
1435749,76.94128330549961
1435758,79.2443779230328
1435764,40.30716974944578
1435775,516.6584332326952
1435778,11.264983580251625
1435780,74.94569712624512
1435781,248.7995996540507
1435790,94.51025094657166
1435797,390.3811757027719
1435805,120.51057511525183
1435817,1183.3933334610806
1435819,334.26592368966095
1435821,174.55742855884546
1435826,420.1150708912075
1435855,142.072953543719
1435856,108.3522670250494
1435861,37.538193247038755
1435862,477.70790536067875
1435894,60.73102399918113
1435909,2143.4352923314095
1435910,12.98207780533586
1435938,28.772327892916493
1435944,216.45635603970584
1435973,515.5667179495885
1435998,28.89205287277419
1436002,75.84172797971299
1436012,137.53215228978712
1436025,275.4594239841106
1436037,48.69629457926204
1436052,24.092305686218225
1436060,60.60345689599179
1436089,192.81783549936495
1436104,30.386924930678806
1436109,57.92089156213679
1436130,527.6238605831724
1436155,21.082977994675854
1436167,319.38441757242407
1436174,342.52773193603434
1436210,24.980602253594387
1436213,1239.3579611665705
1436228,11.892920461598887
1436244,111.10271450895053
1436258,252.99705582500073
1436260,29.144484405382162
1436307,41.346478711749434
1436318,283.99210756535956
1436339,568.4455236960699
1436356,121.91239719743864
1436368,50.53036229522543
1436386,780.628381721578
1436420,16.947457044517854
1436473,182.89308346421564
1436480,142.73419830086792
1436481,163.02013340847887
1436514,79.18969468583582
1436526,55.601449991158816
1436545,2011.5849279952797
1436547,38.472932404677245
1436549,156.31469722493296
1436558,404.12520570216384
1436586,412.98914861952795
1436609,673.9707653029025
1436625,347.8112727017376
1436626,10.96536333834088
1436680,61.81652592835325
1436681,205.33744814480426
1436738,393.9298934948787
1436746,17.712647760965684
1436754,159.8304889666603
1436768,49.51878280044114
1436774,26.141633778127314
1436823,119.50091977509062
1436856,481.47649122552144
1436867,107.35726474920659
1436870,90.86930742444572
1436892,33.79935780845984
1436896,365.937019565509
1436925,289.5413059769688
1436928,36.226835177339375
1436947,346.835930165179
1436975,52.03961496755257
1437001,26.98032313949205
1437074,47.51474845582699
1437101,559.7536894311655
1437106,80.17723164756977
1437108,20.853222039944278
1437111,170.0636588364832
1437121,84.9934769667777
1437124,11.114100260718448
1437201,611.3438438729664
1437209,475.6529701324849
1437216,229.25321418917812
1437219,2.532076622676197
1437236,42.30237524309962
1437244,211.80263160790886
1437265,231.10306091542424
1437271,14.962926724689893
1437287,157.61399446504143
1437293,124.95113985190744
1437300,129.2218244432396
1437302,144.69999715665526
1437313,277.73452304567303
1437367,76.30124350902574
1437385,134.79792136795945
1437393,63.34410280227865
1437428,21.09462232527493
1437433,276.48328553826167
1437438,28.104715693264968
1437446,106.12398391459601
1437465,21.311334318831666
1437468,42.581049478608705
1437490,0.018077038901995066
1437531,144.18662391156982
1437561,247.6300747981635
1437653,700.2794202533371
1437743,35.058580379562194
1437760,290.9470666728463
1437767,188.49725909166787
1437773,37.249850759429215
1437782,273.04977696317746
1437784,272.43572829967934
1437787,592.7533778685953
1437796,290.6792683564056
1437817,18.577662973944538
1437824,74.40601337929844
1437825,32.90746638423068
1437835,17.90303709921133
1437845,13.420997681512757
1437847,183.43246098088804
1437856,221.36550113743937
1437863,37.89874891142497
1437923,547.2709826604378
1437934,188.59245159758868
1437947,158.1476860740403
1437968,75.30036250415394
1437992,80.89133284502152
1438001,146.48656109302723
1438003,20.908123642591296
1438038,32.48512454977662
1438049,480.4132360663577
1438073,257.34493589741135
1438074,86.37921302165034
1438076,161.63005816329087
1438085,67.45727082681161
1438086,52.90712276309242
1438123,21.47960883695828
1438137,41.27151351686502
1438146,101.44119118397582
1438160,31.406335322764956
1438163,448.1320869682442
1438175,134.312904610339
1438178,25.76616393072711
1438196,133.57617071300785
1438212,883.7634228645651
1438231,34.24407277047124
1438275,42.35965921586938
1438279,10.597008911369706
1438300,142.55886899166464
1438304,392.04682623213745
1438307,94.36676422814314
1438311,142.89766434841417
1438318,728.4808649018095
1438319,1653.9683679754348
1438339,172.0915787631835
1438407,18.70636430349673
1438430,103.48304994082602
1438434,137.06697300077488
1438471,368.7517951579364
1438492,39.21074984596274
1438518,208.21855443570854
1438548,33.685974765179516
1438573,165.20805235538418
1438599,542.3600832659448
1438615,42.106205036573236
1438635,214.61309438367624
1438649,12.985998748873788
1438654,311.02396770601143
1438685,257.73922331016183
1438700,432.449931044639
1438706,265.81959000784207
1438716,7.59547900738891
1438719,49.76495255152767
1438722,165.79920147428533
1438726,276.73708511787066
1438728,938.3777939580534
1438733,76.20768533466692
1438743,257.7792200123817
1438751,60.06814591279192
1438799,64.02089096151035
1438802,68.93985608640551
1438832,25.786027795828364
1438842,16.561973158049003
1438853,65.94082388507466
1438909,47.77859425069143
1438920,72.37400678076003
1438925,170.22041744588952
1438927,70.08609852240885
1438934,130.35303840242926
1438968,1198.8756610556397
1438974,475.9705622915906
1439011,137.96334690427562
1439020,1.252400268691846
1439027,155.8970720981592
1439037,26.654319348854948
1439048,37.451198218909866
1439062,630.1734010003769
1439086,156.9661347738805
1439087,256.23734916327817
1439116,271.4601485351128
1439136,239.2657128759377
1439147,67.55427454792208
1439151,270.73859964225113
1439152,195.9487286753315
1439153,413.7227333927437
1439166,461.11492863562097
1439173,169.3049384117227
1439182,609.3483418808411
1439193,43.00590878665961
1439200,599.5469232151605
1439204,15.87641396419178
1439212,555.6364615593241
1439245,14.562403299329654
1439251,61.25208487534179
1439256,103.14323514889396
1439257,82.97843621730564
1439261,21.414175421867036
1439262,44.209501514345625
1439264,198.49195259799046
1439307,234.57027291677926
1439329,125.5854440735063
1439341,10.888901428995451
1439399,297.2525685516596
1439432,993.3219340473792
1439454,239.06345200438713
1439487,1886.2298227483907
1439488,426.1711731291431
1439494,43.04440547499667
1439508,145.0418468623961
1439531,26.8927941244836
1439539,92.8846088106164
1439572,58.04415600920252
1439573,22.132868263443058
1439582,16.13691125815431
1439583,94.43093477682207
1439602,19.02829164634034
1439633,34.89558690952251
1439647,396.3358124364446
1439659,11.09586097748544
1439667,71.06162002039017
1439670,194.99226584057206
1439672,386.6282213835582
1439681,34.460997098299174
1439692,8.784032363965695
1439732,66.15365962082825
1439739,277.31971779773795
1439742,248.17695892857074
1439785,123.34804689297654
1439789,186.99379930871078
1439793,10.62920788908799
1439805,166.0107583499581
1439811,12.529363923186565
1439838,12.661100407682262
1439843,296.7116493191908
1439856,454.090664575745
1439857,413.4007279048867
1439868,30.79388383529906
1439872,4.623459040742198
1439873,17.56514917211724
1439889,67.3149662975693
1439914,10.731962412550947
1439928,639.2364057196825
1439931,317.5777709269854
1439950,32.697381619187915
1439963,247.0244865818167
1440011,167.53152205741276
1440017,304.28292892088615
1440018,55.162683376693444
1440024,297.9709439395561
1440033,92.80808959115367
1440035,1652.705229983028
1440074,66.04601355919537
1440086,1096.0325080386303
1440104,13.042841493226648
1440115,56.896037740099935
1440190,506.2070670559429
1440217,31.398574553692804
1440235,42.46221280937691
1440237,300.4535603078622
1440240,30.206709313586533
1440242,48.76893284265835
1440248,213.1742627710579
1440261,255.61628987904984
1440267,45.46047083708834
1440278,71.23127108867682
1440281,1732.6858687393212
1440286,9.979080525757842
1440313,48.45773792926332
1440330,87.34102075443795
1440334,12.250746392607876
1440344,840.7444537657772
1440398,358.2146639249881
1440417,542.7838489322529
1440426,268.6196470243216
1440436,856.7224485244157
1440438,86.06274381997329
1440443,438.89001600344574
1440445,0.221375967123949
1440463,214.7077994588051
1440509,42.56813301869493
1440519,201.1246093235019
1440560,108.46658115262679
1440616,125.29077619713081
1440633,436.1434680316782
1440671,12.246164003438942
1440680,45.65041853887585
1440692,268.8589394743744
1440724,279.869309624399
1440725,94.48403372238751
1440729,528.1120199220543
1440743,94.47104004778264
1440765,95.90716571268548
1440771,38.41573500617308
1440801,24.074709489499067
1440816,269.08806118143895
1440825,434.7640773952142
1440829,39.46383782140153
1440844,14.769938894969897
1440868,15.981381673317388
1440877,690.3233411709664
1440883,61.560521083417214
1440934,39.122087301846875
1440940,72.71277363632733
1440943,817.3179207999317
1440966,18.461102998652912
1440975,34.46972671908767
1441001,88.06491170310989
1441003,433.89434593583434
1441005,533.5381595864906
1441014,16.4324628080936
1441042,10.562408547307374
1441050,82.52867814618607
1441059,243.29696701258197
1441064,86.53372621227687
1441077,238.86878235340598
1441078,105.50222117497323
1441114,131.58357663096194
1441123,274.84985283714934
1441170,65.81944712741671
1441218,7.765175547963108
1441231,83.81597062026798
1441237,57.24355538547027
1441240,374.5995611057968
1441244,201.2111932823945
1441254,84.7628891536023
1441255,217.02618028671415
1441260,106.87394737375247
1441262,449.6305180814008
1441270,313.52532608928703
1441282,286.8333644320809
1441293,22.213782810412027
1441295,220.52370888296747
1441301,50.67090685696052
1441304,183.46071272442546
1441314,85.63369900758427
1441315,433.52104295293526
1441342,5.341512281412633
1441344,49.17123056397567
1441346,253.10061613149213
1441363,28.834640873566308
1441368,334.3170995470058
1441375,26.20771761755774
1441382,36.14421883103464
1441429,453.3413268214255
1441457,315.9556530960539
1441461,127.42903321961653
1441462,82.09602845805959
1441467,19.520856144480128
1441471,351.27999503361866
1441485,93.51516119739898
1441493,325.4816453771275
1441494,693.9706306137859
1441502,106.58321221876268
1441521,27.202828782011522
1441522,173.0202686630858
1441531,374.90894898806687
1441542,315.3142690660286
1441552,580.764677015223
1441562,694.7668340878873
1441563,25.30578573472583
1441579,53.37376320086679
1441584,200.01003387016107
1441592,595.2771094983909
1441608,137.7192577719703
1441614,332.5637372315984
1441628,132.61438589238307
1441633,527.1431460023205
1441634,52.21281433449876
1441669,339.32486171297063
1441671,192.33562422615813
1441674,225.4192601358037
1441678,163.6005539663096
1441691,534.9936714791769
1441697,117.61078957830334
1441700,42.72821137786875
1441706,43.31787963057278
1441728,17.878965190631817
1441734,364.5977771233274
1441739,185.9321858869275
1441751,129.54110375272808
1441756,32.1235336571476
1441761,59.673287032867584
1441768,171.73478850951082
1441788,315.66480692690226
1441830,226.52960320299735
1441846,184.1039086151967
1441886,301.43357001718715
1441890,197.43426062914926
1441892,68.2950942308746
1441899,419.79806620370925
1441916,15.639888552683429
1441938,692.0271699187701
1441960,518.5277724728875
1441985,80.82810798787575
1441994,192.56283899983126
1441997,108.69103747336551
1442044,75.69256681596173
1442046,73.40913376500274
1442048,199.9225278823017
1442076,52.69321780512976
1442104,202.6482053056891
1442117,271.5884694057481
1442130,11.528362766618143
1442140,22.36216536007796
1442168,14.147062788491711
1442172,107.93135614470187
1442195,48.46001092215486
1442196,174.02148114772305
1442229,32.72437692010205
1442240,164.92579725016364
1442242,195.72965278024688
1442249,97.67058796524623
1442250,257.9047198349298
1442262,111.73056859459177
1442280,65.4969560839851
1442285,74.1009802533742
1442299,98.03906952281643
1442310,199.1149495845228
1442329,74.7758789932744
1442340,152.06289909334077
1442346,317.10171844167604
1442356,122.73914760987675
1442360,36.669318361071646
1442361,110.76236469450129
1442368,11.379529848094787
1442391,22.184172813441513
1442394,487.348309095156
1442399,107.66266089943305
1442400,199.831682164887
1442420,232.1217023079087
1442423,2073.3576379167307
1442439,15.957622423760725
1442450,15.489466867047758
1442492,357.82525599921456
1442540,187.3696550285241
1442542,107.40742015696057
1442543,32.34353034858074
1442597,407.57967555263207
1442610,233.3814881571714
1442612,157.15704686660163
1442624,114.3393883445938
1442651,279.2606840294502
1442657,22.6067050842345
1442686,302.22439145474044
1442692,532.9788583224637
1442696,122.09115900628464
1442704,1828.4057563714941
1442709,87.46259302895196
1442756,11.218012361379825
1442758,226.50709254774438
1442787,78.92630501912402
1442794,283.2096819727721
1442804,56.22226823280837
1442808,26.269184521481225
1442812,290.2770120258711
1442839,316.95297953980315
1442844,56.64764020482809
1442846,27.277319551828565
1442863,150.27408263674928
1442880,31.221475389047306
1442947,48.53957906625931
1442954,34.1675091345622
1442958,120.87468445856116
1442966,86.55859697995598
1442984,90.70163061321088
1442994,133.96781939921365
1442998,77.7454761044615
1443014,136.27022893985796
1443036,303.2872822118894
1443046,12.519925322904943
1443052,200.69215943434028
1443123,155.7818001329917
1443132,44.10880142828204
1443157,304.98391727354476
1443158,147.4263053921813
1443163,202.36097163776054
1443192,121.0868238135354
1443200,40.45790732929408
1443203,184.2713789607583
1443205,18.616951844200063
1443211,77.43682390791875
1443225,134.1447185506733
1443244,47.88041033428101
1443246,45.30172892335555
1443270,273.80444457912654
1443272,237.7229332632354
1443284,22.576624823338722
1443293,600.4458050054576
1443298,27.448922051353307
1443312,111.87068366570676
1443319,154.06470581361657
1443342,41.444670808057765
1443356,72.33381400299463
1443388,14.522133740460982
1443390,151.7376701598567
1443391,91.10778622400576
1443392,131.00356965573908
1443394,1376.1613611846153
1443402,94.42507932797747
1443408,1328.5843480114497
1443416,20.199139719908263
1443431,12.161953713676258
1443457,45.84509453380263
1443462,26.730996750145874
1443467,32.42885357107116
1443469,319.1740729466058
1443474,452.23309525228194
1443500,53.66375962701219
1443503,69.93878722354896
1443512,259.1904498718962
1443517,0.17003489360442683
1443519,30.008124235819352
1443523,219.00701156510235
1443525,112.04754076033085
1443559,123.25690800201471
1443567,163.44858091030582
1443604,267.7989610138074
1443612,262.214275560694
1443615,287.83352179977487
1443654,14.579419405039047
1443667,86.72402765712113
1443671,476.9381836110289
1443674,0.11113472767127756
1443685,56.627303093901496
1443689,33.92823356044396
1443718,128.08197407373387
1443723,40.77585055700065
1443736,142.64654914464168
1443743,54.65070078442913
1443773,106.27066912996013
1443779,257.8032915679081
1443780,15.045780120438558
1443790,516.616277919382
1443795,92.95618792004899
1443796,178.36411420933297
1443855,140.30623342463818
1443865,89.96302894003946
1443887,11.241619894045938
1443889,74.96421203192654
1443948,122.03750687132494
1443957,28.51611854225674
1443959,105.69825845988942
1443980,232.06259167198778
1444017,441.8072234925528
1444033,10.381974466114068
1444037,286.31916420201526
1444093,510.5846980510808
1444143,980.8569519159904
1444150,529.3258163417772
1444164,26.477821822473484
1444197,82.59999940692948
1444198,30.03445808331252
1444202,13.56365949977903
1444210,105.8787042853762
1444235,317.70612692382264
1444240,220.56027104619912
1444251,95.05084827601945
1444289,39.88568377637876
1444290,271.47242615634764
1444293,12.79392155057877
1444295,53.62001688141943
1444309,189.23257318943664
1444312,42.87020727707612
1444323,122.44137515609361
1444377,43.39187882054138
1444390,73.52428428845644
1444429,27.99113664559767
1444450,111.82167023401803
1444462,152.50464163525038
1444468,27.266619921528083
1444476,41.7321160668126
1444494,1018.9249347153456
1444516,314.358451151109
1444521,25.93995111694199
1444536,116.24879561145292
1444543,1750.6857143375503
1444561,79.7608171348429
1444572,22.536541268386156
1444583,198.9666386702158
1444587,94.43696804372578
1444590,30.97784315382908
1444591,924.8087194230259
1444602,75.34966188393817
1444603,45.22124484619918
1444618,30.675558085610945
1444631,108.05305481398322
1444649,280.7582639464424
1444665,378.34677825202607
1444668,403.7472870644055
1444677,57.341417098648805
1444680,238.6568240897404
1444705,170.32270629808247
1444737,48.97125261717864
1444755,138.0299523522011
1444798,1089.3196053682436
1444811,102.25951836503333
1444822,285.2339946342863
1444828,93.94290712110262
1444837,116.6851918738904
1444841,262.27273351936253
1444861,210.75174256630632
1444878,168.47847434039116
1444883,193.1723876340455
1444887,62.22364320601952
1444912,1752.959001493591
1444918,351.1301355595421
1444927,36.69296131145862
1444957,73.23080453678325
1444966,127.56734249523574
1444981,250.0273464609466
1444995,35.918872091508526
1445007,120.85983158694341
1445028,36.1787794111686
1445032,297.48755899204406
1445037,204.57867976693774
1445108,28.640882380296432
1445115,82.35954735626693
1445130,426.9547501087295
1445136,263.70021761184137
1445153,65.85520208294508
1445154,263.3112932347931
1445161,18.405375561065085
1445173,689.5954625051933
1445194,48.682029620152115
1445202,1351.8808264928234
1445208,15.484196206783286
1445235,434.0830210413869
1445257,43.25915947062005
1445268,97.46755139852364
1445308,56.95741342758687
1445345,190.89010191741187
1445380,342.6120643238574
1445388,72.21941245518934
1445418,1621.479259394325
1445424,641.8105225777335
1445429,498.046937938191
1445432,37.59475661576832
1445437,388.55890918411313
1445438,353.7515616822518
1445467,611.7632034867685
1445468,699.6484440894735
1445518,35.67925801773284
1445551,120.83097796879319
1445553,849.4584475654806
1445557,99.48444085914798
1445581,14.105564467345584
1445592,751.8956685901549
1445601,102.14559621552888
1445603,228.55293055419273
1445613,96.33720992377637
1445630,20.20713314583711
1445638,111.29467824317722
1445659,50.550757315729555
1445660,39.49517756773909
1445687,240.35633261432793
1445691,241.26878759283767
1445716,226.13990247146012
1445719,226.30144641135846
1445743,15.81168330302756
1445758,95.75074226339252
1445768,545.4834689366103
1445770,198.4817042245105
1445820,16.52913627499387
1445824,125.81686262432378
1445857,51.50354557637074
1445860,194.06585215210478
1445891,318.1576544200594
1445895,8.044844894921686
1445899,79.10221117101084
1445903,248.0059059702347
1445942,248.7238682527036
1445951,19.707650516846044
1445987,167.86863174436127
1446011,46.771550992627674
1446058,27.876879043431682
1446086,25.56570633222913
1446095,71.28450550402574
1446108,10.970902349439845
1446122,35.65066159021359
1446133,29.786954614618494
1446150,210.94147987114894
1446159,99.3392538280974
1446160,142.07383482972918
1446165,1022.3955335676553
1446195,150.44545158356956
1446201,98.84979793249687
1446214,231.25407784917704
1446239,7.71955959249028
1446240,96.46520908332377
1446241,40.12664703959126
1446291,96.18365870241207
1446311,32.19437725011745
1446318,91.69030493396073
1446321,256.7158775548797
1446344,2396.2033034898905
1446348,146.22930297325902
1446354,32.46531748429918
1446359,37.826751196413376
1446385,4.515701193478889
1446388,654.4277726520216
1446413,578.9399770992137
1446430,822.6768041442172
1446457,92.1834456110161
1446470,280.953026859791
1446499,534.8100121128002
1446516,245.39522008297317
1446578,769.102720099407
1446581,136.49814477521554
1446589,93.76844130964082
1446591,0.2184554155951448
1446621,671.3354084102667
1446632,152.38192206531147
1446649,333.0552199063211
1446657,75.13705486959448
1446660,50.44357941117894
1446675,358.2969043512606
1446692,430.058138748737
1446703,355.9988356302426
1446736,63.97919857024819
1446737,692.2514549152527
1446773,270.96808626113517
1446786,11.763358119704717
1446797,100.5855948282078
1446799,1242.9954095477697
1446802,31.636423441646976
1446803,104.56627494987701
1446810,255.51115751546445
1446867,72.4120507368995
1446868,257.7560279783852
1446882,298.13090472838996
1446887,108.65157513011125
1446915,0.23867781563831225
1446920,41.39532170955196
1446941,54.8170569379159
1446950,27.111549768694
1446962,76.23959664733303
1446984,380.577163088683
1446997,1717.1427331803795
1446998,282.71809478453247
1447046,50.35227585608527
1447072,57.56369968023701
1447078,416.2669493413042
1447145,107.74358927884636
1447158,557.711504264441
1447167,391.53672737016
1447191,141.90055832869265
1447194,149.10144807122856
1447229,248.54222846340787
1447264,84.67266204348705
1447296,59.32370488328157
1447326,21.756270366039928
1447359,46.39919611313768
1447369,837.775982924849
1447408,36.23545866247652
1447416,29.262259077165677
1447457,214.11908111565083
1447467,143.41141057160374
1447474,102.27059523790221
1447542,43.82860350056896
1447544,3.3305447133722046
1447555,34.501257471043644
1447608,72.12118309636692
1447615,206.36058558431
1447660,592.4566118511051
1447665,138.18770817500751
1447666,85.43774532572301
1447677,119.32513142009226
1447686,191.0549154223705
1447707,325.4559950433883
1447715,102.3705012650507
1447721,301.0943936226992
1447746,150.00013680254634
1447792,290.98850509390644
1447838,565.4378334869407
1447875,23.60896994202692
1447886,859.5373451211816
1447902,55.37462298725041
1447907,45.53361166328813
1447908,472.4337595694054
1447928,258.44666037036785
1447947,14.681377920610297
1447951,0.9165829006506677
1447963,108.46687611235475
1447975,403.0271616192798
1447978,1631.7176183867564
1448019,1652.4039758497727
1448035,13.818836725967628
1448045,773.8466340673887
1448047,11.639133603620623
1448070,32.89864066380833
1448084,47.66095840251321
1448107,184.78385842081022
1448108,246.88740962148074
1448117,21.928824590494603
1448129,29.831803748186342
1448172,57.42413592561587
1448200,35.75392181707175
1448207,176.83291386986542
1448221,10.82322156414132
1448266,44.45498117733487
1448276,42.994233140659574
1448283,755.9040121132255
1448288,137.35199352559255
1448305,228.31805964213473
1448306,343.0330831307224
1448322,120.46764219525629
1448323,28.70400268646119
1448339,196.38980164043844
1448350,65.903357727465
1448364,201.73450385222094
1448369,67.31879475649107
1448370,30.055327948651257
1448374,52.954301722187935
1448378,192.20510592958874
1448384,67.30900320651475
1448406,44.277511911639635
1448417,74.75882897393967
1448418,145.91348469054643
1448426,107.29748585162098
1448463,17.113568252219167
1448482,612.4201862005151
1448485,386.73211862232637
1448499,32.75552519950905
1448531,219.36407350079298
1448552,89.32697270487762
1448564,55.741177556821235
1448582,22.58419614881183
1448606,157.1809169137109
1448615,33.935408672086695
1448616,35.07852276447713
1448657,71.26495271749737
1448665,104.36556301994698
1448674,167.98819251993027
1448703,19.823355742857267
1448722,91.44341083285494
1448727,113.69252667211587
1448738,414.23037701865644
1448800,85.94423196480932
1448820,1309.8963934501014
1448825,19.65397457268036
1448868,96.74605223379655
1448872,261.7987120530929
1448873,342.9237190828434
1448891,210.7399683565799
1448901,33.391711101475764
1448932,366.0231868055846
1448998,1166.2476055981952
1449009,207.8784999747776
1449012,9.998400096437171
1449013,443.0701993968267
1449017,513.2888549868526
1449044,11.464488097180642
1449051,325.5049411492613
1449096,59.71056734545226
1449113,220.6062514777616
1449114,124.17923612461749
1449132,30.90196773203626
1449142,233.83264088064107
1449143,50.07100665663529
1449195,55.899112013071104
1449211,620.7765934132483
1449224,284.4822878603795
1449226,83.96622867027897
1449237,710.3857203961475
1449238,21.45782354235917
1449241,176.5989426488152
1449283,37.890294650024416
1449312,17.63050069329435
1449340,615.2334794214505
1449349,905.157252984123
1449369,152.06029653190464
1449399,192.7174474520835
1449409,304.88750129701344
1449443,355.4470999604205
1449451,61.00008783928487
1449458,43.248961167295704
1449468,87.30795928946714
1449481,218.33546905430927
1449484,299.3064799715523
1449493,557.5130533430458
1449517,10.143540294785872
1449523,232.46955567347146
1449527,36.52382496865451
1449539,66.58988230844405
1449547,13.467018359813904
1449596,61.56161912653136
1449610,214.4290233932598
1449613,338.019868757906
1449624,121.31248494410501
1449639,150.48350124014704
1449649,159.73652913147697
1449676,695.6402008933002
1449682,55.432732026144485
1449755,65.89462762333596
1449756,890.2551698436238
1449768,27.793533657161788
1449824,51.53513274401292
1449835,22.180228225312533
1449841,239.71137013329704
1449864,265.75290519345384
1449879,41.54877868284301
1449907,31.46993885319652
1449924,266.4990697922453
1449932,87.15978503235361
1449942,18.836456050179407
1449954,19.608691008067893
1449984,767.5768409116522
1449997,13.72741896344145
1450019,502.22103465468086
1450030,22.57697057715708
1450040,152.43735155782744
1450042,716.2357446719631
1450088,286.8631566651882
1450106,52.10663645305853
1450107,31.455900411326784
1450157,63.06230272473657
1450161,197.4239253732559
1450163,122.96597388432913
1450217,36.76278596346319
1450249,238.81877085175446
1450298,30.04140730542208
1450299,20.68132441603222
1450331,310.5544597768726
1450335,553.9847478385439
1450338,137.4316951413745
1450412,18.46865519131193
1450413,32.374768797250184
1450450,52.485962176354136
1450451,48.194817131085564
1450481,36.33135903899524
1450486,207.61077656551055
1450493,550.2332601733228
1450524,14.079856616128662
1450536,50.526389242250964
1450540,281.1724837284923
1450557,1379.7071886965591
1450571,262.3391605015962
1450588,22.575497696962017
1450602,212.94052116583995
1450619,35.11322596483493
1450646,505.61158360298265
1450648,59.74164367456635
1450663,110.46177811220909
1450673,17.300679441211198
1450681,47.64087229223765
1450701,439.23286717661887
1450781,40.34337571726902
1450801,286.5754142820961
1450808,124.48049871373546
1450849,96.89682057485878
1450857,24.543981657468947
1450862,327.36625393737376
1450872,48.80359723478969
1450893,205.01881206869842
1450900,66.23543838439974
1450902,850.0231045264645
1450921,107.96329484263967
1450974,89.34154040641336
1451006,110.53319828891941
1451012,623.6349287236793
1451076,435.73070882268723
1451083,34.807427399367775
1451100,4.80320674806804
1451107,125.42620221108699
1451124,88.871797198689
1451163,93.63853779192338
1451172,463.1867624181476
1451180,173.78511459660615
1451189,205.4240323639784
1451216,58.4561689220411
1451221,140.18123465005027
1451230,260.18090209264153
1451314,132.2924058269809
1451317,1037.3197461525056
1451337,136.9342961631745
1451338,768.1724073651802
1451363,604.4815802210562
1451370,181.54682908452952
1451374,9.641499715242807
1451380,45.4667494541026
1451414,52.85174377681726
1451444,199.63665105139327
1451461,337.0696759087394
1451474,389.5923712532041
1451491,317.77484275227374
1451525,300.3272736696356
1451554,12.065156653151375
1451556,107.60675807613055
1451559,30.64272275630226
1451598,147.45944987516242
1451604,1046.416659248158
1451628,27.311771959595898
1451631,117.76169939914676
1451674,17.558984328880616
1451676,45.52655693027022
1451679,105.48605379301598
1451683,305.59359303796276
1451702,306.05575492898487
1451717,197.1501182152064
1451719,508.21815816048814
1451729,72.36829847539897
1451735,31.80298396446561
1451740,60.946624323674264
1451749,30.78429395138029
1451772,201.13018917231923
1451779,70.04170019505926
1451782,93.19922373430398
1451801,26.7097611510187
1451807,122.8065084319851
1451824,159.40292201896406
1451834,35.68273880246899
1451848,58.02975045492316
1451868,0.4701238196110571
1451871,882.3289667153783
1451883,89.74402467133005
1451900,143.43914907993056
1451902,180.18319062858217
1451903,70.10428267714849
1451907,79.74335832282222
1451917,118.69571611852297
1451930,11.303640431133315
1452010,425.41295187285084
1452021,1053.3183813209414
1452022,50.77301489425218
1452032,114.36074598490704
1452041,216.9870428363577
1452051,120.30562708674526
1452067,378.43217334865676
1452081,41.7092035637555
1452142,215.46813004547545
1452145,508.0168865566308
1452148,44.62171358445268
1452155,97.86329488966682
1452164,215.34576616434765
1452181,204.80799250516284
1452199,99.80456342507094
1452241,79.06733985622766
1452266,84.49928507633857
1452274,95.49144460725222
1452281,5.011414709403609
1452283,241.82977311920243
1452295,124.00481087550334
1452309,308.13316647237883
1452327,110.24832270912388
1452330,91.15758499354405
1452342,281.8131832767815
1452353,331.660013996877
1452397,21.17112978191768
1452410,75.00822670457667
1452412,180.93949493063118
1452428,82.50820116255694
1452440,40.624579912356296
1452460,61.75521772967311
1452462,113.76543443017546
1452469,100.55413243580801
1452470,63.04710400700293
1452472,191.7853936992704
1452523,293.39993829058164
1452525,643.5166706301245
1452526,274.96639213670096
1452533,142.6027184057459
1452537,127.28224150781895
1452541,164.8369833825624
1452554,402.58107408310167
1452584,468.3789880390938
1452600,22.18845572051668
1452624,244.24726619894835
1452660,213.33530895229808
1452669,451.3098664057716
1452681,27.173489779046307
1452732,9.143514814194825
1452741,7.033212846990141
1452747,75.06396799209068
1452748,147.30525255141637
1452750,181.11259238823138
1452753,134.72197797493217
1452755,52.554794020310524
1452758,16.221257840191605
1452763,43.20518765035621
1452772,133.1627748970325
1452792,190.3749819130791
1452815,206.9018207181675
1452835,879.2779398149017
1452837,22.222196364062302
1452847,189.36974530519308
1452851,71.2249353502675
1452892,201.42392606707782
1452904,737.722725465093
1452906,93.17117557068455
1452915,22.176523138595737
1452919,1724.0557589126822
1452920,62.827559705816
1452943,53.97736635680874
1453040,255.87865989831135
1453079,137.19548958631196
1453080,112.95738362943243
1453084,72.49048130195804
1453177,185.1637207901949
1453182,132.567430951243
1453188,27.864557825052803
1453206,293.6739881052809
1453211,62.409722986258316
1453234,15.024527967292736
1453255,66.16566733416964
1453266,162.67626987278982
1453288,763.3357146362827
1453325,50.00658324913328
1453344,50.05394527975107
1453346,117.80925851255525
1453370,91.83077552110345
1453386,11.583707330651746
1453388,468.3411523499103
1453390,418.8437472990076
1453398,356.74997560328364
1453402,29.272616911095273
1453406,525.6346110700506
1453409,57.164299859630376
1453426,289.9872082662706
1453448,49.0333954536236
1453454,188.3950714551827
1453460,97.41624936611123
1453468,654.1101652086448
1453476,193.11976284454914
1453485,151.36009586662763
1453489,277.2612320372519
1453498,430.27433191384466
1453508,2005.5175838065857
1453612,26.375017108490933
1453619,461.7988192817038
1453624,281.85479190257763
1453677,69.83051350739352
1453686,9.274045251731327
1453716,41.916544111588216
1453725,93.64792227604924
1453727,80.84261837182395
1453728,46.87708062563205
1453733,1060.76323701776
1453758,27.18894283701705
1453805,466.4175039419141
1453811,37.765005563777315
1453825,406.9257658186643
1453841,569.2488614050638
1453846,327.61732516481965
1453858,31.208587453866205
1453860,0.012802274171052383
1453878,171.94836607163842
1453888,249.54984205795128
1453903,13.934441318524321
1453905,143.62872938131045
1453906,108.46543244339493
1453914,33.077158992453676
1453915,28.028490868835995
1453924,324.0069392832898
1453928,42.31484939279618
1453938,615.4825827811596
1453965,517.8441675964381
1453972,13.079364740098136
1454012,323.07655815980894
1454022,131.99332935163048
1454059,298.34191027119164
1454072,292.0687143833982
1454073,119.22241659762271
1454082,78.56793729047445
1454122,44.9093636751848
1454164,130.53838123774293
1454173,14.405470591620077
1454215,100.48544898376129
1454232,128.81081184748516
1454242,26.3389309168534
1454243,403.93192820796804
1454261,505.8660777273073
1454269,636.5024693213462
1454285,142.43822299900964
1454309,118.36385041202065
1454318,35.57361115201904
1454362,444.4923514831977
1454364,286.5633401315416
1454376,74.75251166465749
1454421,136.54201341835
1454430,108.53879932774478
1454467,387.87519585741944
1454486,8.285158906532983
1454523,109.76403635227683
1454545,37.89132842917319
1454563,225.7349290188793
1454603,217.88068046277772
1454651,71.74293031734527
1454684,504.97484345841565
1454707,256.3611915080878
1454709,144.96538842349335
1454713,54.58541802921432
1454724,35.360064776451
1454730,12.485690735951946
1454734,27.297480026751195
1454774,171.6819923546853
1454798,91.62053930646911
1454801,22.907549220404196
1454833,25.485631024416783
1454861,37.35060710803134
1454863,180.53875871128477
1454866,15.379269490335167
1454882,133.35811379623013
1454891,234.64105723595787
1454906,39.45007397610786
1454907,140.37050868391444
1454911,410.34763870518344
1454933,68.78164390288383
1454944,124.48274598256286
1454949,83.12814480931453
1454969,1572.1579324995864
1454997,79.64453586809437
1455031,433.47978845883404
1455053,37.987727214725474
1455058,29.25370203528495
1455063,276.0502249395613
1455070,22.716747364108574
1455095,777.6152164500816
1455107,35.770721865218796
1455149,122.57009748678173
1455182,586.780763857628
1455208,25.00373790706189
1455214,82.34308685749302
1455218,3.372246407424198
1455226,120.48547586506851
1455251,13.983080287944217
1455282,40.1652734410217
1455302,281.1216024809842
1455308,12.25454772455968
1455309,36.36662543229608
1455324,483.7545795374542
1455331,244.03176431361996
1455353,586.1148755701685
1455355,55.0604245792359
1455377,13.880661356848217
1455381,225.99472921645554
1455416,376.0305407728089
1455436,127.30526464993191
1455454,18.37293120435345
1455460,569.194453392385
1455472,127.41658208685406
1455478,124.07475477607794
1455484,733.4669599908203
1455516,352.9890946930222
1455529,283.14578346275897
1455533,36.077292786757255
1455534,111.81738524076087
1455555,18.650417052815722
1455556,302.59675689243335
1455569,153.8227832532058
1455577,26.04232923408994
1455580,296.17233056574884
1455585,60.7860684687966
1455589,138.17184818639146
1455622,75.18929398754686
1455635,477.48534671765316
1455637,17.106551756451132
1455643,710.4621909469804
1455649,372.0434683364639
1455666,178.83960389897402
1455678,17.42153100259168
1455688,52.78368789870625
1455705,252.5113720199567
1455753,245.96423250686354
1455758,14.72078890154014
1455780,37.87069466856634
1455799,22.075551250402945
1455813,0.21303870040838538
1455829,403.1893184632754
1455874,8.89195048886073
1455897,114.64129447305571
1455922,33.00300475877276
1455947,58.00566678553276
1455960,36.47372418446154
1455968,134.33348247352058
1456018,130.48708663256505
1456020,210.7973269861746
1456024,48.62246242417192
1456057,138.38091345471304
1456061,637.8162025596173
1456063,184.39921425837454
1456089,11.646789554003782
1456099,176.374552202609
1456111,368.0867767872527
1456120,294.4696690609354
1456131,60.95396977164479
1456174,160.9362592197885
1456193,39.0384229135284
1456199,111.90885024194905
1456232,24.45085338885162
1456243,210.6401453731773
1456270,16.56384698311278
1456278,98.19480207959812
1456287,57.11631348086715
1456294,363.0484951046162
1456297,210.9538359115334
1456298,61.785443569763025
1456299,60.774727018462265
1456302,84.9421743779857
1456322,13.393627577743365
1456334,138.45483818036635
1456341,124.45322948801883
1456342,215.35495051643986
1456388,221.16175524026102
1456419,12.827122351692982
1456445,101.7063000320168
1456463,27.53136017011596
1456472,252.34529377671583
1456487,158.9738072476517
1456519,332.07550041037325
1456541,41.39535991260509
1456547,193.73569845417873
1456556,976.2179362837488
1456560,155.0240362346639
1456565,384.7454323164226
1456589,223.90978379973527
1456593,17.363598944415163
1456596,232.5250306144609
1456597,90.07676334733749
1456648,28.9138863652897
1456652,174.7228177455611
1456658,191.2788280033583
1456666,84.18889395807872
1456699,111.38004064792847
1456740,236.7282566371263
1456750,181.6922633933356
1456769,606.6815087618724
1456771,74.46853992881553
1456783,745.2457383312938
1456785,266.79598697982783
1456841,13.071768448555776
1456846,107.96824734333639
1456847,153.62031815939363
1456848,91.11048121764274
1456855,187.0260792126159
1456889,130.43448196502388
1456903,229.47208377281288
1456931,68.7562597757522
1456955,301.24017463121237
1456961,65.3501981990997
1456972,424.7393382893931
1456990,21.218669465646734
1457003,48.92338292423698
1457016,300.9568511739647
1457020,628.9503674377253
1457058,95.9543626299999
1457066,72.73066963391062
1457076,17.029437597814873
1457081,215.59061686937332
1457102,331.4145749670218
1457111,49.3257279016937
1457115,563.0745931334794
1457123,178.27095791196385
1457124,43.10635978137245
1457135,177.527879249863
1457142,111.19143900262097
1457172,13.38747703347561
1457179,193.4589388868639
1457199,41.66179170360763
1457208,440.09775932405137
1457210,21.358721633080226
1457212,57.98628897256605
1457241,41.55141489919988
1457277,23.16630467875409
1457291,101.81824099940762
1457306,342.0931078205922
1457308,722.9945128595443
1457331,110.1195656973038
1457332,684.8246330499453
1457380,75.6729273012839
1457395,497.0338337966001
1457399,19.040054136561306
1457400,540.6229903042826
1457409,22.72294531793302
1457410,125.75868967571489
1457412,452.6936479449778
1457455,277.71812839783144
1457486,255.62901356650477
1457528,20.084647143583855
1457583,32.710373224485
1457605,229.3982832947363
1457607,234.35402855192942
1457613,431.3302013007725
1457634,17.769785235039976
1457640,985.2325616430384
1457667,24.127592893416033
1457723,256.02726356487653
1457732,284.28619642611244
1457734,103.66911441628471
1457740,125.77063149675132
1457745,376.1806685889993
1457759,19.73947112124621
1457769,468.12906424020406
1457798,74.0931357799013
1457838,12.95767915579818
1457848,366.09394059276696
1457860,29.788098397101717
1457882,113.30479929817663
1457927,106.94820716740855
1457940,38.77326610605426
1457944,97.43328300264704
1457953,52.12403903836448
1457955,84.20747729729099
1457965,202.87481634047657
1457969,393.8843016522089
1457994,134.96201952213133
1457996,455.73153294660955
1458020,38.83086800556411
1458025,186.95062582965568
1458080,300.4651914256857
1458093,175.80311890029898
1458189,27.74136746257496
1458201,193.35308223851123
1458214,124.3298240860918
1458255,46.5856686893335
1458256,109.63989414504768
1458262,6.024902954406104
1458264,14.19691385348414
1458283,544.0510780336922
1458313,170.48558529105745
1458319,42.31484939279618
1458337,42.702380595912686
1458343,113.43553978382204
1458370,0.1029677252084627
1458394,0.8680065074078909
1458403,463.6538895903144
1458426,271.35027864843966
1458427,13.495086411918532
1458467,236.4749472356042
1458481,184.1578144026938
1458496,108.88999058964019
1458502,165.26360944244638
1458507,54.782405304036985
1458515,43.953980694616064
1458521,38.564427277346496
1458526,111.45920923188622
1458527,321.90779289588306
1458579,148.85876097577324
1458592,401.8295539745065
1458594,22.294190186634022
1458614,196.13405857763559
1458620,76.53076895519169
1458629,347.9805183186354
1458641,76.89603311295386
1458659,463.5587678811824
1458669,26.376653978075606
1458672,547.3080325194825
1458686,23.23076990768887
1458693,476.0017039766559
1458704,49.873608999239124
1458738,38.878371533363904
1458746,859.9244989817023
1458788,1581.23936431007
1458802,188.0440236676292
1458824,1154.1886751685179
1458838,12.431528265550032
1458841,178.1028279608958
1458850,687.8450982303864
1458855,51.2412557935824
1458865,87.35387473842094
1458875,12.923792245107176
1458882,1.3720534195296514
1458904,57.820712100619645
1458913,167.2621632668006
1458915,34.617604211662176
1458918,235.1531584588048
1458923,669.1822886668604
1458926,36.6255994358302
1458950,12.107614809541111
1458963,1180.7915688833866
1458967,140.32070437925864
1458994,30.502358125648566
1459041,259.886741328096
1459062,278.35069637351654
1459079,275.16269234944014
1459085,79.52997647955483
1459114,94.81740546789288
1459115,81.40803433990979
1459130,120.30550409628724
1459132,534.3937373926176
1459135,18.15495823802945
1459159,86.11842302556128
1459181,200.71577358236686
1459186,81.36092621832071
1459193,543.0699682585164
1459196,82.81008000582555
1459200,103.96120732005285
1459297,34.29413194233761
1459302,12.140255058850304
1459340,58.199309529934425
1459356,160.98406533443867
1459362,38.61799136905536
1459390,62.047313285723426
1459400,121.6400312408776
1459415,35.71914636206405
1459424,82.40879249856873
1459447,138.9940024474956
1459453,69.40224467892966
1459471,213.04241918692108
1459527,192.1054943680686
1459553,15.795328872803744
1459589,178.47810270729934
1459649,395.15781743865034
1459707,74.59296088167898
1459739,32.29871461299322
1459762,130.47001997401864
1459766,279.8345144312946
1459768,295.97997990626266
1459794,126.28294278216785
1459796,29.066845523259673
1459804,68.50336386044854
1459822,35.71531976227967
1459823,552.0637712322495
1459830,63.656110031650606
1459844,8.466694529494687
1459846,85.20947640972965
1459848,136.69373627415175
1459860,31.394925628421387
1459875,361.99183533595794
1459893,176.13029095678846
1459901,343.74769149415795
1459930,480.8973486051378
1459959,231.2183432609831
1459972,798.4649234653507
1459975,321.5135285959548
1459985,177.55643141658186
1459986,155.25393525288817
1459993,91.37400047313548
1459998,137.89333083173574
1460017,361.6607421547264
1460038,68.4941090657649
1460051,206.4740454494375
1460059,117.47778512977509
1460060,1273.279193226569
1460062,28.075493324979877
1460063,51.48711803139637
1460115,61.51326184610679
1460117,2262.4016129317897
1460120,113.53965375618931
1460152,147.2452961244042
1460215,412.89714274481264
1460235,749.6622813321342
1460257,1027.5518236730584
1460258,11.378726831323036
1460261,479.8932772865987
1460264,459.5547466824561
1460277,2843.8392715461478
1460320,80.19820142617012
1460374,346.19386087574514
1460444,1785.0766513868953
1460445,363.25817305252144
1460451,502.82353183102657
1460463,257.6106886439409
1460464,62.88479021518857
1460475,37.082788681321105
1460483,58.98084505393501
1460512,169.04404316308907
1460527,95.55798149148802
1460528,352.5642512137845
1460540,259.5253077928177
1460544,358.76766339446164
1460552,21.862201317357236
1460556,1104.8148119175328
1460584,117.61845191977531
1460597,15.345370814061697
1460611,21.127975669519547
1460613,117.88767877113482
1460621,87.67402456736845
1460628,59.41316498142834
1460667,693.8013087089282
1460672,44.87642127325485
1460712,30.385657951499073
1460719,344.8119688460828
1460731,191.13046612365758
1460736,23.864607836153255
1460737,113.72653703017619
1460743,584.1642309809445
1460795,7.6852106377332845
1460813,116.00777274696445
1460815,14.671967439429832
1460838,1822.977666247716
1460874,282.93187869649626
1460894,971.1781425404419
1460898,285.8153722370715
1460906,501.57337237265523
1460911,38.52010079801054
1460940,88.42370986534767
1460942,45.66017567550998
1460971,70.10112741525391
1460994,68.84233087819015
1461002,1030.9615675267069
1461010,148.5585189985354
1461030,68.97327290025517
1461034,29.06087646790728
1461040,49.75016127782721
1461060,24.12492569536888
1461090,37.13839702517502
1461113,20.851359463711148
1461176,40.29941295621303
1461187,116.66387784310787
1461189,29.806289975603157
1461201,115.41139881239175
1461216,305.16047219728097
1461229,126.21612887330578
1461237,76.316744800423
1461252,50.12004595894702
1461261,76.01858119959118
1461262,277.69813371800177
1461264,143.39100342274133
1461293,340.19684917501553
1461295,204.18787635354428
1461309,35.182011463660785
1461331,38.625825454015725
1461333,22.412584369042037
1461337,50.705807395267534
1461362,17.682098541249594
1461365,329.8394908830789
1461366,158.2995710223507
1461376,13.734332209425785
1461383,9.52265119308734
1461384,0.0
1461400,75.20495170310448
1461407,92.29577199613371
1461408,692.8810163741178
1461412,399.5916908017421
1461455,28.94231965480987
1461461,297.2523379776649
1461469,54.534935211040434
1461471,10.887623915460635
1461497,36.33668653035641
1461502,85.09891403171741
1461518,7.121803484962989
1461529,85.26654397447682
1461548,493.4996380282161
1461549,157.38517096557712
1461580,41.56049070379119
1461586,24.83114192715773
1461596,40.372580402460514
1461605,606.7461989526327
1461607,21.166646553314468
1461619,40.33300093499243
1461640,179.139099685451
1461709,57.00405338846858
1461727,39.04280547762647
1461768,1008.3331192412994
1461775,23.728110945693107
1461783,93.91391118890527
1461833,104.06487133762066
1461834,34.278807818216826
1461892,86.04417726963933
1461917,604.7840148603515
1461927,255.00520781668143
1461934,32.645327754243134
1461952,75.20622373933668
1461969,900.231419431829
1461970,13.508865546708167
1461971,611.0191410173169
1461973,40.145628550825926
1461975,384.49951682785985
1461982,346.4787096452807
1461999,32.4285158196256
1462001,171.69936148625678
1462006,100.72023870405081
1462013,346.6429389500185
1462031,25.505352189517602
1462054,52.17723868444155
1462062,89.20920198558827
1462077,17.69251863097323
1462080,52.57882038706157
1462124,112.82442453493526
1462127,928.6311523996008
1462136,24.08082076871027
1462159,751.5556003046607
1462161,27.100972976459744
1462163,137.92075032421351
1462180,18.696120977067373
1462187,70.17046088237672
1462202,66.30596295656558
1462226,105.05686409235314
1462240,227.93436542900884
1462250,97.45399148701989
1462272,320.7706383175186
1462286,18.307626050857035
1462301,342.7682226949152
1462314,13.07175661082778
1462332,1.837186664485319
1462333,8.979253138388701
1462354,695.7888163916615
1462364,461.16017348841024
1462415,107.03826744294254
1462420,71.59152380925761
1462430,105.70534005908782
1462434,630.8998319238019
1462450,139.68579138702322
1462456,1185.4490925540345
1462466,86.8273664116832
1462527,34.81232318992927
1462532,166.74031013968218
1462537,77.10973159673168
1462550,0.023542023969008685
1462554,67.46853644651158
1462573,13.329187788261587
1462588,126.47123220191368
1462600,178.80276483236844
1462601,228.37018813147142
1462608,378.8974765548258
1462612,18.561398952185886
1462622,82.85794018552043
1462648,330.20701976290786
1462666,152.6916515310795
1462684,369.76769406980947
1462723,98.76443614150271
1462747,257.0836181647877
1462748,26.19392055011234
1462767,16.4030030307821
1462768,39.570019505998616
1462779,106.09306396667348
1462810,264.42629486117096
1462830,78.328803506558
1462832,135.63128795531998
1462837,21.317614208520144
1462839,561.9467509889968
1462914,15.191574814148874
1462931,221.4405635966533
1462952,122.52309537662674
1462965,132.41102349991016
1463003,263.7061325073165
1463004,961.0361392430771
1463014,206.44831889275574
1463021,358.2643946850003
1463031,27.0686114518204
1463037,128.8162365168286
1463066,28.099037254461177
1463075,21.99812994204128
1463100,17.10818633238645
1463108,256.88362415498796
1463122,250.34958235231792
1463133,246.0899783857052
1463160,9.211929321761065
1463167,210.60578294002673
1463169,69.81229443128468
1463175,11.722705746071151
1463183,358.9472757639139
1463208,99.0909400311769
1463256,40.76500173769162
1463282,137.73864522755815
1463289,544.7209705101715
1463302,15.655641184119546
1463339,87.05815873746663
1463347,40.07149602197065
1463356,32.02401967181353
1463362,104.6218382773693
1463395,99.08640072598386
1463406,268.6779017736646
1463410,214.68148974940547
1463428,174.87342833884574
1463434,103.27354029628229
1463442,64.13475794884302
1463455,349.49587176064097
1463475,132.2555217017592
1463479,1060.77451848347
1463481,4.719887168493252
1463499,172.3967880599033
1463531,109.54203471587014
1463533,125.0823369267777
1463547,452.39551141054864
1463585,246.14818962994067
1463595,115.01329948431201
1463605,383.0567159728046
1463652,68.31718097099143
1463665,4.307802844261097
1463681,326.7015559924298
1463684,26.18915776464202
1463699,204.24688124462023
1463710,124.91740561630519
1463712,122.88414646345224
1463718,22.388595053876866
1463743,27.668539061863303
1463746,211.44049019417497
1463761,160.6531877731358
1463775,662.8108108270843
1463806,937.6671082375223
1463809,55.838211511878676
1463839,150.5405944386317
1463854,48.92889178503188
1463866,68.18152018455238
1463873,15.320242697843874
1463904,474.01022706017477
1463915,177.9859122686644
1463916,163.5073497875044
1463940,793.8012298187616
1463942,393.8805535274262
1463945,242.37701285850542
1463966,74.5331976337688
1464006,275.4233596105998
1464015,66.52632701425071
1464025,245.48778062033605
1464033,60.00539124151494
1464047,1773.6072965743151
1464106,303.3226163195106
1464131,122.22799209252864
1464167,33.96378752288978
1464172,63.31603444165206
1464177,363.95514231494485
1464178,1.8182925981361169
1464202,111.38100464072268
1464242,128.61918024133968
1464245,342.55655759707315
1464250,744.4234602864232
1464252,24.51999606789071
1464254,90.80770086473548
1464277,127.10307948679534
1464291,171.45550979733704
1464317,183.43923318566885
1464318,202.46133791346583
1464373,19.319747907925507
1464379,38.407394288243346
1464381,259.47243786234804
1464385,26.583272578341614
1464389,75.2104321564173
1464391,220.00591081958746
1464443,80.76117053751943
1464457,303.19539964135373
1464461,367.4022015227845
1464476,105.36633429190032
1464491,288.8465592986326
1464492,370.9087733799881
1464503,179.76167743188645
1464530,5.345620077197091
1464535,164.35643360297712
1464581,241.55880910361432
1464589,117.24637321658238
1464601,127.1471210861609
1464606,113.43808000641545
1464615,33.19157786038944
1464617,70.1332049407458
1464628,132.73608584876888
1464644,198.1479924578809
1464656,42.45288042152259
1464689,33.133813040444394
1464692,358.9099057066102
1464784,355.1490713048667
1464786,818.9574066760563
1464836,658.9891229922831
1464863,34.11669772139486
1464884,79.43767513173667
1464888,284.4771001591174
1464987,369.99160538043117
1464990,155.3477645835296
1464998,17.832024660322098
1464999,13.152305270601241
1465019,620.746743807116
1465044,137.95323097729218
1465046,15.081267915571097
1465064,59.64550371437824
1465065,377.52216160904845
1465066,31.99964138584145
1465076,16.215465008671437
1465107,65.71271138195745
1465123,46.70449394275777
1465135,478.0346352807456
1465173,78.76444133084995
1465194,886.1832612937483
1465199,405.9247698537943
1465217,65.83013560762966
1465226,552.5128899296169
1465247,243.60356259075778
1465270,58.901973340006904
1465304,90.0742759066346
1465309,27.165707343941644
1465329,328.8184015530228
1465355,8.9750856767335
1465365,735.7694718308659
1465377,22.634942745873214
1465396,51.55120859945088
1465417,25.827609590920943
1465418,128.2993782403184
1465438,321.15108685585056
1465439,79.84339771591611
1465453,252.0944282671396
1465455,114.8699924609657
1465472,79.76962545518705
1465478,71.21779081805722
1465484,1374.4576178120412
1465487,262.32959648055316
1465517,169.61551316221912
1465520,595.5611139628265
1465531,150.39927975534258
1465544,40.08641720462852
1465566,27.65411324489039
1465660,72.39493819452235
1465665,33.32095651646709
1465666,44.00613020607358
1465667,970.7634849241762
1465689,20.622081479476247
1465717,255.45186255577792
1465742,26.145333472380333
1465746,960.1153758904079
1465748,197.02962724640687
1465788,262.95721025122145
1465823,75.07622974142498
1465908,226.72513540920025
1465922,371.2052303734207
1465923,374.80395859886664
1465945,119.40051736884293
1465957,32.02791314306909
1465977,45.2599106502842
1465986,174.63956395585586
1466020,1613.4976857178071
1466039,48.55315529357989
1466058,474.2805206524954
1466102,42.80184072868869
1466142,25.886537250055394
1466154,142.609137626809
1466159,431.3667287254157
1466161,462.73869531540413
1466164,288.3210917374752
1466185,211.9541781198741
1466198,54.186824022965695
1466210,396.2754524215011
1466241,67.18587954371726
1466259,0.0
1466260,115.07966295103458
1466288,622.9682977970253
1466289,426.18793796027126
1466302,29.155602352160635
1466306,186.61002201062604
1466318,135.08981951974997
1466321,113.26424507557061
1466330,420.91183465075034
1466336,238.04366265670436
1466396,9.563439811872568
1466400,88.54732057143303
1466423,51.55928922869809
1466429,131.01630380797488
1466438,124.29331665859202
1466464,129.43646107738297
1466477,399.91684041503174
1466483,48.11578752211253
1466488,28.81293633230531
1466492,124.1256488960293
1466508,28.265907078889022
1466509,223.2236980332177
1466523,48.14248854715469
1466525,365.0046962349412
1466539,20.0155280466183
1466565,38.733425989902244
1466568,375.67701937562816
1466579,135.81754377195588
1466616,278.69037512783984
1466619,231.80220778039597
1466637,26.422368044954457
1466642,129.0078687467287
1466648,331.57089640225655
1466652,13.832118886271012
1466660,30.928589945200045
1466677,67.64659397352597
1466692,274.5737269702098
1466699,238.5171895864379
1466728,74.92687811643243
1466731,35.59810136417009
1466744,219.39144179097798
1466747,1105.6261847394214
1466748,46.44286094005654
1466754,3.229627067080742
1466824,56.07360213888015
1466874,229.27484500715215
1466888,275.1742554736875
1466895,65.18633654553389
1466931,361.1669303562819
1466943,97.8159199448713
1466980,299.52508518278444
1466987,194.5342397657546
1466995,128.45443997931582
1467015,76.70845151475527
1467062,26.033123136014176
1467067,43.53228690469844
1467073,141.2470833015168
1467100,349.1855002556558
1467101,271.0372461568797
1467104,30.021580953093057
1467138,48.242651734360486
1467152,437.33841240898687
1467164,472.51747033232186
1467171,49.42527682646216
1467189,239.31908267223184
1467198,451.2177120146819
1467232,73.7015062793307
1467236,137.5398729667186
1467255,25.200515810923854
1467272,44.219884555091305
1467304,59.135637476778335
1467327,18.962516073967144
1467330,177.97697621236335
1467342,13.578968163940853
1467381,89.52253773991767
1467395,235.0653520425087
1467408,166.39645505363495
1467437,73.81595317889546
1467462,22.1865243407547
1467469,70.97538429185241
1467493,2.5898818678649236
1467510,226.61762039886338
1467559,157.3988448840541
1467572,60.78024140195636
1467609,31.10815570886523
1467615,72.35505299300505
1467630,1630.403945151666
1467638,431.0055008236332
1467641,41.796522300170125
1467660,63.302143570208806
1467669,77.24253420710849
1467681,306.40686052101756
1467682,887.7465395523897
1467684,414.5308715125325
1467695,670.587907342183
1467724,54.237488129057425
1467746,263.0547970685926
1467768,119.17907064274024
1467769,37.25782127237566
1467808,118.0549234930494
1467815,131.76694161839737
1467820,43.35585975723157
1467823,149.027095950138
1467840,472.52165670768306
1467885,716.8293051494184
1467889,88.74682862279823
1467909,368.72754630276705
1467938,188.39391837287425
1467939,82.98316153449687
1467998,162.42399278945274
1468001,9.511670933277346
1468021,34.69291498988324
1468046,49.8807586711128
1468053,215.78971725892228
1468070,12.877816353690008
1468073,184.0118109532094
1468082,232.21117405418886
1468089,57.400108808633505
1468117,181.4297777796915
1468137,59.91377200458913
1468147,258.56989781896175
1468167,122.05976170502439
1468175,196.52279077265823
1468194,95.613906095639
1468197,56.04745301030695
1468201,32.22551852715726
1468203,544.4996887051113
1468212,6.2585429343732795
1468217,30.068828980199175
1468244,227.63751638584685
1468251,8.387917023559307
1468256,0.0009460808044517297
1468273,70.09448787876326
1468339,44.52606719207478
1468345,42.87936020659549
1468382,21.40439787743121
1468396,42.81865398958013
1468483,123.78876150777583
1468486,879.4185576646687
1468541,204.31933698972122
1468554,179.38407998538682
1468567,837.5049309627052
1468614,166.86846106594126
1468651,295.04192968018344
1468658,168.20471726825073
1468663,32.12657065325145
1468666,184.03102423618213
1468668,430.2591578505514
1468687,1626.7525214654213
1468695,239.07519899466934
1468705,871.1204621230473
1468716,114.27130807912535
1468717,376.89663773787964
1468730,30.809756339793466
1468731,127.0647219756812
1468736,478.5369349267431
1468754,485.5981492467097
1468767,43.641242069880434
1468793,214.53470580459054
1468795,123.7665539752262
1468809,20.33296241976088
1468811,38.34225311906081
1468813,47.49453044255401
1468823,278.67986598293027
1468842,154.50972124345978
1468878,343.93621454411306
1468882,124.45159830122246
1468892,225.83425078472905
1468915,372.84882883783024
1468982,165.85385617435807
1468989,277.6577517515343
1468996,28.91640145357231
1469038,5.79515332661267
1469059,452.5712111719303
1469078,287.7369821440386
1469088,582.5876204321797
1469131,274.56447451402477
1469136,50.82018890602562
1469153,236.31959244500314
1469190,431.8306559204226
1469210,23.745245699965725
1469298,34.193627142056684
1469299,14.041007764884444
1469310,276.7491099506318
1469353,117.84633795312536
1469373,241.06898341908723
1469390,234.58803275310262
1469431,347.2362294712241
1469436,111.13799543776314
1469441,294.90243874719687
1469466,22.94754432875146
1469473,259.47074267883704
1469496,1.1955695678634708
1469529,118.78101969206647
1469544,184.57130265394076
1469547,118.5850120772123
1469555,5.23596065594512
1469568,107.35461211661841
1469601,294.27484636128145
1469614,181.73999768197191
1469630,444.37053060091586
1469634,49.796647525360626
1469635,72.88812580661602
1469693,103.22607710680622
1469694,37.33013533309536
1469698,300.0518444225907
1469746,117.78164800242314
1469771,320.90923102193096
1469785,142.69233660068994
1469794,241.89754305778519
1469796,38.29086084441758
1469797,108.46957219472063
1469801,607.5650978686176
1469809,788.5478259849248
1469818,327.4843948544528
1469869,31.414635114296825
1469871,283.8688889084623
1469891,128.3682325579511
1469920,91.81469300845079
1469941,1031.9268302064202
1469962,32.40483349950003
1469983,74.12451973451431
1470035,135.60691932460023
1470042,71.85408500529726
1470043,408.3309912921255
1470046,75.07792302408959
1470064,98.70550958502895
1470068,392.4614496540391
1470083,442.81207175670704
1470087,102.65163319206879
1470105,320.3770730413934
1470108,371.0844145367557
1470110,191.7944003857892
1470124,13.040983166743171
1470180,24.753671498681427
1470186,93.576795133928
1470215,25.530220191547958
1470231,126.49515516879094
1470238,91.52011699196449
1470240,33.66541185567968
1470260,0.0
1470264,174.68531849499468
1470269,124.0811958964171
1470282,9.832950207026256
1470294,85.0299950059348
1470329,90.81913227815947
1470343,201.75716223460472
1470352,63.693970898357826
1470372,194.5640905716757
1470381,351.31012152700305
1470409,234.271397824333
1470414,97.68450136397516
1470418,33.47239050024744
1470426,252.58885624594868
1470434,65.18311668647581
1470437,22.04252372575467
1470456,443.60743759303466
1470466,169.26206283135127
1470501,171.33837014657385
1470509,32.46549741068212
1470572,240.04472471883003
1470573,58.46564261903004
1470598,51.795375356667996
1470601,111.4072615050317
1470635,52.96596853291451
1470638,188.11903047648372
1470656,230.53130055018843
1470658,437.84107205907446
1470662,95.34165638199619
1470691,420.5983813849263
1470695,170.32270629808247
1470729,28.108868824320446
1470747,206.7900906209361
1470758,87.85750681792679
1470774,785.9716630775893
1470791,93.39094123106926
1470794,203.09157721696167
1470811,55.37332403446466
1470862,21.290758190572863
1470891,106.92744954173966
1470893,772.4920872333797
1470903,165.48812937877528
1470954,44.521793160348736
1471014,409.3378507727677
1471019,14.763202952001635
1471032,54.421542055773294
1471054,48.20057914098414
1471059,47.7676476643491
1471069,293.25361967033206
1471087,252.26009486822687
1471097,167.5086175082005
1471104,79.17652366288046
1471120,17.581658524116417
1471133,12.832266347427836
1471144,96.2610383582143
1471166,275.61713138116386
1471167,110.1276109778169
1471178,270.14479679990654
1471183,270.9223183631588
1471184,23.45542649951789
1471235,184.84547566074716
1471242,85.62421169957186
1471246,26.969974817144582
1471250,276.6390920702648
1471256,60.424022779920655
1471259,36.80717198332787
1471277,217.19178915169522
1471282,32.72757592729118
1471285,52.062566106226654
1471305,10.963973966170487
1471306,126.10405388331691
1471314,108.2683298309063
1471318,296.3185079894358
1471341,301.353010925125
1471342,259.88009445405544
1471348,16.84219027251804
1471389,118.24220833642136
1471444,20.337710794107537
1471457,97.44528738697907
1471480,76.62699044727918
1471485,15.456145261805258
1471495,28.314120405365856
1471497,325.2154086368303
1471499,36.52632594293696
1471500,191.97837792179803
1471543,101.10487050112948
1471552,30.02539242827475
1471555,327.3339177406552
1471562,46.38808764414448
1471564,358.60472478960406
1471569,261.63791408867064
1471596,18.63608792984483
1471607,161.6169553533106
1471619,34.75443943123854
1471648,148.0135021171446
1471675,41.75569985796748
1471676,71.97992494232165
1471695,289.1992525618763
1471715,191.1950705844965
1471717,1294.503550356745
1471735,29.150644448579666
1471786,26.055988605742673
1471793,628.5442041684274
1471794,301.3817825279
1471838,24.851701672145087
1471863,503.24502473137863
1471887,205.03922413129877
1471895,498.05033116868
1471915,54.88849118532766
1471943,206.24066428696375
1471954,68.80409736152514
1471972,51.537813529731416
1471974,102.77848364201819
1472006,95.53742260343758
1472011,65.2630013620242
1472093,105.60379128654814
1472113,40.93548684877788
1472117,126.66600083054081
1472121,15.61517367416489
1472124,82.12480349094275
1472161,1611.0039427066624
1472174,6.6192379133374
1472200,5.077018699664656
1472216,287.7290246978561
1472239,1002.3035626461689
1472243,235.50234405182178
1472252,17.233028750251655
1472270,51.6811024859
1472309,521.2410167242822
1472327,63.286828219243034
1472361,130.81571212755597
1472372,160.6433500969234
1472375,72.78661529375671
1472378,129.82472610688566
1472394,930.6095824188736
1472409,53.01995038478303
1472456,56.847400533983965
1472460,320.98008685045016
1472488,34.74273869432835
1472495,40.64676229078068
1472510,309.9591130847916
1472537,141.26937235264967
1472538,66.06036090919558
1472551,532.7586442066578
1472554,23.905699598478076
1472568,43.910421081231725
1472579,21.29858717545475
1472617,444.07614934274716
1472622,237.00687877874677
1472642,105.67027751952598
1472644,98.17622679400061
1472655,170.81603292394797
1472665,56.65124636160771
1472670,16.538836262895536
1472696,157.36316241069167
1472699,2998.611351050761
1472716,12.42695198055184
1472724,111.41234589862405
1472745,91.72443384734025
1472746,173.2001930723596
1472749,194.38866062498192
1472769,35.37184616434058
1472784,171.80252481263236
1472800,250.2097281723747
1472817,269.8811509941827
1472836,76.09560463759583
1472842,20.654625257537774
1472881,39.19540405915444
1472931,64.70357122969662
1472953,7.294445027834436
1472975,66.77853695024619
1472988,69.4897814058662
1472997,212.66811735721248
1473003,534.8648241636944
1473044,436.8084632857484
1473048,142.54236357912876
1473056,64.6002946998206
1473058,345.99618594135825
1473072,6.801886125770823
1473086,117.53109875766748
1473093,396.4221698363631
1473103,171.67653513575172
1473125,33.790287957856506
1473127,54.22876144192973
1473136,474.3127748276449
1473145,156.04972489042834
1473148,130.21101179935602
1473188,66.27381125063235
1473197,475.5963182454258
1473216,122.48767269043456
1473223,22.754843275475306
1473225,51.92975826616506
1473259,114.85462705841277
1473267,283.20310565151755
1473273,38.51110911233918
1473278,33.580088454759355
1473297,124.90012460076382
1473304,204.83225519079434
1473307,82.41673746868773
1473338,258.3192311624128
1473341,36.1053759230857
1473348,49.730702693521216
1473365,248.97791406689828
1473380,186.71148465674662
1473384,764.5141588146292
1473386,21.608453877573247
1473418,100.87632685772125
1473421,19.553577711068705
1473427,9.527465857777628
1473452,77.24151413538827
1473460,227.70914802738102
1473464,135.60191880374924
1473466,101.44939266451541
1473499,239.15656420833295
1473506,18.636798131553935
1473546,193.37726936702254
1473548,41.356799570516635
1473553,662.2163305280384
1473572,544.5940776802404
1473600,68.68702227894319
1473646,13.40310540328969
1473650,568.6293181038368
1473661,220.9174799090414
1473669,49.09284506487028
1473716,102.24445892570266
1473719,1925.8137564800163
1473726,821.3392790843326
1473729,9.264022181586736
1473731,60.696947366252616
1473748,231.53528530726805
1473793,35.04610795227926
1473799,0.0017598246413681475
1473804,35.21223987459122
1473807,76.72202353758372
1473813,36.1409813684912
1473840,236.71503826522414
1473886,1288.6300700876884
1473901,72.171565324854
1473909,368.3666118544581
1473910,268.7429751017988
1473937,155.64971501997124
1473941,189.3342398274046
1473948,25.476257085464745
1473953,47.04537483242033
1473987,21.273315880399682
1473989,265.1846604003295
1473999,1127.7538331182786
1474006,47.59328496052783
1474008,124.81981062298641
1474016,158.07411409709255
1474051,55.543508908778975
1474073,85.04216265901948
1474084,144.93174483779674
1474096,38.49921495266215
1474101,58.78171097864547
1474124,128.23640595453904
1474139,37.88186827323825
1474158,45.6587475447901
1474171,80.58869103626434
1474172,33.29847339322855
1474190,219.4129493315358
1474230,163.45308268034148
1474243,393.77283664638327
1474247,124.59118571218046
1474249,38.820522353143666
1474262,104.62344536612385
1474269,206.72587121450124
1474289,41.294563533834264
1474301,179.8646862371306
1474314,262.0389882855989
1474319,275.3202622788755
1474320,117.84584182900285
1474327,65.43228730177864
1474421,32.432472896315325
1474430,37.237466812892514
1474431,445.5460411898483
1474450,52.9655329842832
1474455,38.96248983723788
1474457,33.24481489689582
1474459,201.82426453078912
1474460,35.84548497023707
1474470,0.9995435063306476
1474476,159.9855807962164
1474493,292.06642118879586
1474529,27.770314543320406
1474533,45.97008829979712
1474539,26.4847998207001
1474566,102.93465571696466
1474573,23.286030175098396
1474583,98.4229594958108
1474599,0.23516378817711603
1474661,326.93046147689347
1474663,34.62672792905655
1474709,23.306758392661777
1474722,11.163121820356128
1474729,337.5494764532494
1474734,6.608107739958913
1474772,61.922008219420405
1474801,91.71465116095304
1474845,559.3782207249335
1474849,408.69070899869837
1474850,140.22383327302236
1474865,50.68126682287291
1474866,90.50100502717108
1474882,87.13719680943798
1474891,415.71105058649164
1474894,194.19141195356607
1474898,414.56477522065796
1474917,41.85678878767289
1474925,19.707462350753584
1474949,88.29768344924393
1474968,110.24347085311045
1474990,25.54526755013231
1474997,94.72204225316837
1475006,120.31918212468968
1475054,887.6791853091097
1475065,341.5867894856504
1475079,816.4173206181609
1475103,317.00883628966693
1475116,120.0680884982726
1475126,88.7179729319823
1475127,227.2148581966607
1475191,134.85193248397766
1475193,34.76789615126401
1475205,45.407910780065315
1475219,153.79123967667834
1475252,19.122698676087772
1475256,303.7853304977204
1475274,40.74248862355624
1475322,188.32688852823242
1475359,140.3440239357907
1475372,55.73057305401987
1475387,63.239226452648644
1475390,227.2895619618977
1475443,229.23716182856677
1475466,94.42237088385457
1475476,370.63083846628405
1475506,534.1439192985786
1475531,215.3340179744591
1475537,81.20967840921776
1475544,414.14863450415675
1475574,25.14789006680045
1475586,17.129204450535685
1475592,133.18958930484672
1475609,16.511369569260783
1475649,469.35065355319716
1475657,594.197901271548
1475668,1.4714314308890974
1475674,112.78467859383966
1475694,10.891868048118774
1475697,982.939220198874
1475701,356.2885272774165
1475728,392.47848122671104
1475740,59.17823578913661
1475741,37.118145131451705
1475773,548.9088217733453
1475777,65.14318967929276
1475789,43.20954353321506
1475790,24.328450254379298
1475801,11.029531521244325
1475804,328.93777566638505
1475918,43.39710103301523
1475924,50.37802384085602
1475925,282.7399568822636
1475934,436.6752370459686
1475935,617.1845444173188
1475951,277.42940830318935
1475968,113.09890135128622
1475974,2741.2262624075834
1475975,156.33351577099094
1476005,163.21383268415585
1476020,277.0553601229606
1476030,233.85896857739684
1476033,57.41577323265031
1476081,245.53276309599204
1476089,30.464415017189353
1476106,117.160142422316
1476123,29.477961161631995
1476130,79.54366450347312
1476136,82.48902266000299
1476138,398.1966621899125
1476141,78.64948595440056
1476145,11.894479115096553
1476159,116.9216489760406
1476169,111.5989947535473
1476173,96.0930000784312
1476176,186.21954321846664
1476185,175.83308409457993
1476211,103.00106550570662
1476267,35.241198840125364
1476273,162.7693896104262
1476280,65.52874556276724
1476284,366.7562601446778
1476289,472.4964258374644
1476296,12.592670817351658
1476298,64.4991037452998
1476335,0.9738907147688727
1476353,0.0
1476364,106.2954784526096
1476365,25.32686469857999
1476370,10.883756820041802
1476397,102.32071037152059
1476428,58.36876588687576
1476491,76.84539983771441
1476508,108.18515191172177
1476514,184.8026247451536
1476518,201.82439080611164
1476535,1510.210192365467
1476536,83.93420572094007
1476539,21.619510388245736
1476554,133.9966266756791
1476589,34.46299873141624
1476614,141.04047015030113
1476634,30.29541355128354
1476644,134.0673792665914
1476647,44.900582803009314
1476668,80.39763990048193
1476698,45.33964557953055
1476703,51.07456756182636
1476707,396.86702088923766
1476709,246.81926589838207
1476710,223.41003201395736
1476749,366.7576898054294
1476808,241.32393748952146
1476812,13.331030578688479
1476847,27.15353066943885
1476851,75.08061038900286
1476878,32.90374943336113
1476887,54.26380516148635
1476894,308.7167780489373
1476899,459.7352128390103
1476902,260.4955557593835
1476914,31.879146287825066
1476917,126.65540152297804
1476929,52.45706596125341
1476967,274.8454449417484
1476979,83.03530695876839
1476984,12.057827320070013
1476995,19.453111935641385
1477002,196.7441076380855
1477029,147.35334412247116
1477046,221.19567236338725
1477134,34.29868461040619
1477155,134.5643229037229
1477208,52.569882953437855
1477215,50.875979298294645
1477226,55.94555467759115
1477230,82.35578484122944
1477268,24.056057503467063
1477291,547.1635700307121
1477313,101.27117169756265
1477329,1456.172076126722
1477335,327.72859176177855
1477386,573.2613215102782
1477396,510.7903851719782
1477410,724.7162934731195
1477445,77.98393890286702
1477460,22.40301794696332
1477480,92.78904500355787
1477503,146.026821769592
1477507,56.92085356644371
1477543,49.75468447599926
1477569,462.8357298233171
1477586,57.72625344613333
1477660,19.382089936897735
1477668,246.03951547477766
1477670,74.02280484564191
1477694,122.35636021562128
1477704,450.080253396296
1477747,942.3589506909291
1477758,250.3817658051685
1477762,163.4698827872784
1477767,100.97241440634612
1477781,60.1969382662075
1477799,163.0955614302714
1477801,13.765470708500313
1477833,25.46601507082777
1477841,206.32413832627532
1477854,546.7758586769481
1477870,346.0995927650832
1477907,146.9573483361498
1477931,212.11276465712703
1477933,109.96054011981536
1477958,100.01115740547651
1477962,53.81705431322936
1477973,53.87006853327816
1477986,86.25009706812557
1478005,64.28042034748881
1478019,68.87027922785508
1478036,30.52781835511274
1478055,101.5126696813012
1478066,99.01463807161954
1478088,409.3236866318448
1478089,170.0989898519795
1478093,138.5058040873776
1478102,147.58076114541697
1478109,105.01109006392088
1478111,1336.089421976835
1478119,25.620615043415754
1478158,23.31027989719442
1478163,10.58019596881547
1478189,109.42793404462097
1478214,5.8768500539530555
1478221,60.5521985923705
1478225,75.2290327338514
1478238,139.7280878433494
1478252,33.30060874771407
1478254,80.02614099924031
1478258,253.10871717367021
1478260,175.75020322771525
1478265,790.4404579126183
1478269,652.0622041019816
1478275,13.650946379096965
1478278,12.261322866205953
1478284,15.903430661159659
1478307,797.5284540976584
1478318,50.20148265865907
1478327,29.74427481125206
1478370,420.75281846946996
1478388,0.8554632455630974
1478418,232.49456808808972
1478428,33.18858442749416
1478440,88.47361186248953
1478466,112.69531774819949
1478474,174.183746758894
1478516,10.223712261333498
1478521,118.19630479469734
1478529,38.319840638273156
1478541,234.2047231005857
1478559,45.140289940663465
1478571,103.96545225766342
1478575,69.00850571910735
1478596,180.3399610000325
1478601,330.31976492047465
1478615,482.8717504423278
1478629,35.52538896078924
1478638,52.23183227290113
1478644,332.51623230509085
1478651,95.24321779365482
1478663,55.71232138295573
1478678,406.90268198776164
1478725,315.4272732489307
1478736,476.6813985214895
1478743,97.07028855351368
1478755,136.8716801368755
1478789,354.77490685205953
1478797,199.5371712701538
1478799,778.4414207566551
1478820,218.97345694657307
1478833,59.835411130385324
1478834,27.45474387607922
1478836,84.83560423678637
1478840,95.42552488236186
1478849,24.797942327573736
1478926,32.56517023856552
1478932,99.00394853012095
1478944,55.01053064793562
1478947,368.29000282775934
1478969,216.2586339737282
1478982,65.79858574551247
1478985,213.48069748844395
1479002,790.6621601419257
1479026,175.38686820891098
1479035,216.0291234761182
1479042,252.53349901991768
1479063,132.17670663297866
1479101,652.9327521747931
1479104,533.7209255334709
1479107,37.650759786936035
1479142,46.987849521621605
1479186,78.91883624219636
1479230,548.5595198617201
1479236,97.00552284911983
1479242,368.8969241049201
1479251,613.0703807512307
1479265,126.56592500363216
1479327,363.4420321492242
1479343,165.58133295895846
1479383,162.99952304289758
1479423,217.90061119867505
1479434,87.65835478126967
1479459,616.129641966013
1479461,91.91345417438255
1479465,446.0808835291847
1479481,318.69839663053057
1479494,74.83890161003814
1479518,112.99834627741433
1479522,467.14100149184014
1479530,1062.8334791529487
1479532,29.96733231352525
1479578,23.176658055141402
1479594,75.5358692345162
1479609,615.4064912114532
1479610,100.53046253865608
1479658,1457.5676802509192
1479677,223.11580382732026
1479691,221.10092609776189
1479704,398.2961341034872
1479720,357.6387398647052
1479763,117.83499924165666
1479766,140.4203968037977
1479779,32.404001276700306
1479790,37.011386053206664
1479793,155.11456871307885
1479808,100.17910363221436
1479826,131.1341461111086
1479828,208.81254712347436
1479831,11.649578624848584
1479835,39.88115847474495
1479842,673.3285381227324
1479849,638.9853492006062
1479853,1146.8666809203216
1479870,413.2314737186669
1479882,302.3464312429098
1479916,348.36551214590054
1479955,133.10220838406482
1479982,286.16434929013224
1479989,68.20089933829243
1480031,78.04580159726434
1480033,197.44572258807102
1480060,279.760322503743
1480072,0.3789552149823852
1480116,581.0726413145187
1480121,178.139560331473
1480130,31.32681483443908
1480136,268.6077518662102
1480157,666.3057882158654
1480159,70.8921205459174
1480181,51.04257186077783
1480196,89.72579917783993
1480206,362.3262792403273
1480216,71.74205044074213
1480247,54.67475092340358
1480252,43.38764106490156
1480277,66.36998864952427
1480288,93.48453733036489
1480310,199.27084589313276
1480338,24.233637737342445
1480346,139.08042559500328
1480348,6.757982303266257
1480355,332.63528233711105
1480365,92.90175144384767
1480386,217.55941298708873
1480419,167.84909940786767
1480428,937.7306520341222
1480437,233.32850548335026
1480464,179.7487012643291
1480585,701.8791912712812
1480593,1881.2594987950358
1480595,299.8368166004211
1480615,28.51455569069604
1480622,547.7891358012023
1480631,424.6889101074979
1480639,21.27231761385103
1480680,67.85806369887308
1480686,263.90558433424314
1480687,461.2837733333611
1480696,1118.5468165704624
1480723,71.83188853007454
1480765,61.24013001634997
1480777,1470.0005938546583
1480786,902.3973218824689
1480807,187.33870801876907
1480809,134.6653777271285
1480810,87.1851492671521
1480818,123.3975998575448
1480821,137.25784535032477
1480827,760.313494471042
1480834,410.7646130940852
1480839,40.90978921749345
1480847,294.6030004164822
1480871,251.87399819050182
1480899,2052.8712376599083
1480916,311.0393575921003
1480946,103.34266641326985
1480951,32.15323995062005
1480962,490.1895949153619
1480966,375.6936592462284
1480971,216.05787673381207
1480977,33.15767280282832
1480985,190.1273051810988
1481004,193.50357542930223
1481016,221.5247055558604
1481022,313.33686417871144
1481039,59.14115386234449
1481106,13.334392877503822
1481125,349.4625483086209
1481135,138.23835338298008
1481138,239.0243028455228
1481158,155.3197620358477
1481165,747.7492892605659
1481206,58.82553644633314
1481215,371.4943072782827
1481223,176.12237983666196
1481232,155.09985467011572
1481250,417.68573356495085
1481273,70.48544524205502
1481278,270.85649117614645
1481291,2.6704299090529693
1481360,152.846859615822
1481364,1481.9587169798003
1481378,19.433946211038347
1481379,133.71721714802857
1481384,99.53884471013995
1481387,13.048491195499171
1481394,86.6242473519241
1481414,328.29682229078736
1481437,130.1514556102699
1481457,155.49449892488977
1481458,36.77234372695219
1481479,322.5786956748805
1481481,177.48531787558537
1481494,56.3311133670416
1481499,169.17603670641367
1481530,28.792628368708765
1481540,189.80304013237176
1481561,73.28147585088277
1481585,48.03001387176694
1481613,14.839407307071449
1481626,172.31522093686192
1481640,401.7513708163055
1481691,27.03060184201128
1481693,404.971722084269
1481698,180.16371320296986
1481719,16.688692847633845
1481724,497.0064893583016
1481749,416.4384883006838
1481762,41.84427447280787
1481797,161.72240400882546
1481851,110.36142836277018
1481854,52.86141167373965
1481863,60.85692738798183
1481882,39.161380793782556
1481903,33.0199986959907
1481939,15.21935275997993
1481945,117.42077946679794
1481946,130.59793105624678
1481969,143.8855922615185
1481979,191.27096758910136
1481991,714.2947310851152
1482011,618.614681466558
1482022,400.4718357439189
1482028,29.076459485324193
1482036,13.075522925549038
1482059,293.1528612939454
1482068,56.69612827342664
1482071,33.76518692034126
1482077,102.84960078848324
1482122,59.96608969899909
1482127,59.73718228984189
1482128,179.73985536117482
1482136,457.0463835743344
1482143,145.29320540062417
1482150,282.4355788554725
1482167,975.5365819741202
1482208,68.64348596033197
1482215,499.6194342909312
1482217,48.869243082420056
1482218,162.51779835127954
1482237,697.0569923594113
1482243,12.017977849400799
1482256,299.52351921844945
1482270,67.94156141270149
1482350,147.1214398115238
1482353,329.93764303738396
1482368,127.2028252506179
1482372,148.5367448501624
1482384,209.92835627197866
1482433,602.5837333154085
1482446,13.838060410177844
1482473,410.9347370179708
1482488,168.2348041062246
1482492,220.47608579201844
1482514,78.19433454890748
1482582,1253.193382032307
1482584,312.2487784257101
1482596,56.05653962078331
1482606,150.3931364167395
1482630,391.78067772646216
1482667,271.47541424556664
1482706,725.7301413914711
1482712,257.08730263820456
1482713,120.71147666826755
1482717,10.109590969891672
1482727,205.66326547360103
1482729,59.59447709162378
1482738,30.40712023700872
1482761,61.200007345444085
1482768,73.36820908297547
1482782,36.10743379887422
1482787,11.72477771113175
1482800,41.45276564613246
1482823,158.58416117805248
1482831,32.424722441697
1482844,159.40514543509912
1482885,11.132339766126922
1482906,31.04330770054242
1482926,79.61532111524268
1482935,91.70055347072358
1482938,305.1134015971891
1482952,33.12616184736771
1482963,14.686531864577772
1483004,10.359156176024918
1483037,307.2366870769521
1483071,10.313909098038309
1483078,64.63040785927453
1483090,491.96944645365215
1483091,116.71994523403143
1483095,682.3417851742191
1483098,251.51990589713932
1483101,14.687708163525073
1483134,361.61137558678956
1483138,31.723837157885473
1483148,143.9816561566884
1483182,236.33139023181542
1483186,2743.1250444772204
1483205,303.33215157722077
1483231,22.951283414380107
1483255,25.076372511471817
1483261,95.26721896710917
1483263,72.8949922804761
1483269,358.8331701136774
1483287,73.12962793269173
1483303,66.44659678315563
1483332,597.7979979528172
1483334,114.97160473219864
1483366,211.49197619679768
1483373,28.058986268077124
1483390,46.43909202513482
1483396,355.66540833417235
1483400,83.7672571651799
1483429,18.904356317546508
1483448,195.6099543025744
1483452,20.91487908939813
1483464,88.9440513894636
1483471,300.34108005323236
1483477,59.101200516998645
1483482,120.56773391384597
1483489,77.2483818143743
1483507,166.3686835044715
1483536,125.02052584096599
1483544,47.40291482821907
1483559,852.568623847177
1483577,542.0006252088608
1483607,576.8516647296744
1483609,524.8970987304035
1483614,504.42679850770116
1483622,153.08326866205152
1483633,43.282686945578256
1483645,41.99209454018878
1483648,80.72289435305876
1483664,218.1521631934194
1483668,789.6484679093618
1483675,85.97511444864858
1483696,36.6896463549283
1483716,121.55827135025092
1483718,163.80514798426012
1483725,386.40697527292986
1483726,12.441330023806792
1483740,58.662306357249776
1483750,264.9413788698363
1483754,526.3164050102722
1483756,7.6733361105543825
1483761,755.2996041818703
1483804,141.85000003850917
1483824,2.9335844593981726
1483833,132.4845946873165
1483839,719.1777154795955
1483889,228.73315367270018
1483907,406.03275666591304
1483921,56.22542370899975
1483936,35.96537518321003
1483944,152.32252967384986
1483945,187.52107059011934
1484000,367.00708668328866
1484014,13.549686421306738
1484037,117.20180728573283
1484039,320.59427504973485
1484042,849.563913894078
1484068,19.525035143146308
1484069,164.06502758085904
1484087,12.728681219513312
1484093,363.86028584529316
1484097,553.6791425159913
1484128,947.8590418949009
1484137,89.57753125229883
1484156,203.98625771565995
1484168,67.54107767936321
1484172,26.398102644935605
1484176,318.936113089481
1484197,141.03116606132775
1484213,391.8344084206224
1484227,163.14802699917473
1484259,213.1845636193918
1484270,731.4104814611561
1484282,197.74138086469216
1484291,413.71422353466596
1484299,233.80544741364426
1484308,38.329078706576425
1484322,19.564291391311905
1484346,503.7500414840117
1484353,39.52161971266639
1484423,475.39853766978405
1484430,239.17861164886097
1484433,125.44212550685764
1484447,131.7188973559024
1484452,170.28169160632362
1484457,130.0736595638467
1484461,407.81378315119144
1484480,34.08835707151072
1484482,12.751612757597407
1484515,11.589258495396082
1484593,13.04948658491979
1484598,119.28881815038065
1484601,129.35391253731842
1484640,380.30388329048566
1484655,45.69891522983978
1484666,144.3635487249746
1484671,69.96176574704138
1484676,187.74542283145166
1484689,36.33667082507208
1484697,276.95445168046314
1484698,51.41765193339078
1484727,9.309647655143285
1484744,195.5437916438574
1484749,215.1622824207143
1484768,201.33716403448324
1484782,296.1268874812573
1484787,285.5744730701686
1484802,1099.4469686423438
1484827,74.2241514520883
1484875,288.985676159272
1484881,123.19140585252893
1484884,16.306281582786955
1484891,324.1727777496508
1484915,67.67216651981099
1484931,187.37045103089
1484932,1018.5281730609181
1484953,57.37426410132581
1484962,192.80238464107856
1484969,19.692880938843835
1484976,167.04947127096608
1485036,322.25775007136474
1485050,106.10359054626645
1485074,43.82945318226358
1485086,447.2529231244981
1485109,330.46341382147205
1485113,113.98345749873309
1485114,57.05674333530091
1485133,257.57833013914274
1485136,29.468077138957142
1485137,256.9623553915191
1485144,638.218800285931
1485183,365.1587647707861
1485195,522.5864161689591
1485205,189.17967097451228
1485207,538.9282597920118
1485217,154.06174446640978
1485280,79.9507125754058
1485303,10.640022748052653
1485305,45.58512002961136
1485310,187.38639160577827
1485349,23.689483768034545
1485353,106.0418281840684
1485355,336.3872692640616
1485369,311.0019342762119
1485377,702.7750273974203
1485381,75.30218680165187
1485382,102.75291941638645
1485405,123.83803946559149
1485473,230.89902919815773
1485489,52.59268368507784
1485491,408.56063429374854
1485499,295.1876223729299
1485511,303.25584595812177
1485601,301.13800486515316
1485619,1674.051962807646
1485637,344.34087857594693
1485680,508.4888836469355
1485687,106.09282193183776
1485716,119.0904022509371
1485722,285.0120546679926
1485765,177.43646173117548
1485789,152.389531288596
1485791,189.29714427862874
1485800,104.2479508805856
1485809,488.4491104140915
1485813,138.99252150128106
1485817,44.107481714337936
1485835,0.04171938744435517
1485905,8.553548976637153
1485910,35.324285674863106
1485914,65.92533101797159
1485920,114.59594887472595
1485963,620.6747267013294
1485965,792.3905633335949
1486011,892.4669005514108
1486013,20.18446605909514
1486024,946.6090056340851
1486028,731.3023938799544
1486052,67.33079154594276
1486055,11.633323786683134
1486057,96.2235254134764
1486074,17.53199881994512
1486084,146.4852821001773
1486088,826.8796089010585
1486092,14.82793236642984
1486099,117.42723485946611
1486121,28.173392831491405
1486124,589.3869782509051
1486204,44.21713050886357
1486207,321.31474607151404
1486214,22.903170582290794
1486220,156.8191158087533
1486238,123.23374165372506
1486243,246.9395821019312
1486257,15.288283374746781
1486308,13.210922905329696
1486316,225.40201165898705
1486344,185.9432037736397
1486353,417.3691451217934
1486357,16.23265118386732
1486367,152.23210990622263
1486369,335.3497009355005
1486372,450.0019535736167
1486382,159.35736603683375
1486442,43.799285733258365
1486459,27.03942274606797
1486477,1388.242829403324
1486487,42.31279141680833
1486498,82.78459230605662
1486505,19.273685825107606
1486518,267.41651986183797
1486528,13.856927965903077
1486530,630.697676448899
1486532,158.39563665015305
1486556,6.275648663752579
1486559,28.36329585011172
1486591,113.13952950693006
1486601,188.1233805050772
1486614,461.19385012676673
1486656,14.869281370682776
1486660,149.56246709362867
1486661,80.8060763983996
1486675,37.13957072876061
1486680,120.45694985177524
1486738,13.133974234570944
1486767,70.53556961759278
1486782,48.6259883679264
1486783,296.2673902443771
1486846,27.28136499714008
1486912,116.05809586058047
1486929,101.01990088052894
1486936,87.27405993188079
1486944,1017.3395166165416
1486977,38.90485287765404
1486982,118.78328278738545
1486989,1712.4860185656655
1486990,270.3591271533478
1487003,236.96092479302078
1487007,26.90317816355643
1487063,59.177604635264224
1487066,115.96773784729218
1487073,72.17317283244863
1487084,82.1828276651085
1487099,130.14282420017818
1487103,94.60824124688051
1487114,63.46351809060615
1487129,743.0840418293286
1487137,255.96689294047962
1487150,29.939379544890173
1487161,301.60887348414735
1487198,44.41329577081222
1487211,351.7548865772415
1487214,46.547844227946904
1487219,100.56351818568282
1487221,335.35593531752073
1487225,131.8856334379183
1487226,204.49097881284257
1487244,214.8033664641635
1487269,47.70550183179882
1487270,31.295501231323986
1487280,217.27223404662647
1487287,134.5821363442951
1487297,24.941163684713867
1487325,1167.8583918398235
1487401,806.3637927575852
1487402,278.82114496370633
1487411,159.54796254884366
1487429,14.322638704333256
1487433,111.41571166793565
1487438,274.93779688961854
1487448,425.77193689578894
1487459,146.4251374038061
1487481,113.20838176407145
1487515,35.883991453392795
1487534,503.5353172296427
1487535,73.25812453863017
1487539,837.6470085934003
1487542,91.95537096723268
1487564,262.7613303301928
1487577,611.9394271175133
1487581,57.20047286984649
1487585,12.90614702912857
1487597,138.7255526806152
1487636,9.567066667489179
1487646,188.4052682607295
1487661,411.2916239808425
1487673,276.61971590271753
1487690,86.9532618667749
1487694,277.2116737303686
1487695,48.48688770640514
1487745,110.73836392340655
1487777,305.18316309689357
1487779,35.443781149725716
1487782,138.68782353460165
1487792,96.33466867103112
1487809,124.2627902208892
1487849,32.360734123945086
1487852,15.975402931021899
1487930,15.210400510828128
1487939,171.33312884881644
1487942,264.56532996247034
1487950,148.07339272489025
1487956,13.158667805068015
1487971,495.1902884687959
1487985,58.6121279170206
1487987,81.150396678516
1487989,11.425457385845206
1487991,488.8051218985889
1487998,156.34419741203732
1488002,99.51951581940193
1488019,776.5263323011789
1488050,605.983602867793
1488053,46.73619915774104
1488071,386.1055168516778
1488081,817.9268524073783
1488101,129.62508641477416
1488118,498.44523959517903
1488157,31.269208764094497
1488174,28.227851218814944
1488196,906.4007332950014
1488200,46.73857076277592
1488207,248.03452667988483
1488237,25.009558498126722
1488302,136.81394779094322
1488304,301.9858140064575
1488310,628.4569524581981
1488317,76.51811384178322
1488338,152.44464446191105
1488358,191.12853223917998
1488400,39.55045825193067
1488407,111.54083101516869
1488412,22.613694312516692
1488422,250.07170603894474
1488426,63.09444007886027
1488427,312.653676397176
1488435,46.007244698087554
1488449,122.4683035942749
1488452,143.99918129464916
1488470,209.79010334858708
1488501,103.42992902644865
1488516,17.31802434783061
1488536,102.02164423196801
1488555,133.21072096296953
1488566,65.96040577399837
1488572,245.68782683894528
1488573,69.84782253226349
1488584,13.508990756197827
1488603,29.637495823073223
1488638,380.2599919534458
1488663,55.6920931478707
1488675,253.920826881803
1488677,105.43257366925289
1488686,3.4271395790893986
1488697,188.7548168694848
1488705,36.28529258399418
1488713,98.67220453828148
1488737,483.2194404107532
1488743,136.94899353972087
1488744,249.97863845198785
1488755,11.036259328269765
1488767,22.226300715570982
1488789,233.78058443251996
1488795,87.47601032809773
1488800,301.7699794612789
1488816,122.17808859703963
1488819,143.77681072776878
1488828,289.7383099946241
1488904,12.953268605076076
1488938,344.4657505745862
1488944,714.5292529274087
1488966,42.21238472665707
1488970,174.2206703598759
1488976,19.955026093480395
1488981,7.923103425158849
1488993,464.0797590252002
1489033,55.724587305840465
1489036,255.18560673669765
1489037,141.80968210211338
1489039,45.57200806207175
1489067,26.849219627364608
1489068,885.6732220630984
1489069,105.64029729282836
1489091,495.08549231302925
1489126,146.62151972528292
1489133,132.4624801502803
1489141,100.01735770382865
1489149,16.89655673729173
1489178,673.5453114343447
1489187,346.1737033779615
1489205,267.5027710771328
1489207,368.2906089025879
1489209,49.39415824420428
1489210,282.4198398408902
1489232,38.78129407426381
1489247,39.54063739607998
1489262,1.4808965530119769
1489281,178.50429403666783
1489316,106.5192496358886
1489321,72.52993409605813
1489328,196.49182407122322
1489334,49.09923231959784
1489347,123.28057423453951
1489348,115.70322675081339
1489354,164.93704256857336
1489368,29.21661915620533
1489391,41.63189938465453
1489392,131.53446804022073
1489408,126.27176783265031
1489440,15.946628714361593
1489537,76.49105441663006
1489539,74.16268521039149
1489542,68.64433443933594
1489585,150.3365958444602
1489595,149.92314260807197
1489603,74.65029626379743
1489607,114.59155202966635
1489624,594.062445421573
1489645,287.9061418050078
1489659,146.82662892263434
1489660,132.96474839114106
1489678,339.11609703328736
1489688,92.9643366223351
1489710,273.22644071902
1489736,784.6594946698746
1489750,41.29666834311577
1489756,38.15066299736882
1489761,75.91076250702748
1489786,45.165578691903654
1489795,372.59893273302794
1489802,72.39133489624443
1489804,50.40302052701805
1489838,318.7650991634963
1489860,50.84543019372637
1489870,11.628182973914324
1489882,118.97960446070535
1489884,292.18368408066107
1489889,327.7747956985358
1489921,145.35632760913515
1489922,142.7697363494246
1489926,434.1454524625367
1489978,327.12946445670525
1489983,92.3038338646764
1489999,204.86395769881645
1490001,451.0026275077769
1490016,65.46762808102221
1490021,185.3780707733802
1490043,49.80872768125262
1490055,23.77940404536148
1490069,30.95729267853185
1490074,174.16753717564168
1490077,300.59934210196
1490092,102.55565161407894
1490132,519.835428157528
1490160,95.1808688544326
1490162,168.53807078067388
1490168,157.38775788806598
1490233,171.64289373084273
1490235,47.623541499352335
1490242,240.015431288748
1490265,23.267811687061517
1490276,8.215652549674891
1490279,23.90432276793527
1490297,35.52053561162353
1490308,269.6316307793525
1490318,125.15046424296763
1490332,35.22195563092129
1490342,694.9187674162728
1490371,428.635904952588
1490375,161.15477117975928
1490414,1.3166373822971238
1490420,294.36314691882916
1490422,196.8717570367493
1490426,111.08194107219595
1490438,13.364536533166195
1490445,29.896591300725973
1490464,669.2923193608815
1490466,55.68529127182978
1490467,37.32778748940317
1490516,71.95489024640193
1490527,24.7781874995834
1490530,5.502009096902533
1490537,115.12492052081
1490547,55.60699295180951
1490597,12.526294002942112
1490612,70.72720184725722
1490626,323.79446114491367
1490628,84.99757980536641
1490685,153.88154132577006
1490689,18.000836322394093
1490702,748.846825387585
1490720,29.023358972787936
1490730,436.02593644070487
1490788,427.5706500136879
1490790,17.802579987353226
1490816,181.9263521989769
1490842,412.8905210279548
1490846,55.07014124300686
1490847,57.738243588343806
1490887,86.79301628956419
1490920,440.3995125434642
1490925,492.2724979310715
1490941,120.04801530605029
1490942,23.74169754212617
1490962,124.68918655052595
1490972,851.1700971981231
1491023,1863.8067561069067
1491036,41.7124415830516
1491051,373.9511598085437
1491066,117.82182595846075
1491082,13.40296841532758
1491093,412.67088619880167
1491102,83.44405317697652
1491117,126.84770481838584
1491136,153.09958409223117
1491157,171.6717386048207
1491158,140.78755010274978
1491160,64.2215957089084
1491166,64.07431845558744
1491185,33.82210516502867
1491239,298.0767115651277
1491257,38.888464279858646
1491271,11.54394659748145
1491279,161.72741227884993
1491288,293.7451018838451
1491297,14.070231866949259
1491312,437.1947912095302
1491314,466.2638094544491
1491323,180.0017225917637
1491328,123.59743698769556
1491332,33.986291109491816
1491344,61.283859209098694
1491362,28.50385207570893
1491374,19.028186493442668
1491377,818.8804821844739
1491382,808.8273357522921
1491416,59.243291992915196
1491428,351.08504397444545
1491431,234.99699994207907
1491444,136.3145823135805
1491460,49.049947985227114
1491472,242.28392333999895
1491481,132.59687945816668
1491489,41.75132723915972
1491511,103.01544309520561
1491526,144.08539913363148
1491536,40.64601443379705
1491544,23.54543732014903
1491603,533.0710338123007
1491605,81.2104973146107
1491649,39.24144081225138
1491671,26.15803371567312
1491686,15.308674621506526
1491705,29.486362932363022
1491765,13.383698538437718
1491784,451.5947011845966
1491788,32.06259542900953
1491799,430.6500203488873
1491817,124.45300477945673
1491825,66.07163700669875
1491854,282.7263743981244
1491918,61.93260422491546
1491929,181.34202601333868
1491934,348.4874410834712
1491947,508.3174375050356
1491979,375.52578933421535
1491984,186.86242381934662
1492002,123.28476470756328
1492006,140.17577348302592
1492015,48.867303935050124
1492031,25.040739166081835
1492037,113.08803458565436
1492039,77.44344311480808
1492052,89.03442684995889
1492072,187.713399885475
1492080,92.52157644027695
1492097,0.0020106048667977287
1492100,385.91313982901875
1492109,16.611107380783633
1492120,2.598186518704473
1492121,26.656681295472897
1492186,62.92071419906413
1492201,4.712604323491178
1492206,301.0926961020363
1492218,397.8518624518968
1492225,41.71634180032081
1492231,194.55363182847378
1492236,169.77951190847494
1492295,71.53941438676142
1492355,11.95619720537365
1492370,119.18565506436072
1492404,74.79072491385386
1492454,10.110074618688408
1492483,57.05975884349479
1492488,10.149467217446537
1492493,22.032149221564183
1492503,745.2783213314361
1492522,73.7443769131159
1492538,29.797971562891014
1492548,421.07890027437134
1492568,117.1176465155211
1492576,26.601668105414806
1492614,199.2885937109845
1492615,753.2243028829264
1492620,361.01816107103645
1492637,22.31358918489726
1492646,209.17767282341265
1492648,413.18147224027587
1492660,225.8778974535987
1492673,42.59470328679268
1492680,36.405106119825966
1492687,230.0577869204405
1492689,322.70022276968297
1492694,24.065134249727492
1492697,143.7963044877118
1492708,24.262784732348575
1492727,405.6753530745733
1492732,60.10354684418733
1492759,244.90518655709752
1492774,42.96769910389084
1492789,684.8751374436941
1492790,29.88270713435333
1492791,17.118792237746373
1492792,32.69474397406795
1492794,65.4239925850379
1492798,1837.9872419582837
1492813,72.21751710539877
1492822,20.505333727178137
1492825,348.6366082941939
1492833,174.33311889545215
1492838,1803.9092611405672
1492844,495.2067065428578
1492888,28.545505306060683
1492890,32.314434787299334
1492892,42.74966505699341
1492896,640.7237088554397
1492928,9.394989956087676
1492943,431.0580187099919
1492945,84.03055446976416
1493015,108.73302367083295
1493024,61.796490911199015
1493032,238.62440176385232
1493038,25.02654243269011
1493066,179.43176574721025
1493085,104.3645190940734
1493096,304.3539098646848
1493098,269.2274821724998
1493103,325.8960166426651
1493137,418.18001717767686
1493141,124.72673794712499
1493152,655.3500589230678
1493176,265.5877451390298
1493195,35.02640374328435
1493200,807.1063816279479
1493205,54.86399806104846
1493213,25.86249957288824
1493218,18.96010077953629
1493246,832.8095630607257
1493273,422.8494132960642
1493281,64.17571750218715
1493321,451.92033079940353
1493328,105.92203122823672
1493329,76.25869316321321
1493330,42.319658808267434
1493343,116.05780995312733
1493346,374.9103313216044
1493357,121.88577602656463
1493366,407.1275276955275
1493367,324.4798520200988
1493370,46.541803259720176
1493372,92.62138773485769
1493378,720.517493690393
1493390,74.99493878645376
1493410,16.87645007265565
1493420,78.65826101042249
1493423,178.97685538197157
1493433,111.78361882780143
1493457,3478.049713328227
1493470,270.33295505315056
1493476,221.89085301439513
1493498,434.1054431877364
1493504,45.386651978824844
1493527,323.8886119597471
1493529,11.575702435772833
1493552,318.444199661647
1493585,115.49263510100448
1493672,5.398362201015766
1493676,38.16842759010463
1493677,89.77930527992467
1493689,140.5730488475837
1493704,38.544343226047005
1493718,34.34490251455447
1493763,389.8367588753496
1493775,50.21210217906938
1493778,64.88005173840828
1493799,203.07986241692936
1493813,14.24003428038372
1493836,553.7837910454356
1493848,88.75748083474504
1493850,453.337550538028
1493855,23.52481892524062
1493857,67.08229037843027
1493859,23.298918903452922
1493905,33.59575481690893
1493917,487.1166754123313
1493943,48.09143420064931
1493948,50.44079005475523
1493956,40.899118758245024
1493963,177.29900607734683
1493967,909.0650877195283
1494002,212.98354671370092
1494011,2767.181684957393
1494027,536.4374291341745
1494072,11.130173484843604
1494088,93.70298076196303
1494106,51.204173379146816
1494117,41.0752463292957
1494119,38.792739969405396
1494124,289.8129451623905
1494129,28.617869586140607
1494166,86.38463948441563
1494171,14.116753837489343
1494201,94.18690564204333
1494204,481.47848526074233
1494205,178.52100012827256
1494207,30.368274977326468
1494214,22.43682516658679
1494216,332.42340229169105
1494235,68.61141088043695
1494238,139.85802249145956
1494266,39.78193269751365
1494276,197.14702144971315
1494281,105.74901290008538
1494285,241.0404144712213
1494354,64.56802861818083
1494387,39.24895113603606
1494403,937.2571677567815
1494417,735.1586125444275
1494423,319.9084587906734
1494433,216.2769172213221
1494451,289.63966072024164
1494455,182.34882242687482
1494499,10.969699753620947
1494524,55.07996502344576
1494544,203.19172403764892
1494561,71.59678663586627
1494564,157.47023297912585
1494572,663.7980670920825
1494589,35.55461415522451
1494597,434.05923836017575
1494605,140.36072112767786
1494614,86.57424411734445
1494618,334.396979688771
1494631,30.62830165713143
1494636,282.37787560498987
1494638,385.65553922401887
1494672,51.42515986799805
1494678,31.858059936323844
1494681,34.63965113326824
1494714,54.489880206580075
1494723,57.70083331064495
1494734,195.08343632663372
1494739,32.192925844148164
1494749,280.5546635697912
1494779,54.668478605535846
1494813,172.59665166668046
1494822,1436.3975574972226
1494843,32.218166683219586
1494852,47.88943372705585
1494860,898.8068321458095
1494879,323.1383757897511
1494897,3.9576024182658585
1494899,733.6804590480666
1494909,151.1802842948703
1494935,283.06171330574875
1494941,118.14427758984405
1494973,345.7587606784778
1494991,46.33607152352627
1494999,115.42990796856718
1495023,40.69229989933425
1495032,120.00012628101653
1495048,134.29862859546228
1495062,546.7249415464906
1495092,276.50910284832196
1495101,154.83511234739768
1495102,146.31284568708594
1495109,69.08166745179317
1495114,276.39523075621645
1495133,362.5619921781705
1495161,23.93478855396562
1495173,14.91224700069203
1495174,338.17995911887215
1495193,176.64546330476819
1495200,77.2348375648308
1495203,91.70318888947652
1495208,0.0495934918753706
1495219,44.07648460977525
1495234,252.49689572190596
1495262,4.1312000264612125
1495277,89.21493159367826
1495288,77.25511777321887
1495290,272.0846132574694
1495295,171.82738164942867
1495302,402.80149707677066
1495316,19.757472266195155
1495323,28.87406909104485
1495339,66.68390212864101
1495342,194.56996868630668
1495360,1773.0632102130605
1495363,90.69870262127407
1495378,19.011710849038117
1495381,282.87317553429654
1495394,264.9026958687923
1495413,838.728152799587
1495417,254.20228216413227
1495418,24.10665255547954
1495420,491.85449005023304
1495432,65.80465176416915
1495438,42.54862307262966
1495441,27.806685502868206
1495450,219.11454783304146
1495457,325.8413060193452
1495463,79.30926866088262
1495479,45.23644041065697
1495511,22.621738116269313
1495516,386.8691040711125
1495520,73.9138935223937
1495580,155.43545678497344
1495646,155.066630939239
1495661,93.29987299936424
1495669,74.61377588555519
1495700,164.07697048190337
1495708,392.4202308598707
1495715,374.31964413760477
1495717,57.36469112205203
1495739,455.61571527661454
1495749,78.17247694357873
1495776,9.821781442638434
1495791,120.18605046033142
1495796,170.1562391095607
1495807,44.76652438978364
1495820,36.04005176102679
1495848,83.72326299437512
1495866,260.112888790637
1495883,252.86559684047836
1495888,114.98128928003194
1495918,31.819346981217226
1495928,445.83516580417074
1495930,727.7855209638049
1495941,138.97746304177917
1495944,294.5149586895509
1495955,164.19767643420093
1495976,588.8421926186502
1496005,56.21984668279216
1496025,54.24839338880101
1496028,268.116114708683
1496045,260.65729858889955
1496047,180.3330399453347
1496055,18.848303433546274
1496114,32.44987108254091
1496140,34.60336401653988
1496161,137.5242837296781
1496202,138.3478754426999
1496216,26.901638710279347
1496218,385.28887641046776
1496220,582.390323633547
1496234,351.1088537860667
1496261,500.6146135924835
1496308,5.697859242382686
1496330,230.10636927852988
1496357,126.3163267662964
1496382,62.17828896556964
1496385,49.62702635308563
1496426,329.104910491507
1496500,728.3481059868777
1496509,13.141765712089708
1496530,19.26459693451619
1496537,85.06235995935516
1496541,290.5085997201109
1496571,114.49366400846007
1496575,27.754334894484764
1496602,68.69430223064619
1496650,39.394866395320136
1496663,114.65562934719865
1496674,121.92534754690985
1496715,74.74396136958639
1496726,261.99503507122114
1496729,27.482266532797937
1496731,36.26322786849142
1496743,938.3861792266026
1496763,493.47428159908304
1496795,92.670099110861
1496799,68.85374817284533
1496802,12.120622594987026
1496803,54.564273977854874
1496832,96.26830265609303
1496861,164.25888350721945
1496897,26.506355447849366
1496936,45.894101061216084
1496945,25.73302637472388
1496971,530.2602936069752
1497001,66.86038255246571
1497042,191.28022662427747
1497047,314.5032228630158
1497051,113.53246089594789
1497052,302.30708071460424
1497076,26.056958816123114
1497104,31.883529538727323
1497120,31.923964481810238
1497126,43.89879102384466
1497134,194.8172014338561
1497155,176.80426583429568
1497165,157.74812504498638
1497173,250.64559977806613
1497180,435.6066678445029
1497186,272.7554697026943
1497213,160.28931772536924
1497225,131.64003588001668
1497229,1327.956174934058
1497233,58.36154714551212
1497243,179.44538482303045
1497250,49.965560575534894
1497254,189.12024731769569
1497257,109.6318962894491
1497263,390.21278597627696
1497299,483.19001463317426
1497306,131.11139342045595
1497309,202.03967431077356
1497315,339.0296215846147
1497342,279.06399294699776
1497364,41.177391930090245
1497398,22.935206675494953
1497401,241.6392850749584
1497405,216.87110891883123
1497414,204.70371712711483
1497422,239.3893028877283
1497444,364.8071247154301
1497466,350.48559631432124
1497477,217.27987998240417
1497480,161.481521282824
1497500,451.062737828978
1497528,646.9026662693377
1497563,208.11968010662866
1497568,151.92372030901984
1497570,223.10641753392272
1497576,16.545640623604044
1497593,270.151955166866
1497598,40.75491808973407
1497604,322.897447952793
1497642,146.5316862198149
1497644,415.51931367169925
1497650,8.27504311143709
1497662,4.916155358730775
1497710,71.41428925143106
1497718,102.88833815083001
1497719,874.3264662038417
1497732,222.48243802070368
1497767,70.95980685010676
1497770,301.4868280788979
1497786,179.06427409274494
1497803,109.00275861776765
1497813,443.4846976776528
1497822,97.33270364441702
1497839,372.11334763397554
1497842,276.66653599111066
1497854,20.806007838312173
1497882,125.6586990949124
1497891,591.9715998432248
1497894,88.28872340939346
1497901,130.5358775557265
1497911,16.947457044517854
1497941,741.1325373806051
1497978,169.00374992195276
1497981,56.90541606898766
1497986,84.02203463537487
1497989,279.22319574475944
1498006,128.96701968457953
1498015,25.851564223528914
1498026,85.58917884747731
1498061,117.29653212439433
1498066,51.99386539000002
1498076,66.05998180506433
1498099,110.34732404788403
1498106,386.242157982879
1498109,101.51145188325557
1498130,19.56689330850563
1498148,184.56271585841836
1498149,92.79157315450894
1498160,178.42524490041424
1498182,77.35963155708227
1498185,270.8539800378594
1498193,290.2048639195202
1498194,111.87105336104737
1498209,220.1649500891902
1498214,89.57243212925584
1498239,64.46759109676479
1498242,247.02179813873056
1498268,90.45545294176094
1498269,370.7539566771287
1498310,400.72383027908324
1498333,40.56398515302121
1498335,24.54933010260708
1498345,36.66347012419619
1498348,116.66113410234702
1498359,158.83731446134942
1498374,416.75764917361005
1498376,86.96869328576844
1498396,34.258080971496874
1498407,60.52777740645847
1498415,10.809951575820566
1498440,63.27226467026509
1498511,44.2263807119704
1498515,310.3209774672099
1498538,94.86283552118016
1498548,287.9196024275516
1498558,20.65279262383144
1498562,252.51309360997334
1498588,76.99100099046306
1498591,770.09691477541
1498604,134.62830219525526
1498639,24.062108217810895
1498669,9.139078990708414
1498709,45.062962320994465
1498748,43.28959871616497
1498754,14.835206772579236
1498763,171.8117615473017
1498800,386.93263251668816
1498811,14.445793163806837
1498844,377.1988057526229
1498846,173.2752766015651
1498862,152.20421960234225
1498867,62.291134270688374
1498872,147.63470597334967
1498881,27.319478600780815
1498885,6.199801997458001
1498918,283.6350552442231
1499021,218.26881318896486
1499035,178.32593219539004
1499049,238.90574622428727
1499053,39.640334643587536
1499073,172.83478112096478
1499074,158.71815958043163
1499088,111.03293553566895
1499092,445.6073508403354
1499105,44.59871066437486
1499109,430.9626874433905
1499126,738.5321762983042
1499149,162.15413006928955
1499150,124.72738168669393
1499162,140.0839666588703
1499174,593.0486170652206
1499206,123.00833982844166
1499218,406.17596776089886
1499223,149.48002897030912
1499239,127.43578781721499
1499298,66.71583268642792
1499341,49.27076200108869
1499372,206.57575115549668
1499374,985.3013585931088
1499384,5.4759368635118735
1499403,93.64975866346616
1499428,232.92813442568882
1499434,55.38609677038975
1499444,418.9128063808083
1499459,13.172134554435411
1499504,844.0296499620092
1499518,437.14305905874704
1499564,123.87659009259487
1499594,265.72418543095796
1499597,21.907952478933947
1499604,445.965417024724
1499610,102.79521116308625
1499625,48.641846188704
1499629,143.4013911742782
1499642,330.1983744626471
1499647,265.36114629372634
1499661,65.82231021236491
1499679,408.24818647512546
1499681,150.77869741374192
1499690,314.07562103415734
1499718,303.35794024940014
1499724,123.32196602657362
1499731,380.8215833921488
1499767,58.07791183574983
1499791,83.30614963593163
1499793,42.85534641251043
1499803,65.1978453814996
1499806,73.68421258633359
1499828,635.8564215276667
1499834,477.360944804611
1499858,186.2850225977833
1499860,39.725883515370015
1499865,105.71786543753295
1499922,28.82692689990333
1499934,387.6691558769543
1499951,404.88061890740505
1499969,334.8812633100764
1499988,149.8570187846541
1499996,331.03345220236133
